HIERARCHY
ROOT Root
{
  OFFSET 0.0 0.0 0.0
  CHANNELS 6 Xposition Yposition Zposition Zrotation Yrotation Xrotation
  JOINT Hips
  {
    OFFSET 0.0 100.0 0.0
    CHANNELS 6 Xposition Yposition Zposition Zrotation Yrotation Xrotation
    JOINT Spine1
    {
      OFFSET 5.003913 -0.037094 -0.013727
      CHANNELS 3 Zrotation Yrotation Xrotation
      JOINT Spine2
      {
        OFFSET 7.125363 -1e-06 0.0
        CHANNELS 3 Zrotation Yrotation Xrotation
        JOINT Chest
        {
          OFFSET 7.594027 1e-06 0.0
          CHANNELS 3 Zrotation Yrotation Xrotation
          JOINT Neck1
          {
            OFFSET 26.313086 -0.460272 -0.181672
            CHANNELS 3 Zrotation Yrotation Xrotation
            JOINT Neck2
            {
              OFFSET 8.045911 0.0 0.0
              CHANNELS 3 Zrotation Yrotation Xrotation
              JOINT Head
              {
                OFFSET 6.432774 0.0 0.0
                CHANNELS 3 Zrotation Yrotation Xrotation
                JOINT HeadEnd
                {
                  OFFSET 16.169773 0.06451 0.00362
                  CHANNELS 3 Zrotation Yrotation Xrotation
                }
                JOINT Jaw
                {
                  OFFSET 0.108741 3.12938 0.002639
                  CHANNELS 3 Zrotation Yrotation Xrotation
                }
                JOINT LeftEye
                {
                  OFFSET 4.45173 8.166359 3.206392
                  CHANNELS 3 Zrotation Yrotation Xrotation
                }
                JOINT RightEye
                {
                  OFFSET 4.436895 8.135758 -3.222429
                  CHANNELS 3 Zrotation Yrotation Xrotation
                }
              }
            }
          }
          JOINT LeftShoulder
          {
            OFFSET 23.218927 5.195579 1.621656
            CHANNELS 3 Zrotation Yrotation Xrotation
            JOINT LeftArm
            {
              OFFSET 15.902118 2e-06 -2e-06
              CHANNELS 3 Zrotation Yrotation Xrotation
              JOINT LeftForeArm
              {
                OFFSET 28.739307 0.0 -1e-06
                CHANNELS 3 Zrotation Yrotation Xrotation
                JOINT LeftHand
                {
                  OFFSET 27.093981 -4e-06 0.0
                  CHANNELS 3 Zrotation Yrotation Xrotation
                  JOINT LeftHandThumb1
                  {
                    OFFSET 2.276781 3.380274 0.83384
                    CHANNELS 3 Zrotation Yrotation Xrotation
                    JOINT LeftHandThumb2
                    {
                      OFFSET 4.705309 -1e-06 -1e-06
                      CHANNELS 3 Zrotation Yrotation Xrotation
                      JOINT LeftHandThumb3
                      {
                        OFFSET 2.798515 0.0 3e-06
                        CHANNELS 3 Zrotation Yrotation Xrotation
                        JOINT LeftHandThumbEnd
                        {
                          OFFSET 3.180793 4e-06 -4e-06
                          CHANNELS 3 Zrotation Yrotation Xrotation
                        }
                      }
                    }
                  }
                  JOINT LeftHandIndex1
                  {
                    OFFSET 3.247786 2.352677 0.137192
                    CHANNELS 3 Zrotation Yrotation Xrotation
                    JOINT LeftHandIndex2
                    {
                      OFFSET 6.367095 1e-06 0.0
                      CHANNELS 3 Zrotation Yrotation Xrotation
                      JOINT LeftHandIndex3
                      {
                        OFFSET 3.662364 0.0 0.0
                        CHANNELS 3 Zrotation Yrotation Xrotation
                        JOINT LeftHandIndex4
                        {
                          OFFSET 2.329242 4e-06 -4e-06
                          CHANNELS 3 Zrotation Yrotation Xrotation
                          JOINT LeftHandIndexEnd
                          {
                            OFFSET 2.767823 1e-06 0.0
                            CHANNELS 3 Zrotation Yrotation Xrotation
                          }
                        }
                      }
                    }
                  }
                  JOINT LeftHandMiddle1
                  {
                    OFFSET 3.163612 0.945023 -0.406112
                    CHANNELS 3 Zrotation Yrotation Xrotation
                    JOINT LeftHandMiddle2
                    {
                      OFFSET 6.276789 3e-06 0.0
                      CHANNELS 3 Zrotation Yrotation Xrotation
                      JOINT LeftHandMiddle3
                      {
                        OFFSET 4.35652 -1e-06 4e-06
                        CHANNELS 3 Zrotation Yrotation Xrotation
                        JOINT LeftHandMiddle4
                        {
                          OFFSET 2.996877 0.0 8e-06
                          CHANNELS 3 Zrotation Yrotation Xrotation
                          JOINT LeftHandMiddleEnd
                          {
                            OFFSET 2.323256 3e-06 -4e-06
                            CHANNELS 3 Zrotation Yrotation Xrotation
                          }
                        }
                      }
                    }
                  }
                  JOINT LeftHandRing1
                  {
                    OFFSET 2.882606 -0.309162 0.107445
                    CHANNELS 3 Zrotation Yrotation Xrotation
                    JOINT LeftHandRing2
                    {
                      OFFSET 6.033198 0.0 4e-06
                      CHANNELS 3 Zrotation Yrotation Xrotation
                      JOINT LeftHandRing3
                      {
                        OFFSET 4.350578 3e-06 0.0
                        CHANNELS 3 Zrotation Yrotation Xrotation
                        JOINT LeftHandRing4
                        {
                          OFFSET 2.651321 2e-06 -7e-06
                          CHANNELS 3 Zrotation Yrotation Xrotation
                          JOINT LeftHandRingEnd
                          {
                            OFFSET 1.937663 1e-06 -4e-06
                            CHANNELS 3 Zrotation Yrotation Xrotation
                          }
                        }
                      }
                    }
                  }
                  JOINT LeftHandPinky1
                  {
                    OFFSET 2.865315 -1.525436 0.575687
                    CHANNELS 3 Zrotation Yrotation Xrotation
                    JOINT LeftHandPinky2
                    {
                      OFFSET 5.54936 1e-06 -8e-06
                      CHANNELS 3 Zrotation Yrotation Xrotation
                      JOINT LeftHandPinky3
                      {
                        OFFSET 3.070974 0.0 -4e-06
                        CHANNELS 3 Zrotation Yrotation Xrotation
                        JOINT LeftHandPinky4
                        {
                          OFFSET 1.549672 1e-06 0.0
                          CHANNELS 3 Zrotation Yrotation Xrotation
                          JOINT LeftHandPinkyEnd
                          {
                            OFFSET 1.952123 0.0 0.0
                            CHANNELS 3 Zrotation Yrotation Xrotation
                          }
                        }
                      }
                    }
                  }
                }
              }
            }
          }
          JOINT RightShoulder
          {
            OFFSET 23.161716 5.296122 -1.380114
            CHANNELS 3 Zrotation Yrotation Xrotation
            JOINT RightArm
            {
              OFFSET -16.027195 -2e-06 1.1e-05
              CHANNELS 3 Zrotation Yrotation Xrotation
              JOINT RightForeArm
              {
                OFFSET -28.736639 4e-06 2e-06
                CHANNELS 3 Zrotation Yrotation Xrotation
                JOINT RightHand
                {
                  OFFSET -27.133619 6e-06 0.0
                  CHANNELS 3 Zrotation Yrotation Xrotation
                  JOINT RightHandThumb1
                  {
                    OFFSET -2.274328 -3.351035 -0.83067
                    CHANNELS 3 Zrotation Yrotation Xrotation
                    JOINT RightHandThumb2
                    {
                      OFFSET -4.703594 -3e-06 2e-06
                      CHANNELS 3 Zrotation Yrotation Xrotation
                      JOINT RightHandThumb3
                      {
                        OFFSET -2.794935 -4e-06 -3e-06
                        CHANNELS 3 Zrotation Yrotation Xrotation
                        JOINT RightHandThumbEnd
                        {
                          OFFSET -3.183852 4e-06 1e-06
                          CHANNELS 3 Zrotation Yrotation Xrotation
                        }
                      }
                    }
                  }
                  JOINT RightHandIndex1
                  {
                    OFFSET -3.253496 -2.33755 -0.127667
                    CHANNELS 3 Zrotation Yrotation Xrotation
                    JOINT RightHandIndex2
                    {
                      OFFSET -6.344434 0.0 0.0
                      CHANNELS 3 Zrotation Yrotation Xrotation
                      JOINT RightHandIndex3
                      {
                        OFFSET -3.654871 0.0 -8e-06
                        CHANNELS 3 Zrotation Yrotation Xrotation
                        JOINT RightHandIndex4
                        {
                          OFFSET -2.327586 -1e-06 0.0
                          CHANNELS 3 Zrotation Yrotation Xrotation
                          JOINT RightHandIndexEnd
                          {
                            OFFSET -2.770001 3e-06 8e-06
                            CHANNELS 3 Zrotation Yrotation Xrotation
                          }
                        }
                      }
                    }
                  }
                  JOINT RightHandMiddle1
                  {
                    OFFSET -3.168223 -0.944764 0.411762
                    CHANNELS 3 Zrotation Yrotation Xrotation
                    JOINT RightHandMiddle2
                    {
                      OFFSET -6.266691 -1e-06 -4e-06
                      CHANNELS 3 Zrotation Yrotation Xrotation
                      JOINT RightHandMiddle3
                      {
                        OFFSET -4.348901 0.0 0.0
                        CHANNELS 3 Zrotation Yrotation Xrotation
                        JOINT RightHandMiddle4
                        {
                          OFFSET -3.00024 2e-06 -4e-06
                          CHANNELS 3 Zrotation Yrotation Xrotation
                          JOINT RightHandMiddleEnd
                          {
                            OFFSET -2.321477 -4e-06 -4e-06
                            CHANNELS 3 Zrotation Yrotation Xrotation
                          }
                        }
                      }
                    }
                  }
                  JOINT RightHandRing1
                  {
                    OFFSET -2.885654 0.293261 -0.119232
                    CHANNELS 3 Zrotation Yrotation Xrotation
                    JOINT RightHandRing2
                    {
                      OFFSET -6.032835 -1e-06 -4e-06
                      CHANNELS 3 Zrotation Yrotation Xrotation
                      JOINT RightHandRing3
                      {
                        OFFSET -4.33881 0.0 -4e-06
                        CHANNELS 3 Zrotation Yrotation Xrotation
                        JOINT RightHandRing4
                        {
                          OFFSET -2.654903 -4e-06 -4e-06
                          CHANNELS 3 Zrotation Yrotation Xrotation
                          JOINT RightHandRingEnd
                          {
                            OFFSET -1.935122 0.0 4e-06
                            CHANNELS 3 Zrotation Yrotation Xrotation
                          }
                        }
                      }
                    }
                  }
                  JOINT RightHandPinky1
                  {
                    OFFSET -2.866241 1.503904 -0.60527
                    CHANNELS 3 Zrotation Yrotation Xrotation
                    JOINT RightHandPinky2
                    {
                      OFFSET -5.553177 -2e-06 0.0
                      CHANNELS 3 Zrotation Yrotation Xrotation
                      JOINT RightHandPinky3
                      {
                        OFFSET -3.062664 -1e-06 -4e-06
                        CHANNELS 3 Zrotation Yrotation Xrotation
                        JOINT RightHandPinky4
                        {
                          OFFSET -1.546529 2e-06 4e-06
                          CHANNELS 3 Zrotation Yrotation Xrotation
                          JOINT RightHandPinkyEnd
                          {
                            OFFSET -1.952341 0.0 -4e-06
                            CHANNELS 3 Zrotation Yrotation Xrotation
                          }
                        }
                      }
                    }
                  }
                }
              }
            }
          }
        }
      }
    }
    JOINT LeftLeg
    {
      OFFSET -8.443107 2.567604 10.043214
      CHANNELS 3 Zrotation Yrotation Xrotation
      JOINT LeftShin
      {
        OFFSET 43.229198 1e-06 -1e-06
        CHANNELS 3 Zrotation Yrotation Xrotation
        JOINT LeftFoot
        {
          OFFSET 42.298611 1e-06 1e-06
          CHANNELS 3 Zrotation Yrotation Xrotation
          JOINT LeftToeBase
          {
            OFFSET 14.165858 1e-06 0.0
            CHANNELS 3 Zrotation Yrotation Xrotation
            JOINT LeftToeEnd
            {
              OFFSET 6.7141 -0.234461 0.0
              CHANNELS 3 Zrotation Yrotation Xrotation
            }
          }
        }
      }
    }
    JOINT RightLeg
    {
      OFFSET -8.303923 2.592729 -10.047278
      CHANNELS 3 Zrotation Yrotation Xrotation
      JOINT RightShin
      {
        OFFSET -43.369682 0.0 1e-06
        CHANNELS 3 Zrotation Yrotation Xrotation
        JOINT RightFoot
        {
          OFFSET -42.260784 4e-06 2e-06
          CHANNELS 3 Zrotation Yrotation Xrotation
          JOINT RightToeBase
          {
            OFFSET -14.222245 -2e-06 -1e-06
            CHANNELS 3 Zrotation Yrotation Xrotation
            JOINT RightToeEnd
            {
              OFFSET -6.660062 0.232574 -2e-06
              CHANNELS 3 Zrotation Yrotation Xrotation
            }
          }
        }
      }
    }
  }
}
MOTION
Frames: 180
Frame Time: 0.03333333333333333
0.0 0.0 0.0 0.0 -0.0 0.0 0.0 100.245712 5.41918 90.225632 0.889279 89.921043 -3.534723 -0.577254 0.222773 -12.225451 -0.419477 0.167343 21.951862 -0.567562 -1.879367 25.442148 -2.582051 2.521468 -2.636666 -0.597453 -0.994776 -32.103683 1.504187 -2.775034 6e-06 0.0 0.0 -0.009361 0.030084 -0.034695 -0.035674 0.099224 -0.033811 -0.069298 -0.038518 -0.028896 -133.248749 -67.426926 151.020218 39.734833 -47.035 11.720602 34.143387 0.092865 0.287112 -12.712584 2.936751 1.3307 17.636848 -26.323092 52.411755 -19.467005 -14.395816 29.410839 -4e-06 -8.774997 1e-06 16.648531 -18.078341 5.915107 -0.60978 -1.795677 -3.889369 -4.807163 -11.046995 -2.937891 1.3e-05 -20.976484 3e-06 -5.020088 -25.034258 -4.031962 6e-06 1e-06 0.0 -10.634665 -5.687044 -3.565615 10.573454 -17.923254 -3.113962 7e-06 -13.8215 1e-06 -0.501773 -31.182405 -4.027118 -11.63577 -60.188877 7.516742 -13.982886 -7.150289 -2.87506 13.772949 -8.40163 -3.2183 0.347753 -34.212387 0.771668 -0.96305 -17.733868 2.621095 3e-06 1e-06 2e-06 -17.346651 -20.095484 -4.2018 21.757898 -1.638406 3.866477 4e-06 -6.338956 0.0 -1.697607 -22.59236 -6.19417 -2e-06 -3e-06 -1e-06 67.191566 -79.659607 127.129646 38.569481 -59.548759 8.585086 31.987904 -0.210296 0.127039 -1.562794 -2.687449 -5.93613 22.182388 -20.376064 49.933769 -16.702074 -16.743725 28.476883 5e-06 -12.690815 -1e-05 16.240368 -17.645859 2.563994 -0.105922 -1.513877 -4.275924 -5.039118 -5.612959 -2.953597 -1e-06 -11.020724 -1.1e-05 -6.111429 -15.895706 -3.840566 -1e-06 3e-06 -1e-06 -10.283495 -5.680364 -4.341873 11.028442 -11.302561 -2.37267 -1.384297 -14.238846 -6.320237 -0.625426 -26.924826 -3.827729 -4.288486 -49.782616 -3.851462 -13.708692 -7.363577 -3.720968 18.141407 -14.052935 -3.242726 9e-06 -18.787613 -3.4e-05 -0.429708 -8.456228 2.555543 -0.0 1e-06 -3e-06 -15.923753 -20.094749 -5.473624 30.419638 -7.190914 1.735963 3e-06 -8.163062 -1.4e-05 -1.861911 -22.861992 -6.168136 0.0 -4e-06 -1e-06 178.860733 -2.400878 -14.003669 12.066897 -0.003169 0.007407 -78.830795 5.512723 -1.335261 -4.670717 1.344211 2.120131 -1.000004 0.0 -0.0 -3.011792 -4.60002 -17.615105 13.85916 0.083578 -0.163859 -78.080048 6.193015 -2.220237 -4.418004 0.693623 1.699147 -1.000007 0.0 0.0 
0.0 0.0 0.0 0.0 -0.0 0.0 0.003278 100.280609 5.228615 90.26696 0.704371 90.012032 -3.322428 -0.60816 0.220759 -12.173781 -0.39755 0.19438 22.064871 -0.646177 -1.947063 26.169031 -2.660564 2.542295 -2.622398 -0.606591 -0.981217 -31.836926 1.480278 -2.703703 6e-06 -0.0 0.0 -0.008953 0.02729 -0.010542 -0.030222 0.088034 -0.007408 -0.064526 -0.032932 -0.006726 -133.615601 -67.527298 151.539352 40.348797 -46.517281 11.163828 34.168053 0.020569 0.229011 -12.599756 2.732565 1.055091 17.636745 -26.322969 52.411652 -19.46694 -14.395744 29.41077 1e-06 -8.774949 2e-06 16.614269 -18.047857 5.896517 -0.60978 -1.795673 -3.889359 -4.807149 -11.04696 -2.937891 -1e-06 -20.976391 -2.1e-05 -5.020052 -25.034145 -4.031993 7e-06 -0.0 0.0 -10.634624 -5.687033 -3.565614 10.573396 -17.923185 -3.113962 4e-06 -13.821442 -1.6e-05 -0.501743 -31.182253 -4.027157 -11.656357 -60.115379 7.555244 -13.982833 -7.150276 -2.875055 13.772882 -8.401593 -3.218297 0.347744 -34.212208 0.771623 -0.963038 -17.73377 2.621049 -0.0 2e-06 2e-06 -17.346584 -20.095434 -4.201803 21.757803 -1.638382 3.866461 1e-06 -6.338931 -7e-06 -1.697592 -22.592268 -6.194181 -0.0 -4e-06 -1e-06 67.789146 -79.728004 126.569374 39.115669 -59.219189 8.431514 32.18552 -0.271634 0.120568 -1.200043 -2.80854 -6.08083 22.182268 -20.375996 49.933582 -16.701952 -16.74365 28.476742 6e-06 -12.690732 -3e-06 16.278721 -17.663223 2.499728 -0.10592 -1.513867 -4.275903 -5.039089 -5.612922 -2.953579 -3e-06 -11.020644 -6e-06 -6.111387 -15.895575 -3.840528 -0.0 -2e-06 1e-06 -10.283441 -5.680333 -4.341855 11.028378 -11.302492 -2.372651 -1.384292 -14.238748 -6.320193 -0.625443 -26.924618 -3.827681 -4.287845 -49.882217 -3.894198 -13.708622 -7.363535 -3.720953 18.141293 -14.052845 -3.2427 2e-06 -18.787485 -1.6e-05 -0.429718 -8.456168 2.555532 -1e-06 2e-06 -1e-06 -15.923668 -20.094635 -5.473604 30.419468 -7.190864 1.735952 0.0 -8.163013 -6e-06 -1.861923 -22.861809 -6.168059 -0.0 -3e-06 -1e-06 178.655533 -2.307002 -13.790327 11.777374 0.01157 0.042617 -78.554543 5.366207 -1.404825 -4.630794 1.366741 2.131138 -1.000002 1e-06 0.0 -3.280518 -4.597892 -17.356916 13.736341 0.08515 -0.16307 -77.896126 5.905977 -2.252062 -4.399421 0.676553 1.696221 -1.000004 1e-06 -0.0 
0.0 0.0 0.0 0.0 -0.0 0.0 0.014293 100.297203 4.989413 90.349808 0.479345 90.069962 -3.090877 -0.666261 0.227342 -12.125466 -0.389591 0.193178 22.29796 -0.729285 -1.980348 26.986513 -2.731237 2.558729 -2.63542 -0.611899 -0.961287 -31.525158 1.448922 -2.593382 5e-06 -0.0 0.0 -0.007115 0.025479 -0.005146 -0.039248 0.078904 0.002014 -0.068072 -0.028014 -0.005354 -134.233566 -67.670624 152.328064 40.96756 -45.823868 10.627039 34.22538 -0.053427 0.163036 -12.527161 2.418708 0.416843 17.63674 -26.322931 52.411572 -19.466944 -14.395753 29.410736 2e-06 -8.774954 4e-06 16.607239 -18.078268 5.890414 -0.609779 -1.795672 -3.88936 -4.807148 -11.04696 -2.937889 4e-06 -20.976383 -2.6e-05 -5.020055 -25.034136 -4.031988 8e-06 -1e-06 -0.0 -10.634624 -5.687034 -3.565605 10.573402 -17.923185 -3.113964 4e-06 -13.821447 -2e-05 -0.501735 -31.182283 -4.027174 -11.73502 -60.054287 7.561373 -13.982837 -7.150276 -2.875051 13.772889 -8.401591 -3.218297 0.347753 -34.212196 0.771605 -0.963032 -17.733761 2.621039 0.0 -0.0 -0.0 -17.346588 -20.09543 -4.201793 21.757812 -1.638381 3.866454 1e-06 -6.338925 -8e-06 -1.697593 -22.592249 -6.194179 -0.0 -4e-06 -0.0 68.231117 -79.827667 126.128242 39.868748 -58.745113 8.276978 32.384354 -0.323878 0.096203 -0.84192 -2.839543 -6.423926 22.18228 -20.375999 49.933678 -16.702066 -16.743696 28.476856 1e-06 -12.690792 2e-06 16.311571 -17.675104 2.469376 -0.105919 -1.513875 -4.275914 -5.039104 -5.612953 -2.953592 1e-06 -11.020717 -1.9e-05 -6.111413 -15.89571 -3.840563 0.0 1e-06 -1e-06 -10.283462 -5.680353 -4.341866 11.028421 -11.302544 -2.372682 -1.384288 -14.238835 -6.320237 -0.62541 -26.924812 -3.827751 -4.289618 -49.892586 -3.949467 -13.708645 -7.363558 -3.720959 18.141363 -14.052911 -3.242739 1.5e-05 -18.787592 -5e-05 -0.42971 -8.45622 2.555532 -0.0 -3e-06 1e-06 -15.923697 -20.094702 -5.47362 30.419563 -7.190899 1.735934 3e-06 -8.163049 -2.2e-05 -1.861895 -22.861973 -6.168144 2e-06 -7e-06 -2e-06 178.252289 -2.181768 -13.529633 11.740038 0.014829 0.056159 -78.355774 5.173403 -1.403456 -4.563797 1.37292 2.139791 -1.000001 -0.0 0.0 -3.792569 -4.699174 -17.074921 13.956823 0.089684 -0.160589 -77.834778 5.592954 -2.296542 -4.321217 0.67295 1.697093 -1.000005 0.0 0.0 
0.0 0.0 0.0 0.0 -0.0 0.0 0.012743 100.305115 4.70488 90.445663 0.193597 90.084587 -2.8329 -0.735646 0.23454 -12.070283 -0.384419 0.189867 22.588446 -0.81051 -1.98283 27.825686 -2.791144 2.556738 -2.647207 -0.618192 -0.893718 -31.277777 1.436877 -2.435566 6e-06 -0.0 -0.0 -0.004312 0.024308 -0.007294 -0.045778 0.072704 0.004225 -0.068828 -0.024797 -0.012089 -135.006775 -67.834114 153.280106 41.644531 -45.008869 10.107375 34.20507 -0.115627 0.104495 -12.437695 2.089126 -0.336189 17.636816 -26.322939 52.411507 -19.466932 -14.395742 29.410692 7e-06 -8.774961 -4e-06 16.600143 -18.10041 5.895085 -0.60978 -1.795673 -3.889353 -4.807158 -11.046969 -2.937879 -1.3e-05 -20.976398 -5e-06 -5.020086 -25.034145 -4.03197 4e-06 2e-06 1e-06 -10.634643 -5.68704 -3.565603 10.573401 -17.923199 -3.113944 -4e-06 -13.821453 -1e-05 -0.50178 -31.182276 -4.027134 -11.798055 -60.018696 7.577258 -13.982859 -7.150284 -2.875046 13.772898 -8.401599 -3.218283 0.347733 -34.212242 0.771641 -0.963045 -17.733778 2.62106 0.0 -0.0 1e-06 -17.346626 -20.095455 -4.20178 21.757833 -1.638379 3.866468 -1e-06 -6.338932 -4e-06 -1.697618 -22.592264 -6.194159 -2e-06 -5e-06 -0.0 68.551773 -79.927368 125.816414 40.875977 -58.127281 8.198098 32.565491 -0.318651 0.072848 -0.482525 -2.899472 -6.74359 22.182323 -20.375898 49.933475 -16.702019 -16.743662 28.476711 8e-06 -12.690775 -1.2e-05 16.321634 -17.693895 2.468845 -0.105919 -1.513874 -4.275899 -5.039101 -5.61294 -2.953578 -0.0 -11.020671 -1.7e-05 -6.111401 -15.895615 -3.84054 -1e-06 1e-06 1e-06 -10.283468 -5.680352 -4.341851 11.02841 -11.30252 -2.372665 -1.384296 -14.238783 -6.320202 -0.625421 -26.924673 -3.827718 -4.327233 -49.868271 -3.952331 -13.708654 -7.363556 -3.720944 18.141342 -14.052877 -3.242716 1.6e-05 -18.787521 -4.8e-05 -0.4297 -8.456179 2.555514 1e-06 2e-06 0.0 -15.923714 -20.094694 -5.473592 30.419546 -7.190892 1.735961 7e-06 -8.163021 -2.7e-05 -1.861886 -22.861868 -6.168122 1e-06 -7e-06 -2e-06 177.672211 -2.072074 -13.336017 11.877465 0.011665 0.061652 -78.197395 4.958662 -1.376007 -4.525514 1.370125 2.142354 -1.000003 0.0 -0.0 -4.487664 -4.830181 -16.779955 14.343036 0.094292 -0.162012 -77.816216 5.279314 -2.320549 -4.269701 0.668249 1.697044 -1.000005 0.0 0.0 
0.0 0.0 0.0 0.0 -0.0 0.0 0.0121 100.312721 4.398771 90.534828 -0.199744 90.077591 -2.559722 -0.79038 0.250753 -12.000284 -0.38029 0.185707 22.91235 -0.893403 -1.999415 28.605726 -2.813003 2.533685 -2.652448 -0.61758 -0.775408 -31.141367 1.447662 -2.235941 6e-06 0.0 -0.0 -0.001388 0.023153 -0.003816 -0.037459 0.068642 0.01246 -0.056941 -0.023384 -0.013627 -135.896408 -68.026237 154.345734 42.433182 -44.108292 9.567795 34.053623 -0.15627 0.063715 -12.357432 1.738382 -1.099886 17.636774 -26.323061 52.411644 -19.466957 -14.395768 29.410761 -1.7e-05 -8.77495 8e-06 16.585098 -18.094814 5.915991 -0.609777 -1.795671 -3.88936 -4.807121 -11.046952 -2.937882 3.9e-05 -20.976398 8e-06 -5.020027 -25.034121 -4.031919 7e-06 0.0 -0.0 -10.63461 -5.687013 -3.565614 10.573426 -17.923214 -3.113951 2.4e-05 -13.821457 6e-06 -0.501738 -31.182276 -4.027065 -11.838658 -59.993637 7.614021 -13.982818 -7.15025 -2.87506 13.772895 -8.401623 -3.218293 0.347789 -34.212242 0.771675 -0.963032 -17.733791 2.621099 -3e-06 1e-06 2e-06 -17.346539 -20.095398 -4.201804 21.757792 -1.638424 3.866442 1.1e-05 -6.338932 2e-06 -1.697564 -22.592258 -6.194123 -1e-06 -3e-06 -4e-06 68.783722 -80.024864 125.5896 42.142673 -57.397415 8.067953 32.697868 -0.304538 0.051375 -0.136049 -2.998499 -6.882935 22.182306 -20.376122 49.933651 -16.70208 -16.743727 28.476862 -4e-05 -12.690777 1.1e-05 16.303738 -17.71212 2.485795 -0.105914 -1.51387 -4.275915 -5.039082 -5.612926 -2.953583 3.3e-05 -11.020696 -2e-06 -6.111352 -15.895632 -3.840523 -1e-06 2e-06 -1e-06 -10.283446 -5.680318 -4.341867 11.028446 -11.30256 -2.372674 -1.384246 -14.238794 -6.320206 -0.625373 -26.924759 -3.827648 -4.391244 -49.85294 -3.915473 -13.708628 -7.363515 -3.720965 18.141392 -14.052944 -3.24274 5.3e-05 -18.787569 3e-06 -0.429701 -8.456214 2.555561 1e-06 -5e-06 0.0 -15.92364 -20.094635 -5.473617 30.419559 -7.190971 1.735904 2e-05 -8.163052 1e-06 -1.861871 -22.861929 -6.168036 2e-06 -6e-06 0.0 176.912964 -1.981666 -13.176924 12.113976 0.005798 0.062145 -78.058243 4.751606 -1.332494 -4.494651 1.366822 2.141349 -1.000003 0.0 -0.0 -5.330156 -4.959237 -16.511637 14.752748 0.097087 -0.158202 -77.783257 4.986288 -2.351722 -4.230713 0.668722 1.69813 -1.000005 -0.0 -0.0 
0.0 0.0 0.0 0.0 -0.0 0.0 0.038409 100.326332 4.039965 90.623215 -0.723311 90.02446 -2.245543 -0.836277 0.266643 -11.903271 -0.376382 0.172897 23.234257 -0.972784 -2.036661 29.319696 -2.80146 2.50625 -2.658008 -0.613846 -0.596124 -31.079964 1.458195 -1.96353 6e-06 0.0 0.0 -0.001364 0.021438 0.002797 -0.024064 0.065493 0.022538 -0.042627 -0.023688 -0.010559 -136.913391 -68.286385 155.489258 43.274708 -43.222958 8.958075 33.807457 -0.185472 0.033677 -12.246955 1.379264 -1.875012 17.636713 -26.32292 52.41148 -19.466784 -14.395701 29.410604 2.6e-05 -8.77492 0.0 16.563293 -18.079317 5.930845 -0.609782 -1.795667 -3.889344 -4.807163 -11.046934 -2.937859 -6.6e-05 -20.976299 1.5e-05 -5.020129 -25.034019 -4.031946 7e-06 3e-06 -2e-06 -10.634617 -5.68704 -3.565593 10.573318 -17.923109 -3.113915 -4e-05 -13.821393 -0.0 -0.501866 -31.182102 -4.027114 -11.85525 -59.966507 7.626402 -13.982823 -7.150283 -2.875035 13.772827 -8.401538 -3.218263 0.347618 -34.21207 0.77168 -0.963087 -17.733692 2.621033 -0.0 -0.0 2e-06 -17.346603 -20.095419 -4.201757 21.757757 -1.63833 3.866466 -1.7e-05 -6.338909 1e-06 -1.697686 -22.592171 -6.194114 -0.0 -4e-06 -2e-06 68.951065 -80.165123 125.415306 43.591431 -56.582504 7.701115 32.839176 -0.336123 0.026541 0.190062 -3.097047 -6.87991 22.182245 -20.375916 49.93354 -16.701897 -16.743647 28.476692 3.3e-05 -12.690735 -5e-06 16.286367 -17.729122 2.49544 -0.105924 -1.513865 -4.275902 -5.039099 -5.612924 -2.953571 -2.3e-05 -11.02062 -1.3e-05 -6.111416 -15.895548 -3.840536 -0.0 1e-06 -2e-06 -10.28345 -5.680345 -4.341846 11.028356 -11.302446 -2.372654 -1.384323 -14.23871 -6.32019 -0.625478 -26.924498 -3.827705 -4.442045 -49.847584 -3.888036 -13.708631 -7.36355 -3.720943 18.141264 -14.052783 -3.242692 -3.2e-05 -18.787432 -2.8e-05 -0.429729 -8.456133 2.555522 1e-06 -2e-06 -1e-06 -15.923698 -20.094643 -5.473594 30.41946 -7.190802 1.735973 -1.6e-05 -8.16299 -1e-05 -1.86196 -22.861748 -6.168076 1e-06 -4e-06 -4e-06 175.975357 -1.87446 -12.994009 12.362268 0.00471 0.049477 -77.886414 4.503552 -1.273792 -4.443943 1.361377 2.138853 -1.0 0.0 -0.0 -6.346684 -5.095979 -16.211559 15.132161 0.101246 -0.145974 -77.679901 4.69891 -2.401597 -4.211008 0.671875 1.699417 -1.000003 -0.0 0.0 
0.0 0.0 0.0 0.0 -0.0 0.0 0.091243 100.342476 3.611969 90.726852 -1.367334 89.948082 -1.858693 -0.875585 0.267116 -11.761719 -0.372263 0.144581 23.533514 -1.064073 -2.077226 29.94451 -2.76804 2.47669 -2.674289 -0.606736 -0.370298 -31.113104 1.444772 -1.612235 6e-06 -0.0 0.0 -0.005808 0.018526 0.013164 -0.011349 0.061655 0.03595 -0.030115 -0.025542 -0.003339 -138.032318 -68.660408 156.726837 44.229744 -42.366665 8.246552 33.529659 -0.165073 0.010411 -12.094457 1.024837 -2.695405 17.636669 -26.322889 52.41151 -19.466848 -14.395678 29.410652 -2.1e-05 -8.774881 6e-06 16.548206 -18.049791 5.931868 -0.609776 -1.795662 -3.889351 -4.807091 -11.046874 -2.937882 5.1e-05 -20.976212 -1.6e-05 -5.019934 -25.033863 -4.031927 4e-06 -0.0 3e-06 -10.634561 -5.686986 -3.565609 10.573359 -17.923086 -3.113945 3.1e-05 -13.821336 -5e-06 -0.501688 -31.181931 -4.027061 -11.841406 -59.93922 7.607073 -13.982751 -7.150217 -2.875065 13.772805 -8.401566 -3.218278 0.347808 -34.211918 0.771643 -0.963015 -17.73361 2.621072 1e-06 -3e-06 -2e-06 -17.346445 -20.095295 -4.201824 21.75765 -1.638413 3.866433 1.3e-05 -6.338881 -1e-06 -1.697529 -22.592033 -6.194096 1e-06 -8e-06 -3e-06 69.19796 -80.384972 125.158272 45.17907 -55.734623 7.034358 33.04258 -0.376765 0.002832 0.512002 -3.181843 -6.808872 22.182163 -20.376005 49.933529 -16.70192 -16.743586 28.476704 -2.6e-05 -12.690654 7e-06 16.269316 -17.742493 2.495553 -0.105919 -1.513862 -4.275897 -5.039049 -5.612889 -2.953574 2.3e-05 -11.020593 -8e-06 -6.111289 -15.895466 -3.840518 -0.0 1e-06 1e-06 -10.283389 -5.680297 -4.341858 11.028342 -11.302467 -2.372651 -1.384244 -14.238668 -6.320169 -0.625379 -26.924456 -3.827648 -4.479171 -49.837082 -3.867265 -13.708549 -7.363486 -3.720957 18.141228 -14.052821 -3.242703 3.3e-05 -18.787392 2e-06 -0.429707 -8.456129 2.555534 3e-06 0.0 -2e-06 -15.92355 -20.094532 -5.473614 30.4193 -7.190883 1.735907 1.1e-05 -8.162976 3e-06 -1.861861 -22.861681 -6.167989 -0.0 -4e-06 -4e-06 174.858475 -1.73456 -12.777077 12.617311 0.011411 0.03664 -77.66748 4.186179 -1.213297 -4.382538 1.353564 2.136684 -1.000004 0.0 0.0 -7.555346 -5.26238 -15.887051 15.525794 0.104774 -0.131949 -77.520744 4.441439 -2.462587 -4.217931 0.674452 1.699563 -1.000004 -1e-06 -0.0 
0.0 0.0 0.0 0.0 -0.0 0.0 0.171733 100.357964 3.119687 90.856949 -2.118646 89.865036 -1.392505 -0.909718 0.258911 -11.571243 -0.375995 0.117794 23.839418 -1.159859 -2.111764 30.457829 -2.696904 2.44145 -2.692032 -0.589867 -0.137546 -31.256868 1.376893 -1.195763 4e-06 0.0 -0.0 -0.011453 0.014565 0.018386 -0.001606 0.056389 0.042901 -0.020548 -0.028085 -0.000122 -139.288971 -69.183655 158.128052 45.333313 -41.519703 7.309347 33.307499 -0.12389 0.001116 -11.886423 0.737374 -3.614535 17.63674 -26.322964 52.411579 -19.466879 -14.395732 29.410702 4e-06 -8.774937 5e-06 16.530823 -18.010778 5.91983 -0.60978 -1.795668 -3.889354 -4.807144 -11.046938 -2.937874 -1e-05 -20.976336 -1e-06 -5.020067 -25.034063 -4.031956 4e-06 1e-06 2e-06 -10.634615 -5.687025 -3.565603 10.573376 -17.923151 -3.113943 -7e-06 -13.821415 -3e-06 -0.501784 -31.182167 -4.027109 -11.797216 -59.903267 7.521518 -13.982821 -7.150265 -2.87505 13.772863 -8.401575 -3.218284 0.347712 -34.212143 0.771665 -0.963056 -17.733732 2.621062 -3e-06 1e-06 -0.0 -17.346571 -20.095404 -4.20179 21.757774 -1.638377 3.866459 -3e-06 -6.338919 -2e-06 -1.697618 -22.592218 -6.194139 2e-06 -5e-06 -0.0 69.574913 -80.681007 124.783897 46.896732 -54.831509 6.032122 33.27969 -0.409035 -0.028885 0.875313 -3.243041 -6.764793 22.182243 -20.375952 49.933525 -16.701942 -16.743597 28.47669 1e-06 -12.690693 -8e-06 16.261982 -17.753876 2.495738 -0.105922 -1.513868 -4.275895 -5.039076 -5.612916 -2.953574 3e-06 -11.020627 -1.1e-05 -6.11135 -15.895542 -3.840536 1e-06 2e-06 -0.0 -10.283427 -5.680326 -4.341858 11.02836 -11.302478 -2.372654 -1.384275 -14.238714 -6.320186 -0.625405 -26.92453 -3.827685 -4.521516 -49.850842 -3.836423 -13.7086 -7.363525 -3.720951 18.14126 -14.052833 -3.242703 1.8e-05 -18.787439 -2.6e-05 -0.429707 -8.456143 2.555526 3e-06 1e-06 -3e-06 -15.923634 -20.094614 -5.473609 30.419386 -7.190866 1.735947 6e-06 -8.162992 -9e-06 -1.861876 -22.861746 -6.168058 2e-06 -5e-06 -1e-06 173.587326 -1.543252 -12.520157 12.856768 0.01918 0.020609 -77.394043 3.762542 -1.155162 -4.31554 1.349425 2.136325 -1.000004 0.0 0.0 -8.945075 -5.471989 -15.535105 15.951586 0.10664 -0.119853 -77.319801 4.187644 -2.502722 -4.251366 0.675815 1.698463 -1.000005 -1e-06 0.0 
0.0 0.0 0.0 0.0 -0.0 0.0 0.266874 100.363647 2.583201 91.016037 -2.970492 89.793808 -0.861101 -0.953072 0.253229 -11.352941 -0.38494 0.095577 24.180807 -1.248326 -2.152481 30.846088 -2.605623 2.435781 -2.696619 -0.565318 0.074455 -31.508499 1.259784 -0.799109 6e-06 0.0 0.0 -0.013914 0.009875 0.024135 0.020241 0.049989 0.049714 -0.000613 -0.030913 0.004143 -140.731918 -69.830376 159.713318 46.540051 -40.666729 6.14244 33.184166 -0.110017 -0.009032 -11.617302 0.571408 -4.57737 17.636646 -26.322821 52.411423 -19.466713 -14.395679 29.410557 3.3e-05 -8.774899 2e-06 16.500872 -17.987925 5.919045 -0.609784 -1.795661 -3.889344 -4.807161 -11.046896 -2.937853 -7.7e-05 -20.976202 4e-06 -5.02012 -25.033899 -4.031966 5e-06 3e-06 -1e-06 -10.634598 -5.687025 -3.565587 10.573284 -17.923027 -3.113913 -4.7e-05 -13.821328 -7e-06 -0.501877 -31.181934 -4.027121 -11.801637 -59.862217 7.463178 -13.982799 -7.150269 -2.875034 13.772792 -8.401495 -3.218257 0.347602 -34.211884 0.771668 -0.963094 -17.733589 2.62102 -0.0 -2e-06 -1e-06 -17.346571 -20.095364 -4.20176 21.75771 -1.638312 3.866456 -2.1e-05 -6.338877 -1e-06 -1.697691 -22.592043 -6.1941 0.0 1e-06 -2e-06 69.846443 -81.032555 124.517288 48.651615 -53.842728 4.680646 33.50042 -0.442585 -0.073976 1.297393 -3.276923 -6.95503 22.182226 -20.375938 49.93354 -16.70187 -16.743612 28.476681 3.7e-05 -12.69071 -7e-06 16.262417 -17.755777 2.485499 -0.105927 -1.513864 -4.2759 -5.039093 -5.612927 -2.95357 -2.9e-05 -11.02063 -0.0 -6.111412 -15.895568 -3.840528 1e-06 -0.0 1e-06 -10.283438 -5.680348 -4.341855 11.028334 -11.302456 -2.37264 -1.384327 -14.238735 -6.320187 -0.625507 -26.924562 -3.827699 -4.533402 -49.851688 -3.842911 -13.708615 -7.363554 -3.720948 18.14123 -14.052791 -3.242682 -4.3e-05 -18.787457 -2e-05 -0.429734 -8.456152 2.555524 1e-06 2e-06 2e-06 -15.923686 -20.094646 -5.473588 30.419399 -7.190797 1.735976 -1.8e-05 -8.163002 -8e-06 -1.861962 -22.86179 -6.16807 0.0 -2e-06 -1e-06 172.145325 -1.312214 -12.235318 13.150597 0.022482 -0.00732 -77.1082 3.298717 -1.085916 -4.255254 1.348913 2.137747 -0.999999 -0.0 0.0 -10.582891 -5.783226 -15.135118 16.475012 0.104459 -0.104534 -77.044136 3.920718 -2.590473 -4.283794 0.675754 1.698273 -1.000009 -1e-06 -0.0 
0.0 0.0 0.0 0.0 -0.0 0.0 0.37055 100.362106 2.034489 91.183617 -3.870276 89.724037 -0.294634 -0.997419 0.237668 -11.119653 -0.397076 0.081645 24.560503 -1.32249 -2.183022 31.122431 -2.531125 2.430225 -2.687223 -0.541076 0.281505 -31.851297 1.140132 -0.453897 5e-06 -0.0 -0.0 -0.015063 0.005274 0.032452 0.049474 0.041505 0.057646 0.02524 -0.031446 0.012464 -142.297226 -70.565575 161.401352 47.795715 -39.83741 4.803961 33.168125 -0.140327 -0.01987 -11.296543 0.520917 -5.392145 17.636768 -26.32296 52.411636 -19.466997 -14.39577 29.410769 -1.6e-05 -8.774958 5e-06 16.479916 -17.991898 5.930225 -0.609777 -1.795677 -3.889362 -4.807132 -11.046956 -2.937896 4.8e-05 -20.976379 -3.2e-05 -5.019995 -25.03409 -4.031979 6e-06 1e-06 -2e-06 -10.634632 -5.687027 -3.565612 10.573442 -17.923206 -3.113978 3e-05 -13.82144 -2.1e-05 -0.501685 -31.182215 -4.027137 -11.822482 -59.844402 7.442019 -13.982843 -7.150267 -2.875056 13.772916 -8.401619 -3.218304 0.347828 -34.212208 0.771601 -0.963005 -17.733759 2.621068 1e-06 -1e-06 -0.0 -17.346579 -20.095428 -4.201812 21.757824 -1.638418 3.866452 1.2e-05 -6.338923 -1e-05 -1.697547 -22.592228 -6.194166 -1e-06 -4e-06 -3e-06 69.902954 -81.413139 124.4571 50.429993 -52.779594 3.09183 33.553246 -0.458145 -0.11055 1.706303 -3.25308 -7.345122 22.182333 -20.376114 49.933865 -16.702187 -16.743797 28.477022 -2.8e-05 -12.690845 1.7e-05 16.267778 -17.769394 2.483114 -0.105915 -1.513878 -4.275937 -5.039108 -5.612959 -2.953599 2.2e-05 -11.020745 -2.1e-05 -6.111391 -15.89573 -3.840572 1e-06 3e-06 -1e-06 -10.283487 -5.680357 -4.341878 11.028483 -11.302594 -2.372705 -1.384258 -14.238873 -6.320257 -0.625362 -26.924906 -3.827737 -4.568839 -49.885777 -3.82112 -13.708681 -7.363563 -3.720974 18.141462 -14.052983 -3.24278 4.6e-05 -18.787647 -3.1e-05 -0.429706 -8.45625 2.555558 -0.0 1e-06 -1e-06 -15.923722 -20.094744 -5.473644 30.419695 -7.190964 1.735898 1.5e-05 -8.163081 -1.4e-05 -1.861869 -22.862051 -6.168132 1e-06 -5e-06 -2e-06 170.643112 -1.074658 -12.026443 13.443067 0.022732 -0.041113 -76.811073 2.911289 -0.965131 -4.229616 1.35377 2.138757 -1.000005 0.0 0.0 -12.168943 -5.98281 -14.729513 17.000977 0.099722 -0.08966 -76.923439 3.609156 -2.600768 -4.319718 0.682172 1.700138 -1.000005 -0.0 0.0 
0.0 0.0 0.0 0.0 -0.0 0.0 0.479686 100.352158 1.471171 91.343422 -4.806129 89.657196 0.31679 -1.038017 0.219101 -10.85829 -0.41197 0.074254 24.997152 -1.392342 -2.191812 31.307999 -2.459456 2.431041 -2.666771 -0.528462 0.46043 -32.249409 1.029324 -0.172996 5e-06 0.0 -0.0 -0.017578 0.001006 0.041185 0.08152 0.029848 0.065425 0.054296 -0.028219 0.021713 -144.021393 -71.393425 163.198883 49.086048 -38.980892 3.400183 33.271076 -0.202006 -0.015033 -10.890326 0.469609 -6.042835 17.636711 -26.322939 52.411606 -19.466871 -14.395732 29.410706 1.6e-05 -8.774942 4e-06 16.480209 -18.01585 5.9358 -0.609782 -1.79567 -3.889357 -4.807159 -11.046951 -2.937876 -3.2e-05 -20.976351 -9e-06 -5.020094 -25.034101 -4.031978 4e-06 0.0 -3e-06 -10.634624 -5.687038 -3.565604 10.573359 -17.923141 -3.113945 -2.1e-05 -13.821421 -1.5e-05 -0.501806 -31.182188 -4.027156 -11.815392 -59.850658 7.425972 -13.982834 -7.150281 -2.875048 13.772861 -8.401561 -3.218282 0.34767 -34.212135 0.771646 -0.963072 -17.733728 2.621037 -0.0 0.0 1e-06 -17.3466 -20.095428 -4.201788 21.75779 -1.63835 3.86646 -1.2e-05 -6.338916 -7e-06 -1.697642 -22.592222 -6.194157 -0.0 -2e-06 -2e-06 69.732887 -81.842476 124.626419 52.326374 -51.612556 1.117943 33.330124 -0.488133 -0.136142 2.068179 -3.240763 -7.871094 22.18222 -20.375992 49.933578 -16.701948 -16.743652 28.476746 -2e-06 -12.690717 3e-06 16.273016 -17.796183 2.489234 -0.10592 -1.513865 -4.275907 -5.039079 -5.612915 -2.953576 2e-06 -11.020624 -1e-05 -6.11136 -15.895537 -3.840533 -0.0 2e-06 0.0 -10.28343 -5.680326 -4.341857 11.028372 -11.302474 -2.37266 -1.384278 -14.238709 -6.320192 -0.625415 -26.924524 -3.827679 -4.611517 -49.919872 -3.780665 -13.708606 -7.363524 -3.720954 18.141289 -14.052831 -3.242718 5e-06 -18.787449 -1.3e-05 -0.429717 -8.456152 2.555534 0.0 1e-06 0.0 -15.923642 -20.09461 -5.473608 30.419439 -7.190859 1.735929 3e-06 -8.162999 -3e-06 -1.861903 -22.861765 -6.168046 1e-06 -3e-06 -1e-06 169.076584 -0.854477 -11.874688 13.766234 0.024318 -0.069309 -76.517349 2.563601 -0.798345 -4.220512 1.369198 2.14078 -1.000003 0.0 -0.0 -13.855764 -6.225156 -14.315668 17.506105 0.091852 -0.07267 -76.692505 3.288973 -2.629027 -4.35834 0.692252 1.702047 -1.000004 -0.0 0.0 
0.0 0.0 0.0 0.0 -0.0 0.0 0.573444 100.329399 0.917879 91.481339 -5.736977 89.582184 0.981822 -1.074187 0.200917 -10.560129 -0.432474 0.07846 25.463673 -1.468556 -2.171847 31.448418 -2.375103 2.449759 -2.645722 -0.509234 0.608807 -32.668377 0.923874 0.086093 4e-06 -0.0 -0.0 -0.02029 -0.003973 0.05152 0.111691 0.01524 0.073277 0.082188 -0.023483 0.034012 -146.019104 -72.297791 165.195251 50.284081 -38.072838 2.133276 33.509998 -0.256916 0.00876 -10.359549 0.386098 -6.648742 17.636673 -26.322899 52.411484 -19.466803 -14.395701 29.410618 -4e-06 -8.774894 5e-06 16.475988 -18.05582 5.941503 -0.609778 -1.795662 -3.889346 -4.807114 -11.046879 -2.937871 1e-05 -20.976208 3e-06 -5.020008 -25.033869 -4.031919 2e-06 -0.0 2e-06 -10.634579 -5.686997 -3.565603 10.573343 -17.923063 -3.113933 1e-06 -13.821331 5e-06 -0.501769 -31.181911 -4.027065 -11.799013 -59.864567 7.406683 -13.982773 -7.15023 -2.875051 13.77281 -8.401543 -3.218277 0.347737 -34.211891 0.771675 -0.963049 -17.733597 2.62107 -1e-06 1e-06 -1e-06 -17.346504 -20.095314 -4.201792 21.757689 -1.638384 3.866437 1e-06 -6.338876 3e-06 -1.697588 -22.59202 -6.194081 -4e-06 -3e-06 -0.0 69.069031 -82.327423 125.27697 54.305679 -50.321579 -1.120486 32.774551 -0.543986 -0.138322 2.357718 -3.309066 -8.470832 22.182259 -20.376015 49.933598 -16.701975 -16.743673 28.476763 -5e-06 -12.690745 -2e-06 16.269552 -17.824081 2.498836 -0.105918 -1.513866 -4.275906 -5.039086 -5.612917 -2.953576 5e-06 -11.020638 -6e-06 -6.111374 -15.895551 -3.840528 -1e-06 1e-06 1e-06 -10.283441 -5.680328 -4.341862 11.028393 -11.302496 -2.372659 -1.384281 -14.238737 -6.320194 -0.625423 -26.924589 -3.82767 -4.646376 -49.932201 -3.746039 -13.708621 -7.363527 -3.720953 18.141315 -14.052853 -3.242714 6e-06 -18.787479 -8e-06 -0.429715 -8.456166 2.555542 -0.0 2e-06 -1e-06 -15.923659 -20.094624 -5.473605 30.419481 -7.190878 1.735939 5e-06 -8.163011 -6e-06 -1.861911 -22.861792 -6.168047 2e-06 -6e-06 -2e-06 167.484436 -0.684226 -11.747317 14.169321 0.028179 -0.093538 -76.272453 2.246503 -0.632843 -4.245834 1.390143 2.142124 -1.000005 0.0 0.0 -15.531437 -6.421005 -13.870164 18.00491 0.087277 -0.06427 -76.46624 2.944588 -2.648126 -4.414286 0.701576 1.702802 -1.000006 1e-06 0.0 
0.0 0.0 0.0 0.0 -0.0 0.0 0.634503 100.278107 0.383348 91.581688 -6.630953 89.481964 1.714634 -1.113406 0.18677 -10.229105 -0.454079 0.092386 25.948975 -1.549479 -2.129386 31.552349 -2.279667 2.486841 -2.636129 -0.486156 0.737849 -33.089802 0.860834 0.322021 5e-06 -0.0 0.0 -0.02514 -0.007825 0.057343 0.131588 0.000106 0.075881 0.1025 -0.016059 0.042678 -148.368668 -73.243607 167.466324 51.327961 -37.051048 1.05764 33.852348 -0.300295 0.028939 -9.729964 0.251551 -7.17262 17.636789 -26.322916 52.41151 -19.466913 -14.395736 29.410683 1e-05 -8.774956 -3e-06 16.472631 -18.107355 5.963158 -0.609781 -1.795674 -3.889354 -4.807159 -11.04696 -2.937878 -1.6e-05 -20.976377 -1.7e-05 -5.020081 -25.034124 -4.031986 4e-06 3e-06 -0.0 -10.634635 -5.687037 -3.565603 10.57339 -17.923172 -3.11395 -9e-06 -13.821434 -1.2e-05 -0.501778 -31.182219 -4.027151 -11.797245 -59.91996 7.432957 -13.982849 -7.150283 -2.875046 13.772888 -8.401586 -3.218281 0.347723 -34.212189 0.771628 -0.963044 -17.733757 2.621044 0.0 0.0 2e-06 -17.346615 -20.095446 -4.201778 21.757822 -1.638369 3.866468 -5e-06 -6.338923 -7e-06 -1.69763 -22.592234 -6.194162 -1e-06 -5e-06 -2e-06 67.72435 -82.904083 126.609482 56.309708 -48.863338 -3.532711 31.936682 -0.611758 -0.115065 2.587361 -3.46343 -9.169769 22.182291 -20.375956 49.933487 -16.701942 -16.743643 28.476681 1.4e-05 -12.690735 -1.1e-05 16.258308 -17.850065 2.512131 -0.105921 -1.513868 -4.275897 -5.039092 -5.612927 -2.95357 -9e-06 -11.020647 -4e-06 -6.111394 -15.895582 -3.840516 -0.0 1e-06 1e-06 -10.283449 -5.680339 -4.341847 11.028378 -11.302489 -2.372651 -1.384305 -14.238743 -6.320178 -0.62547 -26.924595 -3.827676 -4.667222 -49.914177 -3.715778 -13.708632 -7.363544 -3.720944 18.141293 -14.052845 -3.242699 -1e-05 -18.787485 -1.7e-05 -0.429719 -8.456166 2.555526 1e-06 -0.0 -3e-06 -15.92369 -20.094648 -5.473584 30.41947 -7.190857 1.735967 -2e-06 -8.163013 -1.3e-05 -1.86192 -22.861822 -6.168072 1e-06 -6e-06 -3e-06 165.820282 -0.612875 -11.634203 14.836315 0.033507 -0.107398 -76.178169 1.933242 -0.497963 -4.297558 1.408728 2.142196 -1.000005 0.0 -0.0 -17.212616 -6.54625 -13.374479 18.609415 0.081359 -0.063862 -76.311142 2.577274 -2.628811 -4.478473 0.706423 1.701398 -1.000008 0.0 0.0 
0.0 0.0 0.0 0.0 -0.0 0.0 0.659287 100.184341 -0.149181 91.657692 -7.48229 89.342842 2.513421 -1.161172 0.183668 -9.862162 -0.485962 0.110615 26.468008 -1.65022 -2.073435 31.582504 -2.177456 2.521291 -2.631489 -0.475734 0.892476 -33.490379 0.832708 0.533215 7e-06 0.0 0.0 -0.033256 -0.010017 0.058321 0.140318 -0.012719 0.073661 0.115933 -0.00785 0.046793 -151.303726 -74.19413 170.233505 52.161358 -35.827118 0.177635 34.22044 -0.348583 0.040321 -9.032159 0.045807 -7.7012 17.636799 -26.323036 52.41177 -19.466965 -14.395771 29.410818 9e-06 -8.774971 2e-06 16.479219 -18.165058 5.984919 -0.609784 -1.795677 -3.889369 -4.807165 -11.046983 -2.937895 -1.9e-05 -20.976425 -1e-05 -5.02009 -25.034185 -4.031998 6e-06 -1e-06 -1e-06 -10.634651 -5.687047 -3.565621 10.57341 -17.923214 -3.113961 -9e-06 -13.821467 -9e-06 -0.501785 -31.182314 -4.027158 -11.80357 -59.993526 7.478887 -13.982872 -7.150295 -2.875063 13.772913 -8.401605 -3.218297 0.347712 -34.212292 0.771642 -0.963062 -17.73381 2.621057 -2e-06 -1e-06 1e-06 -17.346636 -20.095484 -4.201814 21.757858 -1.638376 3.866475 -5e-06 -6.338938 -4e-06 -1.697629 -22.592299 -6.194179 -1e-06 -3e-06 -2e-06 65.484123 -83.59063 128.837067 58.302326 -47.193642 -6.081575 30.907986 -0.70211 -0.088648 2.767398 -3.71064 -9.889935 22.182308 -20.376074 49.933784 -16.702105 -16.743738 28.476936 -1.2e-05 -12.6908 1.1e-05 16.220402 -17.853409 2.531278 -0.105916 -1.513874 -4.275926 -5.039103 -5.61295 -2.953592 1e-05 -11.020712 -1.7e-05 -6.111391 -15.895684 -3.840562 1e-06 0.0 -2e-06 -10.283471 -5.680352 -4.341875 11.028443 -11.302559 -2.372688 -1.38427 -14.238832 -6.320241 -0.625393 -26.92481 -3.827731 -4.671194 -49.850498 -3.695666 -13.708662 -7.363557 -3.720965 18.141403 -14.052932 -3.242754 2.5e-05 -18.787588 -2.9e-05 -0.42971 -8.456218 2.555544 -0.0 2e-06 1e-06 -15.923701 -20.094711 -5.473632 30.419615 -7.19093 1.735915 1e-05 -8.163054 -1.3e-05 -1.861883 -22.861963 -6.168108 3e-06 -3e-06 0.0 164.038528 -0.642624 -11.550547 15.855063 0.040087 -0.112968 -76.271278 1.63856 -0.394635 -4.359729 1.428045 2.143638 -1.000004 1e-06 -0.0 -18.963676 -6.620756 -12.834658 19.43577 0.071744 -0.060643 -76.272392 2.174161 -2.564151 -4.539574 0.70249 1.698261 -1.000003 0.0 -0.0 
0.0 0.0 0.0 0.0 -0.0 0.0 0.653172 100.02494 -0.69177 91.719215 -8.316611 89.150833 3.377661 -1.217546 0.180319 -9.45975 -0.527981 0.144501 27.005817 -1.776032 -2.020317 31.476845 -2.08095 2.525395 -2.615905 -0.492915 1.086719 -33.875938 0.822643 0.741149 6e-06 -0.0 0.0 -0.041566 -0.013184 0.06272 0.146347 -0.025388 0.075682 0.127282 -0.001823 0.053838 -155.008972 -75.103447 173.672501 52.793385 -34.381378 -0.698234 34.502125 -0.395944 0.038116 -8.37055 -0.085823 -8.315955 17.636631 -26.322836 52.411423 -19.466827 -14.395698 29.410606 -7e-06 -8.774894 9e-06 16.489731 -18.237526 6.002034 -0.609776 -1.795663 -3.889348 -4.807107 -11.046874 -2.937868 1.7e-05 -20.976187 -1.5e-05 -5.019989 -25.033836 -4.031928 8e-06 3e-06 -2e-06 -10.63457 -5.686996 -3.565599 10.573344 -17.923059 -3.113942 1e-05 -13.821325 -7e-06 -0.50174 -31.181908 -4.027081 -11.822446 -60.026577 7.520859 -13.98276 -7.150229 -2.875046 13.772809 -8.401543 -3.218285 0.347758 -34.211876 0.771638 -0.963029 -17.733583 2.621048 -2e-06 0.0 -1e-06 -17.346481 -20.095306 -4.201789 21.757671 -1.638383 3.866425 3e-06 -6.338871 -3e-06 -1.69757 -22.592007 -6.194095 -0.0 -2e-06 -2e-06 62.291401 -84.381271 131.939865 60.161808 -45.357445 -8.680929 29.949488 -0.797135 -0.075737 2.915536 -3.990573 -10.493488 22.182138 -20.375925 49.933376 -16.701891 -16.743584 28.476618 -1.4e-05 -12.690645 1e-05 16.177048 -17.834099 2.54408 -0.105917 -1.513859 -4.27589 -5.03905 -5.612889 -2.953561 1.2e-05 -11.020578 -4e-06 -6.111306 -15.895452 -3.840495 -1e-06 4e-06 2e-06 -10.283388 -5.680298 -4.341838 11.02833 -11.302445 -2.372646 -1.384257 -14.238652 -6.32015 -0.625406 -26.924404 -3.827632 -4.646064 -49.775608 -3.697456 -13.708549 -7.363489 -3.720938 18.141214 -14.052794 -3.242699 2.3e-05 -18.787365 -8e-06 -0.429707 -8.456104 2.555523 -1e-06 1e-06 -0.0 -15.923569 -20.094528 -5.473582 30.4193 -7.190852 1.73591 7e-06 -8.162964 -4e-06 -1.861877 -22.861639 -6.167995 2e-06 -2e-06 -0.0 162.030731 -0.784618 -11.51024 17.376165 0.052943 -0.12551 -76.61425 1.423639 -0.319956 -4.40219 1.445463 2.145134 -1.000003 1e-06 -0.0 -20.897703 -6.675413 -12.28796 20.637369 0.061089 -0.051659 -76.412544 1.784506 -2.47582 -4.546545 0.701734 1.698437 -1.000006 0.0 -0.0 
0.0 0.0 0.0 0.0 -0.0 0.0 0.628614 99.785484 -1.250164 91.751854 -9.162534 88.891266 4.304354 -1.259689 0.172564 -9.02171 -0.574341 0.200259 27.568827 -1.923712 -1.995291 31.187399 -2.033298 2.518211 -2.589176 -0.523226 1.284829 -34.245975 0.830289 0.931231 6e-06 -0.0 -0.0 -0.04879 -0.022897 0.079826 0.154954 -0.044294 0.092118 0.140027 -0.00267 0.07184 -159.647827 -75.898682 177.974869 53.252682 -32.697395 -1.857394 34.581226 -0.410033 0.02374 -7.789148 -0.020589 -9.144688 17.636684 -26.323004 52.411636 -19.466814 -14.395689 29.410686 2e-06 -8.774896 3e-06 16.488573 -18.299492 6.034241 -0.60978 -1.795663 -3.889352 -4.807118 -11.046906 -2.937877 -7e-06 -20.976278 1.1e-05 -5.020031 -25.033972 -4.031923 6e-06 1e-06 -1e-06 -10.63458 -5.687006 -3.565612 10.573336 -17.923109 -3.113924 -7e-06 -13.821374 8e-06 -0.501786 -31.18206 -4.02708 -11.847196 -60.050571 7.567076 -13.982771 -7.150243 -2.875064 13.772808 -8.401562 -3.218271 0.3477 -34.212048 0.77169 -0.963069 -17.733688 2.621068 0.0 1e-06 1e-06 -17.346491 -20.095346 -4.20181 21.757681 -1.638378 3.86645 -1e-06 -6.338901 2e-06 -1.6976 -22.592131 -6.194104 -1e-06 -4e-06 -4e-06 57.662003 -85.272087 136.386505 61.767868 -43.348701 -11.306013 29.310204 -0.857725 -0.067544 3.081836 -4.215546 -11.194586 22.182213 -20.376032 49.933601 -16.70188 -16.74362 28.476707 1e-05 -12.690688 3e-06 16.162605 -17.814484 2.533515 -0.105923 -1.51386 -4.275901 -5.039074 -5.612904 -2.953573 -7e-06 -11.0206 0.0 -6.111359 -15.895496 -3.84052 -0.0 0.0 0.0 -10.283419 -5.680316 -4.341855 11.028341 -11.30245 -2.372644 -1.384288 -14.238684 -6.320172 -0.625457 -26.924461 -3.827651 -4.58087 -49.729546 -3.738878 -13.708588 -7.363516 -3.720957 18.141237 -14.052791 -3.242688 -1.8e-05 -18.787405 4e-06 -0.429731 -8.456126 2.555536 1e-06 1e-06 1e-06 -15.923623 -20.09458 -5.473607 30.419371 -7.190835 1.735948 -5e-06 -8.162988 2e-06 -1.861932 -22.861719 -6.168015 0.0 2e-06 1e-06 159.746735 -1.057623 -11.519445 19.431131 0.067132 -0.142334 -77.21624 1.26601 -0.295373 -4.442988 1.461581 2.147875 -1.000003 1e-06 0.0 -23.057875 -6.698458 -11.7634 22.224585 0.05293 -0.029437 -76.726418 1.47963 -2.363871 -4.511185 0.704314 1.701419 -1.000003 -0.0 0.0 
0.0 0.0 0.0 0.0 -0.0 0.0 0.602078 99.463173 -1.834979 91.785133 -10.080187 88.541397 5.266114 -1.303321 0.164464 -8.555008 -0.625919 0.280578 28.188999 -2.110037 -2.000682 30.679752 -2.031873 2.518086 -2.562781 -0.546713 1.446997 -34.515594 0.853167 1.082368 7e-06 0.0 0.0 -0.05687 -0.037389 0.10258 0.155567 -0.069969 0.114323 0.144584 -0.006143 0.09474 -165.398453 -76.557365 -176.73053 53.500664 -30.80987 -3.484855 34.492519 -0.414151 0.012446 -7.243527 0.241879 -10.449847 17.636887 -26.323133 52.411953 -19.467157 -14.395877 29.41099 -7e-06 -8.775041 3e-06 16.46524 -18.317268 6.061013 -0.609782 -1.795691 -3.889386 -4.807184 -11.047054 -2.937909 2.3e-05 -20.976597 -3.3e-05 -5.020088 -25.034407 -4.032031 6e-06 -2e-06 -0.0 -10.634706 -5.687075 -3.565629 10.573518 -17.923347 -3.114009 1.4e-05 -13.821569 -2.1e-05 -0.50172 -31.182598 -4.027203 -11.823009 -60.087093 7.569948 -13.982944 -7.150325 -2.875068 13.773023 -8.401676 -3.218333 0.347795 -34.212566 0.771608 -0.963024 -17.733946 2.62108 -2e-06 1e-06 1e-06 -17.34672 -20.095589 -4.201825 21.758007 -1.638412 3.866481 6e-06 -6.338984 -1e-05 -1.697593 -22.592489 -6.194241 -3e-06 -2e-06 -4e-06 49.311604 -86.209145 144.477448 63.018959 -41.040714 -13.903649 29.029203 -0.900526 -0.053726 3.289372 -4.306053 -12.138102 22.182457 -20.376123 49.933975 -16.702248 -16.743828 28.477083 -1.4e-05 -12.690904 3e-06 16.171436 -17.790552 2.508468 -0.105918 -1.513888 -4.275942 -5.039137 -5.612987 -2.953612 1.5e-05 -11.020789 -2.8e-05 -6.111434 -15.895816 -3.840611 0.0 3e-06 -1e-06 -10.283537 -5.680387 -4.341892 11.028525 -11.30263 -2.372711 -1.384278 -14.238934 -6.320296 -0.625362 -26.92502 -3.827792 -4.508745 -49.700714 -3.777265 -13.708747 -7.363603 -3.720978 18.141537 -14.053029 -3.242785 4.3e-05 -18.787727 -5.6e-05 -0.429699 -8.456281 2.555552 3e-06 -1e-06 1e-06 -15.923809 -20.094839 -5.473657 30.419823 -7.190985 1.735935 1.9e-05 -8.163114 -2.7e-05 -1.86187 -22.862156 -6.168207 -1e-06 -4e-06 2e-06 157.18811 -1.420001 -11.586306 21.867804 0.082277 -0.153532 -77.990517 1.114229 -0.332622 -4.505631 1.480151 2.152078 -1.000005 0.0 0.0 -25.499645 -6.718526 -11.274816 24.148027 0.054092 -0.009359 -77.16951 1.325536 -2.221312 -4.473076 0.706873 1.704432 -1.000004 -1e-06 0.0 
0.0 0.0 0.0 0.0 -0.0 0.0 0.582254 99.05423 -2.436419 91.81134 -11.104277 88.119621 6.229125 -1.344712 0.160402 -8.066388 -0.688193 0.37627 28.847368 -2.330322 -2.015166 29.977585 -2.050938 2.528777 -2.552905 -0.562734 1.554181 -34.5396 0.891764 1.192508 5e-06 0.0 0.0 -0.065333 -0.049548 0.115995 0.135207 -0.092631 0.124491 0.129741 -0.007786 0.110579 -172.243866 -77.073242 -170.481522 53.556324 -28.764317 -5.524923 34.279236 -0.407328 0.007507 -6.786241 0.641723 -12.295193 17.636663 -26.3228 52.41132 -19.466665 -14.395645 29.410458 1.4e-05 -8.774865 -4e-06 16.404167 -18.281874 6.100678 -0.609781 -1.795654 -3.889334 -4.807119 -11.046833 -2.937853 -2.7e-05 -20.976084 1.6e-05 -5.020029 -25.033689 -4.031905 5e-06 1e-06 2e-06 -10.634566 -5.686991 -3.565588 10.573284 -17.922976 -3.113897 -1.9e-05 -13.821254 8e-06 -0.501827 -31.181692 -4.027045 -11.789966 -60.144966 7.584341 -13.982756 -7.150224 -2.875042 13.77276 -8.401489 -3.218241 0.347672 -34.211689 0.77169 -0.963066 -17.733479 2.621042 -2e-06 -0.0 0.0 -17.346495 -20.095268 -4.201771 21.757637 -1.638349 3.866444 -8e-06 -6.338848 5e-06 -1.697635 -22.591887 -6.194046 -2e-06 -2e-06 -1e-06 32.70446 -87.070091 160.739105 63.866169 -38.43272 -16.482771 28.943026 -0.946502 -0.035621 3.520224 -4.221402 -13.451669 22.182198 -20.375931 49.933514 -16.70188 -16.743614 28.47666 1e-05 -12.690694 -6e-06 16.173105 -17.746374 2.498628 -0.105921 -1.513861 -4.275894 -5.039076 -5.612901 -2.953572 -7e-06 -11.020581 -9e-06 -6.111362 -15.895469 -3.840526 2e-06 3e-06 -1e-06 -10.283422 -5.68032 -4.34185 11.02834 -11.302432 -2.372645 -1.384292 -14.238664 -6.320174 -0.625434 -26.924402 -3.827674 -4.472826 -49.667858 -3.755901 -13.708591 -7.363517 -3.720943 18.141237 -14.052768 -3.242692 -7e-06 -18.787367 -1.5e-05 -0.429715 -8.456109 2.555522 1e-06 -1e-06 -2e-06 -15.923632 -20.094572 -5.473597 30.419374 -7.190816 1.735951 -3e-06 -8.162967 -7e-06 -1.861927 -22.861654 -6.168027 -1e-06 -1e-06 0.0 154.358963 -1.872895 -11.686049 24.60692 0.101297 -0.157843 -78.896873 0.936777 -0.43184 -4.588017 1.495749 2.155866 -0.999999 1e-06 0.0 -28.21929 -6.714284 -10.806949 26.337797 0.060729 -8.5e-05 -77.708824 1.28619 -2.041067 -4.453141 0.706752 1.706634 -1.000004 0.0 0.0 
0.0 0.0 0.0 0.0 -0.0 0.0 0.566685 98.564011 -3.041045 91.826584 -12.260465 87.66626 7.167668 -1.384312 0.161141 -7.558295 -0.767108 0.475201 29.514956 -2.561387 -2.040565 29.108969 -2.033853 2.560749 -2.538421 -0.564231 1.597762 -34.315044 0.894539 1.283771 5e-06 -0.0 -0.0 -0.07205 -0.053807 0.114151 0.10021 -0.103197 0.114998 0.097217 -0.005564 0.116079 179.829269 -77.4002 -163.29245 53.441837 -26.545786 -7.95712 33.891838 -0.434093 -0.012666 -6.410678 1.218818 -14.701815 17.636625 -26.322857 52.411427 -19.46682 -14.395684 29.410604 -1.1e-05 -8.774879 1.1e-05 16.301586 -18.211697 6.166753 -0.609774 -1.795661 -3.889349 -4.807098 -11.046872 -2.937871 2.6e-05 -20.9762 -1.6e-05 -5.019976 -25.033861 -4.031925 7e-06 1e-06 -0.0 -10.634558 -5.686986 -3.565597 10.573344 -17.923059 -3.113945 1.5e-05 -13.821318 -7e-06 -0.501724 -31.181887 -4.027078 -11.807004 -60.187538 7.665802 -13.982746 -7.150218 -2.87505 13.772799 -8.401549 -3.21828 0.347775 -34.211872 0.771641 -0.963026 -17.733582 2.621053 3e-06 -1e-06 -0.0 -17.346455 -20.095287 -4.201795 21.757654 -1.638393 3.86642 6e-06 -6.338874 -3e-06 -1.69756 -22.592014 -6.194092 -1e-06 -3e-06 -4e-06 2.15703 -87.503227 -169.161865 64.306343 -35.561119 -18.916599 28.88084 -0.961293 -0.013586 3.720837 -3.966927 -15.174169 22.182106 -20.375959 49.933517 -16.701996 -16.743616 28.476757 -4.1e-05 -12.690668 2.1e-05 16.146759 -17.683908 2.509478 -0.105914 -1.513864 -4.275901 -5.039044 -5.612893 -2.953578 3.3e-05 -11.020595 -2.4e-05 -6.111272 -15.895473 -3.840533 1e-06 0.0 -2e-06 -10.283381 -5.680296 -4.341853 11.028358 -11.302471 -2.372679 -1.384222 -14.238667 -6.320185 -0.625319 -26.924448 -3.827678 -4.454737 -49.663773 -3.69907 -13.708542 -7.363483 -3.720949 18.141254 -14.052833 -3.242743 6.1e-05 -18.787384 -2.5e-05 -0.429698 -8.456117 2.555524 1e-06 1e-06 3e-06 -15.923531 -20.094532 -5.473619 30.419331 -7.190897 1.735861 2.2e-05 -8.162972 -9e-06 -1.86182 -22.861666 -6.168015 1e-06 -3e-06 -1e-06 151.297577 -2.424153 -11.867738 27.526094 0.125365 -0.163583 -79.872505 0.874974 -0.516156 -4.72172 1.50294 2.156833 -1.000004 1e-06 0.0 -31.18244 -6.672873 -10.378315 28.699352 0.065712 -0.002507 -78.235825 1.331959 -1.855787 -4.46653 0.70353 1.707381 -1.000005 -0.0 -0.0 
0.0 0.0 0.0 0.0 -0.0 0.0 0.54127 98.0019 -3.639971 91.821564 -13.518852 87.220329 8.079743 -1.427488 0.164594 -7.038229 -0.852764 0.552402 30.186039 -2.794232 -2.061972 28.135227 -1.904323 2.573806 -2.529026 -0.574069 1.618473 -33.884403 0.836239 1.364891 7e-06 0.0 -0.0 -0.077407 -0.048384 0.097011 0.060867 -0.101233 0.090839 0.058595 0.003461 0.105939 171.14328 -77.564369 -155.464417 53.273922 -24.208658 -10.775661 33.249298 -0.476954 -0.042137 -6.089533 1.960536 -17.517105 17.636744 -26.323002 52.411789 -19.467066 -14.395844 29.410891 -1e-05 -8.774995 1.3e-05 16.196808 -18.158598 6.236742 -0.609777 -1.795679 -3.889374 -4.807152 -11.046978 -2.9379 3.9e-05 -20.976419 -3.9e-05 -5.020035 -25.034163 -4.032005 4e-06 1e-06 -0.0 -10.634653 -5.68704 -3.565613 10.573475 -17.923233 -3.114006 2.1e-05 -13.821465 -2.2e-05 -0.501708 -31.182301 -4.027167 -11.784355 -60.190456 7.726453 -13.982875 -7.150281 -2.875056 13.77296 -8.401628 -3.218333 0.347811 -34.212273 0.771598 -0.963018 -17.733801 2.621065 0.0 1e-06 0.0 -17.346622 -20.095469 -4.201817 21.757904 -1.638412 3.866444 7e-06 -6.338938 -1.2e-05 -1.697577 -22.592289 -6.194197 -2e-06 -6e-06 -1e-06 -31.47459 -87.055298 -136.096176 64.460831 -32.446739 -21.288824 28.648577 -0.959717 -0.007373 3.847379 -3.695118 -17.148291 22.182285 -20.376154 49.93401 -16.702253 -16.743872 28.477158 -3e-05 -12.69088 4.4e-05 16.112051 -17.62797 2.548566 -0.105911 -1.513883 -4.275947 -5.039114 -5.612969 -2.953608 2.1e-05 -11.02076 -2.8e-05 -6.111406 -15.895764 -3.840589 0.0 0.0 -1e-06 -10.283498 -5.680367 -4.341884 11.028511 -11.302608 -2.372731 -1.384253 -14.2389 -6.320289 -0.625344 -26.924967 -3.827778 -4.467439 -49.703247 -3.576467 -13.7087 -7.363576 -3.720974 18.141518 -14.052997 -3.242822 4.5e-05 -18.78768 -4.1e-05 -0.429711 -8.456264 2.555559 1e-06 -0.0 2e-06 -15.923738 -20.094774 -5.473654 30.419777 -7.190964 1.735855 1.2e-05 -8.163094 -1.5e-05 -1.861881 -22.862083 -6.168154 -2e-06 1e-06 -0.0 148.087814 -3.068281 -12.085483 30.521124 0.147874 -0.161929 -80.866203 0.924545 -0.567559 -4.886442 1.513884 2.155397 -1.000002 0.0 0.0 -34.294582 -6.597744 -10.073451 31.144928 0.069171 -0.003924 -78.860672 1.431265 -1.649961 -4.515465 0.700975 1.70768 -1.000005 0.0 -0.0 
0.0 0.0 0.0 0.0 -0.0 0.0 0.505066 97.363838 -4.217408 91.802933 -14.846107 86.835823 8.981001 -1.475722 0.181421 -6.524797 -0.942718 0.602451 30.82056 -3.006093 -2.086185 27.126617 -1.642723 2.578329 -2.528942 -0.599869 1.614233 -33.259731 0.7275 1.405433 5e-06 -0.0 0.0 -0.083424 -0.040922 0.077965 0.017673 -0.092521 0.066322 0.014507 0.009918 0.092061 162.018234 -77.608658 -147.277008 53.154613 -21.812712 -13.874056 32.293633 -0.530479 -0.075845 -5.827678 2.817238 -20.578163 17.636663 -26.322815 52.41153 -19.466965 -14.395749 29.410748 3e-06 -8.774947 1e-05 16.095669 -18.125742 6.29939 -0.609778 -1.795675 -3.889359 -4.807145 -11.046944 -2.937893 1.2e-05 -20.976339 -5.7e-05 -5.02002 -25.034081 -4.032024 5e-06 1e-06 2e-06 -10.634615 -5.687031 -3.565599 10.573398 -17.923145 -3.113992 1e-05 -13.821404 -3.9e-05 -0.501702 -31.182146 -4.02721 -11.752941 -60.152466 7.781316 -13.982823 -7.150271 -2.875044 13.772882 -8.401577 -3.218314 0.347782 -34.212109 0.771551 -0.963009 -17.733715 2.621011 2e-06 -1e-06 -0.0 -17.346571 -20.095413 -4.201804 21.757805 -1.638375 3.866442 -1e-06 -6.338911 -1.6e-05 -1.697587 -22.592194 -6.194201 0.0 -4e-06 -1e-06 -52.629993 -85.864922 -115.61956 64.271217 -29.207232 -23.719604 28.273628 -0.970262 -0.017933 3.886207 -3.399596 -19.331944 22.182203 -20.375942 49.933662 -16.702085 -16.743677 28.476871 -1.8e-05 -12.690754 1.4e-05 16.081709 -17.572407 2.597568 -0.105916 -1.513875 -4.275913 -5.039083 -5.612936 -2.953591 1.4e-05 -11.020673 -3.2e-05 -6.11135 -15.895632 -3.840574 1e-06 1e-06 -1e-06 -10.283438 -5.680341 -4.341866 11.028408 -11.30252 -2.372695 -1.384257 -14.23878 -6.32024 -0.625349 -26.924688 -3.827764 -4.476539 -49.751095 -3.442446 -13.708616 -7.36354 -3.720959 18.141344 -14.052891 -3.242766 4.6e-05 -18.787518 -5.7e-05 -0.429698 -8.456177 2.555521 2e-06 -4e-06 0.0 -15.923642 -20.09466 -5.473635 30.4195 -7.1909 1.735904 1.4e-05 -8.163021 -2.2e-05 -1.861852 -22.861851 -6.168125 1e-06 -4e-06 0.0 144.774292 -3.751555 -12.229997 33.571037 0.172868 -0.154174 -81.87458 1.038916 -0.646183 -5.025526 1.533803 2.15523 -1.000003 0.0 0.0 -37.509193 -6.538214 -9.923368 33.698349 0.072285 0.001198 -79.617332 1.588512 -1.435024 -4.559196 0.694437 1.7066 -1.000005 1e-06 0.0 
0.0 0.0 0.0 0.0 -0.0 0.0 0.461233 96.661797 -4.754571 91.774864 -16.204037 86.516029 9.857262 -1.527117 0.204089 -6.029913 -1.030371 0.627881 31.392872 -3.169326 -2.094298 26.07579 -1.320399 2.578646 -2.529042 -0.621925 1.577879 -32.437477 0.602465 1.422473 6e-06 0.0 -0.0 -0.087946 -0.031296 0.060105 -0.024117 -0.078192 0.04416 -0.03114 0.015344 0.078181 152.886444 -77.47699 -139.136948 53.056759 -19.351902 -16.905468 31.112499 -0.582251 -0.112623 -5.702157 3.723196 -23.664268 17.636711 -26.322874 52.411247 -19.466705 -14.395671 29.410446 6e-06 -8.774879 -3e-06 15.97531 -18.096823 6.36686 -0.609778 -1.795656 -3.889331 -4.807118 -11.046864 -2.937839 -2e-05 -20.976175 4.1e-05 -5.020068 -25.033825 -4.031868 7e-06 1e-06 -1e-06 -10.634571 -5.686987 -3.565581 10.573312 -17.92304 -3.113889 -1.3e-05 -13.821316 1.9e-05 -0.501847 -31.181877 -4.026999 -11.743826 -60.063072 7.833642 -13.982762 -7.150219 -2.875031 13.772791 -8.401525 -3.218242 0.34768 -34.211853 0.771721 -0.963069 -17.733582 2.621065 -1e-06 1e-06 -2e-06 -17.346497 -20.095278 -4.20175 21.757668 -1.638375 3.866443 -4e-06 -6.338873 1.1e-05 -1.69764 -22.591991 -6.194023 -0.0 -1e-06 -1e-06 -64.113304 -84.278854 -104.90876 63.652233 -25.986792 -26.38533 27.885828 -0.995563 -0.029487 3.87068 -3.0244 -21.847799 22.182253 -20.376028 49.933552 -16.701908 -16.74361 28.476702 1e-05 -12.6907 -7e-06 16.076763 -17.519943 2.636795 -0.105921 -1.513863 -4.275897 -5.039076 -5.612916 -2.953576 -7e-06 -11.020639 4e-06 -6.111368 -15.895565 -3.840516 -0.0 1e-06 -1e-06 -10.283421 -5.680323 -4.341859 11.028347 -11.30248 -2.372636 -1.384291 -14.238725 -6.320177 -0.625459 -26.924578 -3.827662 -4.48092 -49.838409 -3.327225 -13.708592 -7.363521 -3.720954 18.141243 -14.052836 -3.242684 -9e-06 -18.78747 -2e-06 -0.429726 -8.456164 2.555536 2e-06 -0.0 0.0 -15.923625 -20.094606 -5.473598 30.419371 -7.190855 1.735959 -2e-06 -8.163011 -2e-06 -1.861924 -22.861795 -6.168036 1e-06 -6e-06 -0.0 141.44043 -4.442863 -12.292275 36.609428 0.199474 -0.140386 -82.880135 1.215007 -0.731647 -5.151654 1.549172 2.155574 -1.0 0.0 -0.0 -40.746189 -6.501934 -9.878291 36.304688 0.078641 0.014905 -80.349037 1.782784 -1.223465 -4.598291 0.692836 1.70647 -1.000006 -0.0 -0.0 
0.0 0.0 0.0 0.0 -0.0 0.0 0.41796 95.898354 -5.241988 91.719002 -17.581985 86.272095 10.698324 -1.56814 0.222463 -5.549434 -1.105782 0.638809 31.905945 -3.2631 -2.065133 24.947472 -0.993489 2.579734 -2.536286 -0.642534 1.504521 -31.464186 0.487669 1.410058 7e-06 0.0 -0.0 -0.09181 -0.016818 0.040293 -0.06638 -0.057776 0.019853 -0.079403 0.024543 0.062869 144.006454 -77.20089 -131.252426 52.953854 -16.841526 -19.827423 29.904453 -0.626923 -0.139947 -5.715658 4.652569 -26.576628 17.63685 -26.322977 52.411716 -19.46689 -14.395797 29.410757 2.8e-05 -8.774999 -9e-06 15.851752 -18.071692 6.43294 -0.609787 -1.795671 -3.889363 -4.8072 -11.046964 -2.93788 -5.2e-05 -20.976362 -6e-06 -5.020145 -25.034117 -4.032032 7e-06 1e-06 -1e-06 -10.634688 -5.687054 -3.565609 10.573402 -17.923153 -3.113943 -3.3e-05 -13.821432 -1e-05 -0.50184 -31.182215 -4.027189 -11.783068 -59.952293 7.900097 -13.982916 -7.150305 -2.875052 13.772933 -8.401561 -3.218279 0.347652 -34.212189 0.771652 -0.963077 -17.733757 2.621042 1e-06 1e-06 -1e-06 -17.34672 -20.095478 -4.201792 21.757921 -1.638347 3.866504 -1.6e-05 -6.338926 -6e-06 -1.697687 -22.592255 -6.194195 -0.0 -3e-06 -2e-06 -70.998611 -82.499039 -98.848038 62.607002 -22.820288 -29.249527 27.61437 -0.979576 -0.03512 3.813581 -2.490559 -24.589558 22.18243 -20.376089 49.933868 -16.702036 -16.743765 28.476908 3.2e-05 -12.690859 -1.8e-05 16.100115 -17.481613 2.659004 -0.105926 -1.513873 -4.275924 -5.039141 -5.612965 -2.953596 -2.4e-05 -11.020721 -5e-06 -6.111486 -15.895725 -3.840584 -1e-06 1e-06 -1e-06 -10.283517 -5.680377 -4.341879 11.028443 -11.302537 -2.372662 -1.384334 -14.238846 -6.32025 -0.625483 -26.924824 -3.827749 -4.50593 -49.976002 -3.217084 -13.708722 -7.363594 -3.720971 18.141418 -14.052901 -3.242708 -3e-05 -18.787619 -2.1e-05 -0.429729 -8.456235 2.555552 -0.0 1e-06 -0.0 -15.923811 -20.094765 -5.473628 30.419699 -7.190872 1.736005 -1e-05 -8.163068 -7e-06 -1.861975 -22.862013 -6.168145 1e-06 -7e-06 -3e-06 138.094818 -5.124052 -12.226166 39.64159 0.226475 -0.123369 -83.892952 1.379312 -0.798153 -5.25315 1.553664 2.153915 -1.000002 1e-06 -0.0 -43.977776 -6.480186 -9.902163 38.946419 0.088095 0.026389 -81.127213 1.98017 -1.036632 -4.646286 0.699934 1.707047 -1.000003 -0.0 -0.0 
0.0 0.0 0.0 0.0 -0.0 0.0 0.378299 95.085472 -5.673644 91.622162 -18.9624 86.086494 11.499153 -1.587356 0.238812 -5.082805 -1.154929 0.636587 32.347157 -3.291359 -1.982846 23.726198 -0.711943 2.602071 -2.559577 -0.651919 1.389673 -30.471287 0.358691 1.379606 8e-06 -0.0 0.0 -0.097758 -0.000962 0.022038 -0.106371 -0.03656 -0.001017 -0.126315 0.035709 0.047531 135.627426 -76.835739 -123.868149 52.780701 -14.3714 -22.702305 28.920418 -0.678597 -0.153871 -5.774315 5.649122 -29.358507 17.636694 -26.322882 52.411491 -19.466801 -14.3957 29.410604 2e-06 -8.774904 2e-06 15.714563 -18.055861 6.49011 -0.609779 -1.795663 -3.889349 -4.807127 -11.046883 -2.937868 1e-06 -20.976202 -6e-06 -5.020026 -25.033857 -4.031944 7e-06 1e-06 0.0 -10.634594 -5.687004 -3.565601 10.573346 -17.923058 -3.11393 -3e-06 -13.821321 -3e-06 -0.501778 -31.18189 -4.027084 -11.789208 -59.825909 7.913597 -13.982792 -7.150239 -2.87505 13.772824 -8.40154 -3.218272 0.347729 -34.211891 0.771654 -0.963043 -17.733591 2.621047 -0.0 -2e-06 -3e-06 -17.346529 -20.095329 -4.201796 21.757719 -1.638375 3.866448 -2e-06 -6.338878 1e-06 -1.69761 -22.592026 -6.194097 -1e-06 1e-06 -3e-06 -75.565956 -80.620384 -95.12027 61.162308 -19.685253 -32.108799 27.535589 -0.921725 -0.03544 3.701544 -1.809591 -27.3137 22.18224 -20.37608 49.933697 -16.701981 -16.743664 28.476833 -5e-06 -12.690732 8e-06 16.155674 -17.473507 2.651958 -0.10592 -1.513866 -4.275911 -5.039082 -5.612926 -2.953586 4e-06 -11.020669 -3e-06 -6.111368 -15.895615 -3.840539 -1e-06 -0.0 1e-06 -10.283432 -5.680328 -4.341868 11.028384 -11.30251 -2.372659 -1.384276 -14.238766 -6.320206 -0.625428 -26.924679 -3.827681 -4.570598 -50.13522 -3.106426 -13.708603 -7.363528 -3.720968 18.1413 -14.052874 -3.242715 4e-06 -18.787527 -2e-06 -0.429726 -8.456193 2.555549 -2e-06 -2e-06 2e-06 -15.923635 -20.094631 -5.47362 30.419447 -7.190886 1.735929 1e-06 -8.163033 -1e-06 -1.861912 -22.861885 -6.168056 1e-06 -7e-06 -3e-06 134.773315 -5.793519 -12.035883 42.641102 0.248123 -0.110662 -84.908058 1.509927 -0.868576 -5.345956 1.545344 2.148822 -1.000003 0.0 -0.0 -47.159313 -6.445231 -9.960347 41.573124 0.09716 0.026108 -81.931511 2.160589 -0.85804 -4.702878 0.716435 1.708388 -1.000007 0.0 0.0 
0.0 0.0 0.0 0.0 -0.0 0.0 0.338447 94.232529 -6.037093 91.49514 -20.286634 85.944885 12.278382 -1.591985 0.251753 -4.628942 -1.171458 0.6259 32.71965 -3.27032 -1.848259 22.371439 -0.493955 2.638722 -2.592817 -0.640564 1.257825 -29.51623 0.235919 1.332677 4e-06 0.0 0.0 -0.107413 0.007136 0.012922 -0.144665 -0.02317 -0.012489 -0.167709 0.038888 0.040991 127.893822 -76.392105 -117.115959 52.462757 -11.944537 -25.347565 28.277229 -0.7 -0.161455 -5.809585 6.678849 -31.924551 17.636688 -26.323034 52.412022 -19.467062 -14.395826 29.411007 -9e-06 -8.774978 1.9e-05 15.59579 -18.040405 6.521324 -0.609781 -1.795678 -3.889384 -4.807148 -11.046974 -2.93792 3.6e-05 -20.97641 -6e-05 -5.020002 -25.034163 -4.032043 6e-06 2e-06 1e-06 -10.634645 -5.687045 -3.565635 10.573447 -17.923212 -3.114019 2.1e-05 -13.821461 -2.8e-05 -0.501672 -31.182289 -4.027207 -11.751786 -59.719727 7.896317 -13.982862 -7.150288 -2.875079 13.772929 -8.401611 -3.218339 0.347801 -34.212242 0.771582 -0.963025 -17.73378 2.621061 -0.0 2e-06 -0.0 -17.346609 -20.095474 -4.201858 21.75786 -1.638396 3.866449 4e-06 -6.338934 -9e-06 -1.697557 -22.592276 -6.194229 -2e-06 -3e-06 -1e-06 -79.094048 -78.714355 -92.451645 59.372063 -16.648138 -34.853233 27.658045 -0.833919 -0.035911 3.492602 -0.942453 -29.7644 22.182215 -20.37606 49.933895 -16.702097 -16.743771 28.476992 -7e-06 -12.690799 2.9e-05 16.222887 -17.47983 2.626724 -0.105914 -1.513872 -4.275932 -5.0391 -5.61294 -2.953597 5e-06 -11.020678 -2.7e-05 -6.111384 -15.895637 -3.840575 1e-06 2e-06 1e-06 -10.283463 -5.680349 -4.341879 11.028434 -11.30252 -2.372705 -1.384269 -14.23879 -6.320249 -0.625373 -26.924696 -3.827759 -4.666111 -50.265491 -2.993443 -13.708652 -7.363554 -3.720971 18.141386 -14.052881 -3.242777 1.6e-05 -18.787527 -3.8e-05 -0.429718 -8.45618 2.555536 -1e-06 1e-06 1e-06 -15.923692 -20.09469 -5.473649 30.419594 -7.190884 1.735885 -3e-06 -8.163025 -1.1e-05 -1.861906 -22.861858 -6.168105 0.0 -4e-06 -4e-06 131.559616 -6.430717 -11.728984 45.588909 0.266737 -0.10506 -85.934669 1.557771 -0.989057 -5.456865 1.531866 2.142758 -1.000004 0.0 -0.0 -50.258106 -6.418751 -10.05195 44.257694 0.103302 0.024999 -82.715858 2.365825 -0.651648 -4.800642 0.730578 1.70592 -1.000005 1e-06 0.0 
0.0 0.0 0.0 0.0 -0.0 0.0 0.289857 93.345001 -6.326051 91.363579 -21.533941 85.818726 13.055786 -1.593459 0.269904 -4.190377 -1.172128 0.607056 33.003059 -3.23038 -1.700557 20.889351 -0.290365 2.684981 -2.623635 -0.618725 1.159251 -28.580875 0.10968 1.294567 5e-06 0.0 -0.0 -0.117864 0.018482 0.003009 -0.179605 -0.00369 -0.025206 -0.201273 0.042373 0.033967 120.826035 -75.868866 -111.038605 51.900448 -9.584603 -27.555204 28.008913 -0.641267 -0.176094 -5.802056 7.725932 -34.290997 17.636787 -26.322769 52.411335 -19.466871 -14.395736 29.410589 1e-05 -8.774953 -7e-06 15.51658 -18.020374 6.512827 -0.609778 -1.795669 -3.889344 -4.807158 -11.046917 -2.937873 -6e-06 -20.976265 -2.7e-05 -5.02006 -25.03396 -4.031996 7e-06 -3e-06 0.0 -10.634638 -5.687025 -3.565589 10.573387 -17.9231 -3.113948 -3e-06 -13.821368 -2e-05 -0.501767 -31.18202 -4.027155 -11.664878 -59.646248 7.843339 -13.982854 -7.150266 -2.875033 13.77289 -8.401553 -3.218275 0.347746 -34.211998 0.771601 -0.963023 -17.733648 2.621025 1e-06 0.0 -1e-06 -17.346621 -20.095388 -4.201773 21.757826 -1.638369 3.866467 -3e-06 -6.338895 -9e-06 -1.697626 -22.592112 -6.194152 -0.0 -3e-06 -3e-06 -82.255486 -76.853775 -90.180244 57.379444 -13.756706 -37.33828 27.827627 -0.720929 -0.035672 3.232774 -0.033546 -31.78894 22.182331 -20.375835 49.933464 -16.702009 -16.743689 28.476704 1.5e-05 -12.690792 -1.4e-05 16.274412 -17.495199 2.601128 -0.105921 -1.513873 -4.275899 -5.039112 -5.612934 -2.953577 -7e-06 -11.020648 -2.6e-05 -6.111419 -15.895596 -3.840565 2e-06 -2e-06 -0.0 -10.283481 -5.680348 -4.341847 11.028421 -11.302488 -2.37267 -1.38431 -14.238754 -6.320212 -0.625414 -26.924603 -3.827743 -4.783956 -50.321503 -2.882319 -13.708673 -7.363554 -3.720939 18.141367 -14.052839 -3.242723 1.8e-05 -18.787476 -5.8e-05 -0.4297 -8.456155 2.555512 -1e-06 3e-06 2e-06 -15.923744 -20.094667 -5.473596 30.419594 -7.190871 1.735974 7e-06 -8.163005 -2.6e-05 -1.8619 -22.861794 -6.16813 -0.0 -3e-06 -2e-06 128.481033 -7.043197 -11.375689 48.501091 0.280189 -0.090641 -86.961632 1.55188 -1.155847 -5.538134 1.520869 2.140393 -1.000006 0.0 0.0 -53.241531 -6.387034 -10.109978 46.968853 0.109487 0.015628 -83.507004 2.552027 -0.453358 -4.899279 0.73249 1.699368 -1.000006 -1e-06 0.0 
0.0 0.0 0.0 0.0 -0.0 0.0 0.225437 92.406265 -6.545133 91.202774 -22.694878 85.682091 13.844072 -1.584144 0.299847 -3.75823 -1.166975 0.588537 33.202717 -3.187484 -1.552037 19.283434 -0.089811 2.709171 -2.644001 -0.583942 1.099512 -27.676113 -0.026116 1.298129 4e-06 -0.0 -0.0 -0.122234 0.0389 -0.01126 -0.210379 0.027407 -0.043073 -0.225486 0.05187 0.022925 114.424751 -75.216644 -105.603584 51.027878 -7.2205 -29.247663 27.978167 -0.498647 -0.185784 -5.836411 8.776852 -36.562435 17.636799 -26.323206 52.412159 -19.46699 -14.395803 29.411007 6e-06 -8.774989 1e-06 15.492278 -18.00802 6.49346 -0.609789 -1.795676 -3.889386 -4.807168 -11.046988 -2.937914 -1.3e-05 -20.976446 -9e-06 -5.020079 -25.034227 -4.032033 5e-06 1e-06 -1e-06 -10.634663 -5.687049 -3.56565 10.573428 -17.923227 -3.113966 -1.1e-05 -13.821485 0.0 -0.501782 -31.182352 -4.027167 -11.576031 -59.635181 7.803508 -13.982882 -7.1503 -2.875095 13.772929 -8.401611 -3.218304 0.347703 -34.212341 0.771678 -0.963082 -17.733841 2.621095 -1e-06 4e-06 1e-06 -17.346642 -20.095495 -4.201861 21.757881 -1.638384 3.866496 -6e-06 -6.338947 3e-06 -1.697624 -22.592337 -6.194211 -1e-06 -1e-06 -2e-06 -85.351959 -75.110802 -88.010292 55.325447 -11.010238 -39.560352 27.874872 -0.611581 -0.035995 2.964492 0.823509 -33.533699 22.182295 -20.376228 49.933941 -16.702042 -16.74378 28.476988 -7e-06 -12.690811 1.6e-05 16.293146 -17.511894 2.576182 -0.105921 -1.513867 -4.275931 -5.039102 -5.612937 -2.953594 6e-06 -11.020694 3e-06 -6.111411 -15.895645 -3.840552 2e-06 -1e-06 -1e-06 -10.283465 -5.680337 -4.341885 11.028435 -11.302536 -2.372672 -1.384279 -14.238787 -6.32023 -0.625433 -26.924723 -3.827679 -4.892796 -50.325066 -2.790385 -13.708654 -7.363542 -3.720979 18.14139 -14.052903 -3.242734 -5e-06 -18.787577 2.1e-05 -0.429734 -8.456219 2.555574 -0.0 -3e-06 2e-06 -15.923692 -20.094671 -5.473643 30.419598 -7.190905 1.735918 -6e-06 -8.163055 1.1e-05 -1.861954 -22.86194 -6.168046 -0.0 -5e-06 -3e-06 125.489937 -7.705608 -11.001798 51.501297 0.289775 -0.065219 -87.990112 1.578231 -1.317962 -5.607347 1.504456 2.138717 -1.000001 -0.0 0.0 -56.125774 -6.288574 -10.107611 49.744183 0.111513 0.00267 -84.321411 2.668633 -0.282015 -5.002283 0.730708 1.69366 -1.000004 -1e-06 -0.0 
0.0 0.0 0.0 0.0 -0.0 0.0 0.153971 91.426224 -6.70218 91.021179 -23.766331 85.521637 14.625534 -1.572367 0.331238 -3.329733 -1.162319 0.578671 33.328484 -3.158712 -1.412835 17.574909 0.102446 2.707402 -2.647983 -0.55445 1.057539 -26.82662 -0.127926 1.343848 4e-06 -0.0 -0.0 -0.120057 0.051957 -0.018433 -0.236286 0.052726 -0.054991 -0.244685 0.051909 0.020356 108.874397 -74.397346 -101.001656 49.864559 -4.890369 -30.662416 27.947868 -0.358288 -0.188508 -5.938895 9.888628 -38.897907 17.636805 -26.32292 52.411732 -19.466856 -14.395819 29.410734 2e-05 -8.774985 -5e-06 15.487842 -18.009281 6.472878 -0.609786 -1.795665 -3.889362 -4.807186 -11.046909 -2.93788 -2.6e-05 -20.976242 -1.1e-05 -5.020108 -25.033939 -4.032018 5e-06 6e-06 1e-06 -10.634677 -5.687029 -3.56561 10.57341 -17.923073 -3.113945 -1.7e-05 -13.821347 -6e-06 -0.501822 -31.181963 -4.027141 -11.570795 -59.632263 7.822779 -13.982904 -7.150273 -2.875054 13.77293 -8.401531 -3.218286 0.347687 -34.211956 0.77166 -0.963065 -17.733629 2.621056 0.0 1e-06 1e-06 -17.346691 -20.09539 -4.201806 21.7579 -1.638362 3.866487 -1.3e-05 -6.338886 1e-06 -1.69767 -22.592066 -6.194146 -2e-06 -2e-06 0.0 -88.501694 -73.545677 -85.809982 53.337727 -8.484718 -41.573997 27.654474 -0.527509 -0.033612 2.627049 1.70961 -35.183331 22.182365 -20.376064 49.933807 -16.701971 -16.74379 28.476839 1.5e-05 -12.690829 -6e-06 16.305092 -17.518425 2.547292 -0.10592 -1.513861 -4.275917 -5.039123 -5.612916 -2.953584 -5e-06 -11.02062 -2e-06 -6.111439 -15.895531 -3.840556 0.0 0.0 0.0 -10.283503 -5.680337 -4.341867 11.028442 -11.302464 -2.372658 -1.384314 -14.238705 -6.32021 -0.625443 -26.924507 -3.827685 -4.960892 -50.318977 -2.726144 -13.708701 -7.363542 -3.72096 18.141403 -14.052805 -3.242706 -1.6e-05 -18.787437 9e-06 -0.429727 -8.456145 2.555553 -1e-06 1e-06 1e-06 -15.923774 -20.094633 -5.47362 30.419668 -7.190861 1.735973 -8e-06 -8.163003 1e-05 -1.861982 -22.861753 -6.168034 1e-06 -4e-06 -3e-06 122.618576 -8.392864 -10.58889 54.520351 0.295623 -0.041847 -89.032921 1.613038 -1.447012 -5.677551 1.492043 2.138031 -1.000003 -0.0 0.0 -58.897869 -6.115973 -10.029539 52.545361 0.114299 -0.013502 -85.123634 2.691909 -0.115058 -5.119261 0.724139 1.688459 -1.000007 -0.0 0.0 
0.0 0.0 0.0 0.0 -0.0 0.0 0.086105 90.400627 -6.804152 90.850533 -24.744692 85.346489 15.380768 -1.57062 0.34867 -2.902798 -1.16909 0.574586 33.392311 -3.162413 -1.311518 15.825012 0.282745 2.723504 -2.637027 -0.521211 1.017355 -25.970108 -0.202137 1.415113 4e-06 -0.0 0.0 -0.114207 0.057371 -0.02103 -0.263191 0.069269 -0.064128 -0.268182 0.045372 0.024585 104.136559 -73.471413 -97.159828 48.523415 -2.681853 -32.14262 27.73287 -0.270616 -0.193321 -6.082072 11.119514 -41.316704 17.636887 -26.323244 52.412224 -19.467018 -14.395906 29.411041 1.7e-05 -8.77505 -1e-06 15.487267 -18.03849 6.450974 -0.609789 -1.795676 -3.889391 -4.807208 -11.047004 -2.937908 -2.6e-05 -20.976477 -1e-06 -5.020154 -25.034262 -4.032052 5e-06 -1e-06 -0.0 -10.634722 -5.687061 -3.565643 10.573483 -17.923244 -3.113969 -1.8e-05 -13.821507 5e-06 -0.501827 -31.182423 -4.027179 -11.620471 -59.615334 7.856283 -13.982956 -7.150312 -2.875085 13.773009 -8.401609 -3.21831 0.347679 -34.212368 0.771702 -0.963095 -17.733856 2.621106 0.0 -1e-06 1e-06 -17.346756 -20.095524 -4.201845 21.75802 -1.638384 3.866516 -9e-06 -6.338955 6e-06 -1.697678 -22.592379 -6.194216 -0.0 -0.0 -1e-06 -91.665367 -72.179741 -83.620766 51.48988 -6.209505 -43.230949 27.066883 -0.510402 -0.02716 2.215832 2.569966 -36.665176 22.182493 -20.376266 49.934246 -16.702118 -16.743845 28.477125 1.2e-05 -12.690905 -1e-05 16.312592 -17.508234 2.531083 -0.105926 -1.513876 -4.27595 -5.039147 -5.612969 -2.953623 -4e-06 -11.020743 -1.1e-05 -6.111468 -15.895741 -3.840628 -0.0 1e-06 -2e-06 -10.283547 -5.680381 -4.341914 11.028502 -11.302578 -2.372681 -1.384311 -14.238876 -6.3203 -0.625427 -26.924908 -3.827769 -4.999623 -50.311821 -2.676783 -13.708755 -7.363595 -3.721006 18.141499 -14.05295 -3.242738 -4e-06 -18.787659 -2e-06 -0.42973 -8.456253 2.555587 0.0 -2e-06 1e-06 -15.923826 -20.094791 -5.47369 30.419792 -7.19093 1.735984 -4e-06 -8.163088 6e-06 -1.861957 -22.862057 -6.168133 2e-06 -4e-06 -1e-06 119.86657 -9.047813 -10.131311 57.550545 0.298739 -0.027167 -90.090958 1.642848 -1.51211 -5.737084 1.491841 2.13789 -1.000004 0.0 0.0 -61.550442 -5.918585 -9.885352 55.352936 0.121647 -0.028963 -86.01329 2.636125 0.035315 -5.242126 0.711399 1.681379 -1.000005 0.0 0.0 
0.0 0.0 0.0 0.0 -0.0 0.0 0.008285 89.309357 -6.840935 90.696846 -25.606007 85.15052 16.109444 -1.601923 0.361606 -2.496812 -1.186872 0.566647 33.417446 -3.202565 -1.246577 14.144944 0.463906 2.750505 -2.616261 -0.470814 1.004831 -25.103102 -0.24292 1.498299 6e-06 0.0 -0.0 -0.108597 0.05422 -0.020332 -0.292544 0.079751 -0.070987 -0.294336 0.027995 0.032786 99.974297 -72.544647 -93.807236 47.111389 -0.726466 -33.714062 27.382887 -0.200296 -0.187237 -6.256494 12.376652 -43.598469 17.636782 -26.323 52.41172 -19.466864 -14.395824 29.41074 1.9e-05 -8.774982 -2e-06 15.53331 -18.081738 6.408213 -0.609782 -1.795666 -3.889362 -4.807178 -11.046925 -2.937873 -3.2e-05 -20.976288 7e-06 -5.020122 -25.033995 -4.031988 6e-06 -1e-06 0.0 -10.634662 -5.687028 -3.565606 10.573408 -17.923109 -3.113941 -2.2e-05 -13.821386 3e-06 -0.501837 -31.182068 -4.02712 -11.699098 -59.644852 7.897922 -13.982884 -7.150271 -2.875049 13.772923 -8.401548 -3.218287 0.347668 -34.212048 0.771692 -0.963083 -17.733675 2.621071 0.0 2e-06 1e-06 -17.346659 -20.0954 -4.201792 21.757885 -1.638366 3.866475 -1e-05 -6.338901 4e-06 -1.697677 -22.592131 -6.194137 1e-06 -3e-06 -0.0 -94.679817 -71.035759 -81.550499 49.821777 -4.201746 -44.421593 26.218248 -0.569722 -0.018611 1.774604 3.262105 -37.785801 22.182283 -20.376013 49.933609 -16.701939 -16.743715 28.476736 -5e-06 -12.690754 3e-06 16.316093 -17.49851 2.532162 -0.105918 -1.513861 -4.275906 -5.03909 -5.612899 -2.953572 9e-06 -11.020591 -2e-06 -6.111374 -15.895459 -3.840521 1e-06 -1e-06 1e-06 -10.283456 -5.680319 -4.341856 11.028404 -11.302453 -2.372654 -1.384286 -14.238662 -6.320175 -0.625414 -26.924406 -3.827644 -5.04281 -50.307613 -2.621455 -13.708638 -7.363516 -3.720951 18.141333 -14.052803 -3.242705 8e-06 -18.787388 5e-06 -0.429716 -8.456116 2.555541 -1e-06 1e-06 0.0 -15.923688 -20.094585 -5.473602 30.419525 -7.190866 1.73594 0.0 -8.162976 8e-06 -1.861937 -22.861649 -6.167988 0.0 -0.0 0.0 117.254173 -9.657142 -9.593596 60.617397 0.299529 -0.012027 -91.247795 1.600506 -1.58341 -5.790177 1.500022 2.141 -1.000001 -0.0 -0.0 -64.077904 -5.709035 -9.708093 58.226025 0.133249 -0.046671 -87.007843 2.523043 0.200476 -5.360514 0.690268 1.672076 -1.000007 0.0 -0.0 
0.0 0.0 0.0 0.0 -0.0 0.0 -0.086129 88.139572 -6.814151 90.564674 -26.319265 84.947838 16.821781 -1.661755 0.363131 -2.123755 -1.205414 0.550525 33.402161 -3.276867 -1.219329 12.630532 0.634479 2.775914 -2.594004 -0.420652 1.016716 -24.29533 -0.228816 1.59713 6e-06 0.0 -0.0 -0.10312 0.044914 -0.018261 -0.31602 0.084121 -0.076441 -0.315748 0.004874 0.042012 96.352257 -71.686821 -90.87674 45.688801 0.872935 -35.283134 27.050188 -0.130468 -0.177169 -6.466547 13.601957 -45.628117 17.636734 -26.322874 52.411644 -19.466909 -14.395676 29.41074 4e-06 -8.774925 -6e-06 15.610302 -18.140533 6.367114 -0.60978 -1.795672 -3.889359 -4.807137 -11.046937 -2.937902 5e-06 -20.976313 -5.2e-05 -5.02 -25.034044 -4.032036 6e-06 -1e-06 -1e-06 -10.634609 -5.687031 -3.565622 10.573369 -17.923141 -3.113966 5e-06 -13.821401 -3.1e-05 -0.501714 -31.182133 -4.027198 -11.780749 -59.742424 7.947851 -13.982811 -7.150275 -2.875072 13.772849 -8.401579 -3.218287 0.347765 -34.212097 0.771576 -0.963025 -17.733706 2.621032 1e-06 0.0 -1e-06 -17.346554 -20.095419 -4.201836 21.757751 -1.638376 3.866475 -1e-06 -6.33891 -1.1e-05 -1.697585 -22.592188 -6.194198 1e-06 -8e-06 -1e-06 -97.445419 -70.157578 -79.61422 48.403206 -2.516009 -45.08263 25.369957 -0.640437 -0.012584 1.354873 3.72338 -38.628212 22.182213 -20.37598 49.93362 -16.701984 -16.743618 28.476782 -1.3e-05 -12.690701 3e-06 16.320835 -17.496998 2.558301 -0.105919 -1.513869 -4.275907 -5.039071 -5.612914 -2.953585 1.2e-05 -11.020629 -1.8e-05 -6.111328 -15.895535 -3.840548 0.0 0.0 -0.0 -10.283418 -5.680324 -4.341866 11.02837 -11.302492 -2.372667 -1.384259 -14.238723 -6.320208 -0.625371 -26.924555 -3.827706 -5.11571 -50.329128 -2.53458 -13.708591 -7.363522 -3.720964 18.141275 -14.052851 -3.242721 3.2e-05 -18.787451 -2.7e-05 -0.429706 -8.456145 2.555532 0.0 -1e-06 1e-06 -15.923606 -20.094614 -5.473632 30.419403 -7.19089 1.735921 9e-06 -8.162997 -9e-06 -1.861867 -22.861753 -6.168052 -2e-06 -2e-06 -1e-06 114.806465 -10.23974 -9.033407 63.747318 0.297338 0.00972 -92.522926 1.502936 -1.660836 -5.80959 1.504548 2.144688 -1.0 -0.0 0.0 -66.473038 -5.516212 -9.526033 61.221218 0.145086 -0.067176 -88.126053 2.4041 0.377713 -5.459559 0.672231 1.664445 -1.000005 -1e-06 0.0 
0.0 0.0 0.0 0.0 -0.0 0.0 -0.194573 86.875114 -6.719937 90.425133 -26.881372 84.760979 17.514109 -1.729822 0.363174 -1.784577 -1.228444 0.530261 33.369556 -3.349151 -1.22114 11.276584 0.797208 2.775656 -2.579644 -0.386497 1.066687 -23.541698 -0.166418 1.696022 8e-06 0.0 0.0 -0.098306 0.038018 -0.017685 -0.336691 0.089042 -0.084102 -0.333155 -0.013763 0.04996 93.297951 -70.904678 -88.372414 44.241859 2.157589 -36.605453 26.855583 -0.037191 -0.160176 -6.720822 14.649161 -47.234966 17.636774 -26.323036 52.411755 -19.466892 -14.395819 29.410784 1e-05 -8.77498 2e-06 15.676023 -18.20208 6.363938 -0.609782 -1.795666 -3.889363 -4.807166 -11.046931 -2.937878 -1.7e-05 -20.97632 8e-06 -5.020104 -25.034033 -4.031974 6e-06 -1e-06 1e-06 -10.63465 -5.687024 -3.565611 10.573415 -17.923136 -3.113941 -1.3e-05 -13.821405 9e-06 -0.501831 -31.182133 -4.027099 -11.878678 -59.865879 8.023208 -13.982872 -7.150265 -2.875055 13.772923 -8.401567 -3.21829 0.34769 -34.212105 0.771698 -0.963075 -17.733706 2.621083 -2e-06 -2e-06 -2e-06 -17.346638 -20.0954 -4.201797 21.757872 -1.63838 3.866472 -7e-06 -6.338916 8e-06 -1.69766 -22.592192 -6.19413 1e-06 -4e-06 -2e-06 -99.763046 -69.523643 -77.975624 47.202583 -1.150561 -45.355541 24.80484 -0.74241 -0.027986 1.05182 3.990418 -39.383595 22.182335 -20.376036 49.9338 -16.702007 -16.74375 28.476881 2.7e-05 -12.690824 -4e-06 16.336496 -17.491125 2.591559 -0.105924 -1.513869 -4.275919 -5.039123 -5.612944 -2.953592 -1.9e-05 -11.020676 -1.4e-05 -6.111453 -15.895645 -3.840581 -1e-06 0.0 -1e-06 -10.283492 -5.680357 -4.341869 11.028425 -11.302501 -2.37267 -1.384322 -14.238784 -6.32024 -0.625453 -26.924681 -3.827751 -5.182003 -50.360374 -2.437224 -13.708682 -7.363564 -3.720963 18.141375 -14.052849 -3.242723 -2.1e-05 -18.787521 -2.8e-05 -0.429728 -8.456185 2.555543 1e-06 -0.0 1e-06 -15.923753 -20.094694 -5.473626 30.419624 -7.190851 1.735967 -1.2e-05 -8.163027 -7e-06 -1.861961 -22.861881 -6.16812 2e-06 -1e-06 2e-06 112.490707 -10.835468 -8.468946 67.016373 0.291805 0.03881 -93.894821 1.409516 -1.730104 -5.823601 1.496684 2.143347 -1.000006 -0.0 0.0 -68.730003 -5.380405 -9.432699 64.366837 0.154099 -0.08601 -89.383476 2.339384 0.576888 -5.552392 0.658536 1.65928 -1.000008 1e-06 0.0 
0.0 0.0 0.0 0.0 -0.0 0.0 -0.301659 85.514496 -6.57033 90.283371 -27.29855 84.609154 18.184072 -1.793464 0.362689 -1.481991 -1.267688 0.502279 33.331062 -3.391342 -1.235095 10.072924 0.942687 2.762519 -2.571334 -0.359614 1.139487 -22.823534 -0.058212 1.786264 4e-06 -0.0 -0.0 -0.094216 0.038266 -0.019838 -0.35471 0.102255 -0.095408 -0.346732 -0.026436 0.05568 90.710213 -70.194374 -86.20079 42.806484 3.119594 -37.701881 26.844202 0.075311 -0.137048 -7.006588 15.476994 -48.469547 17.636808 -26.323072 52.41188 -19.466896 -14.395836 29.410822 9e-06 -8.774989 -3e-06 15.722508 -18.239025 6.401279 -0.609785 -1.795666 -3.88937 -4.807172 -11.046926 -2.937887 -4e-06 -20.976299 2e-06 -5.020089 -25.034 -4.031997 4e-06 -2e-06 -1e-06 -10.634667 -5.687025 -3.565622 10.573428 -17.923124 -3.113943 -8e-06 -13.821388 1.1e-05 -0.501822 -31.182076 -4.027097 -12.000651 -59.99966 8.146181 -13.982888 -7.150269 -2.875068 13.772939 -8.401565 -3.21829 0.347703 -34.212067 0.771703 -0.963076 -17.733685 2.621096 -3e-06 1e-06 -3e-06 -17.346657 -20.095402 -4.201822 21.757896 -1.638389 3.866485 -4e-06 -6.338906 8e-06 -1.697644 -22.592138 -6.19414 2e-06 -5e-06 -2e-06 -101.644569 -69.111115 -76.623207 46.194527 -0.146176 -45.361504 24.708506 -0.859204 -0.055261 0.896948 4.156633 -40.306297 22.182299 -20.376171 49.93396 -16.702044 -16.743797 28.476992 6e-06 -12.690824 2e-05 16.335152 -17.467743 2.619673 -0.105921 -1.513869 -4.275931 -5.03911 -5.61294 -2.953596 -6e-06 -11.020688 -4e-06 -6.111431 -15.89565 -3.840562 2e-06 1e-06 -0.0 -10.283481 -5.680347 -4.341882 11.028434 -11.302519 -2.372678 -1.384296 -14.238791 -6.320236 -0.625446 -26.924709 -3.827707 -5.201403 -50.331467 -2.367714 -13.708674 -7.363556 -3.720974 18.141397 -14.052882 -3.242741 -1.4e-05 -18.787561 -1e-06 -0.429736 -8.456207 2.555561 -0.0 0.0 -1e-06 -15.923738 -20.094694 -5.473638 30.419641 -7.190876 1.735925 -1e-05 -8.163045 4e-06 -1.861965 -22.861923 -6.168077 -3e-06 -3e-06 -2e-06 110.302795 -11.420864 -7.91715 70.399956 0.285376 0.08058 -95.351959 1.35105 -1.763191 -5.857288 1.474451 2.136738 -1.000004 0.0 0.0 -70.838814 -5.389212 -9.493208 67.633423 0.166757 -0.102496 -90.868698 2.42333 0.791242 -5.646197 0.646873 1.656175 -1.000007 0.0 -0.0 
0.0 0.0 0.0 0.0 -0.0 0.0 -0.382471 84.071526 -6.388583 90.134087 -27.587875 84.471077 18.818041 -1.849232 0.358653 -1.202889 -1.292107 0.456883 33.299446 -3.423069 -1.253067 8.968402 1.033457 2.742967 -2.553015 -0.317473 1.220079 -22.129494 0.087488 1.862592 6e-06 0.0 -0.0 -0.090304 0.042819 -0.02345 -0.366952 0.118843 -0.105654 -0.354926 -0.034424 0.057866 88.712059 -69.569405 -84.52079 41.406406 3.844608 -38.742123 27.034689 0.15203 -0.105947 -7.267529 16.225094 -49.570721 17.636744 -26.323061 52.411793 -19.466883 -14.395838 29.410795 9e-06 -8.77498 7e-06 15.74639 -18.245806 6.46945 -0.609783 -1.795666 -3.889365 -4.807159 -11.046924 -2.937874 -1.9e-05 -20.976309 2.1e-05 -5.020116 -25.034027 -4.031952 6e-06 2e-06 1e-06 -10.634645 -5.687018 -3.565612 10.573412 -17.923122 -3.113942 -1.7e-05 -13.821392 1.6e-05 -0.501837 -31.182093 -4.027082 -12.107243 -60.088787 8.277188 -13.982862 -7.150259 -2.875055 13.772923 -8.401563 -3.218294 0.347686 -34.21209 0.771713 -0.963089 -17.733711 2.621092 -3e-06 2e-06 -2e-06 -17.346624 -20.095383 -4.201797 21.757864 -1.638379 3.866461 -4e-06 -6.338909 1.2e-05 -1.697669 -22.592159 -6.194105 -0.0 -3e-06 -2e-06 -103.175133 -68.870087 -75.50972 45.367054 0.533069 -45.170666 25.098059 -0.990733 -0.076768 0.851217 4.29411 -41.402718 22.182314 -20.376101 49.933819 -16.701998 -16.743797 28.476896 7e-06 -12.690822 1.1e-05 16.296209 -17.433567 2.639799 -0.105921 -1.513863 -4.275921 -5.039112 -5.612925 -2.953584 -5e-06 -11.02065 -1e-06 -6.111435 -15.895583 -3.840551 -1e-06 -0.0 0.0 -10.283485 -5.680336 -4.341869 11.02844 -11.302485 -2.372668 -1.384298 -14.238731 -6.320214 -0.625443 -26.924582 -3.827684 -5.177253 -50.230152 -2.362825 -13.708682 -7.363542 -3.72096 18.141394 -14.052838 -3.242725 -1.6e-05 -18.787485 1.2e-05 -0.429731 -8.45617 2.555558 1e-06 2e-06 2e-06 -15.923742 -20.094646 -5.473618 30.419645 -7.190867 1.73594 -9e-06 -8.163019 9e-06 -1.861969 -22.861828 -6.168044 -1e-06 -3e-06 -2e-06 108.218468 -11.991978 -7.370735 73.878853 0.279067 0.113281 -96.828667 1.341584 -1.745105 -5.934752 1.453648 2.128512 -1.0 -0.0 0.0 -72.81295 -5.576221 -9.736003 70.983078 0.181899 -0.115169 -92.256004 2.687186 1.068084 -5.742805 0.641076 1.657186 -1.000004 -0.0 -0.0 
0.0 0.0 0.0 0.0 -0.0 0.0 -0.428116 82.541412 -6.172453 90.013107 -27.756195 84.297104 19.401558 -1.900119 0.343305 -0.93812 -1.300981 0.407671 33.319527 -3.479974 -1.278692 7.907772 1.09369 2.728858 -2.522107 -0.266443 1.298423 -21.4666 0.279572 1.910711 6e-06 -0.0 0.0 -0.091102 0.032824 -0.020944 -0.377256 0.119148 -0.105871 -0.362151 -0.055433 0.063286 87.184097 -69.062447 -83.220772 40.092957 4.373456 -39.894028 27.479851 0.223231 -0.058688 -7.455846 17.118776 -50.701996 17.63673 -26.322939 52.411488 -19.466753 -14.395703 29.410576 1e-05 -8.774905 -5e-06 15.783141 -18.233965 6.518052 -0.609778 -1.79566 -3.889345 -4.807134 -11.046879 -2.937857 -2.3e-05 -20.976194 2.5e-05 -5.02007 -25.03385 -4.031913 6e-06 -3e-06 1e-06 -10.634594 -5.686999 -3.565601 10.57334 -17.923059 -3.113905 -1.7e-05 -13.821335 1.8e-05 -0.501854 -31.181925 -4.02703 -12.187505 -60.146873 8.363446 -13.982796 -7.150234 -2.875051 13.772827 -8.401529 -3.218254 0.34767 -34.211891 0.771725 -0.963084 -17.733597 2.621076 -1e-06 1e-06 -3e-06 -17.346531 -20.09532 -4.201786 21.757717 -1.638373 3.86646 -4e-06 -6.338882 9e-06 -1.697642 -22.592037 -6.194067 3e-06 -3e-06 -2e-06 -104.405296 -68.780426 -74.599037 44.686474 1.00198 -44.719223 25.915365 -1.068031 -0.068208 0.867983 4.452637 -42.523457 22.182138 -20.375963 49.933537 -16.701895 -16.743612 28.476709 4e-06 -12.690675 1.2e-05 16.257549 -17.396828 2.643367 -0.105921 -1.513862 -4.275898 -5.039062 -5.612899 -2.953572 -3e-06 -11.020589 -1e-05 -6.111344 -15.895477 -3.840525 -2e-06 -0.0 -1e-06 -10.283401 -5.680313 -4.341852 11.028331 -11.302439 -2.372656 -1.384278 -14.238664 -6.320181 -0.62542 -26.924416 -3.827688 -5.143831 -50.10556 -2.399748 -13.708567 -7.363507 -3.72095 18.141216 -14.052778 -3.242706 -4e-06 -18.787373 -1.2e-05 -0.429724 -8.456113 2.555524 -1e-06 1e-06 0.0 -15.923593 -20.094561 -5.473602 30.41934 -7.190826 1.735918 -7e-06 -8.162971 -2e-06 -1.861919 -22.861679 -6.168025 -1e-06 1e-06 -4e-06 106.23349 -12.581764 -6.888901 77.479233 0.277289 0.133737 -98.295113 1.326203 -1.686036 -6.057924 1.456375 2.124054 -1.000004 0.0 0.0 -74.689621 -5.947656 -10.097695 74.453171 0.201483 -0.128183 -93.686462 3.194407 1.378982 -5.843422 0.632416 1.657226 -1.000007 -0.0 -0.0 
0.0 0.0 0.0 0.0 -0.0 0.0 -0.440717 80.909714 -5.919347 89.938721 -27.783047 84.083969 19.937111 -1.931264 0.296285 -0.669752 -1.302577 0.378349 33.384888 -3.559039 -1.298262 6.916014 1.150675 2.691651 -2.494539 -0.256738 1.394689 -20.836161 0.496144 1.937323 6e-06 -0.0 0.0 -0.096532 0.008359 -0.011939 -0.390826 0.099082 -0.096965 -0.374703 -0.085042 0.073304 85.958221 -68.686363 -82.126793 38.940907 4.665473 -41.299541 28.242737 0.333476 -0.008034 -7.564458 18.201893 -51.778496 17.636608 -26.322802 52.411301 -19.46674 -14.395689 29.410511 -3e-06 -8.774874 1e-05 15.833916 -18.240425 6.541934 -0.609775 -1.795657 -3.889337 -4.807102 -11.04684 -2.937854 1e-05 -20.97612 -0.0 -5.020001 -25.033752 -4.031901 7e-06 1e-06 -1e-06 -10.634561 -5.686978 -3.565583 10.573323 -17.922995 -3.113923 3e-06 -13.82127 6e-06 -0.501778 -31.181744 -4.027031 -12.222814 -60.198841 8.406021 -13.982754 -7.150209 -2.875032 13.772792 -8.401513 -3.218272 0.347733 -34.211739 0.771663 -0.96304 -17.733509 2.621049 -2e-06 -3e-06 -2e-06 -17.346474 -20.095249 -4.201771 21.757647 -1.638377 3.866414 0.0 -6.338853 3e-06 -1.697589 -22.591919 -6.194051 -1e-06 -5e-06 -2e-06 -105.393318 -68.803238 -73.874344 44.124046 1.310377 -44.047379 27.040848 -1.057607 -0.049567 0.888455 4.646961 -43.50795 22.182192 -20.375938 49.933487 -16.701862 -16.743624 28.47665 1.8e-05 -12.690699 -3e-06 16.245892 -17.367666 2.637841 -0.105922 -1.513859 -4.275894 -5.039078 -5.612899 -2.953568 -1.2e-05 -11.020587 -2e-06 -6.111382 -15.895485 -3.840521 -0.0 0.0 1e-06 -10.283422 -5.680315 -4.341848 11.02834 -11.302427 -2.372643 -1.384302 -14.238661 -6.320169 -0.625456 -26.924416 -3.827672 -5.141729 -50.032536 -2.39543 -13.708591 -7.363511 -3.720944 18.141235 -14.052763 -3.242684 -1.7e-05 -18.787369 -5e-06 -0.429724 -8.456113 2.555523 -0.0 0.0 1e-06 -15.923632 -20.094557 -5.473592 30.419386 -7.190814 1.735957 -1.2e-05 -8.162965 -0.0 -1.861941 -22.861664 -6.168021 -0.0 -2e-06 -1e-06 104.378204 -13.185911 -6.486156 81.202148 0.279883 0.150484 -99.791122 1.311842 -1.589946 -6.205058 1.473961 2.121736 -1.000001 -0.0 -0.0 -76.468498 -6.505871 -10.506651 78.078308 0.228481 -0.143909 -95.160034 3.907591 1.730425 -5.958687 0.625206 1.655458 -1.000004 -0.0 -0.0 
0.0 0.0 0.0 0.0 -0.0 0.0 -0.41399 79.159836 -5.62606 89.961761 -27.658241 83.816399 20.436369 -1.960054 0.241002 -0.424237 -1.30977 0.376175 33.477604 -3.623263 -1.303401 6.050282 1.143128 2.606542 -2.479401 -0.247323 1.485448 -20.263065 0.722773 1.947767 6e-06 -0.0 0.0 -0.10543 -0.007726 -0.00619 -0.387737 0.085346 -0.086201 -0.374031 -0.1039 0.074567 84.841209 -68.443237 -81.036522 38.021473 4.651869 -42.852844 29.377729 0.4997 0.039733 -7.64368 19.210766 -52.585567 17.636747 -26.323164 52.411835 -19.466799 -14.395679 29.41074 -3e-06 -8.774894 -3e-06 15.896039 -18.262846 6.565185 -0.609788 -1.795661 -3.889361 -4.807113 -11.046914 -2.937878 -5e-06 -20.976295 4e-05 -5.02004 -25.033978 -4.031897 4e-06 1e-06 0.0 -10.634583 -5.687005 -3.565634 10.573339 -17.923136 -3.113902 -7e-06 -13.821397 3.4e-05 -0.501818 -31.182116 -4.027015 -12.260156 -60.269337 8.460844 -13.98278 -7.150246 -2.875086 13.77281 -8.401575 -3.218256 0.347685 -34.212067 0.771768 -0.963099 -17.733688 2.621126 -1e-06 1e-06 -3e-06 -17.346498 -20.095364 -4.201832 21.757679 -1.638394 3.866473 0.0 -6.338911 1.6e-05 -1.697598 -22.592142 -6.19408 -3e-06 -3e-06 -4e-06 -106.172447 -68.867271 -73.319588 43.572815 1.474314 -43.238651 28.35898 -0.95103 -0.045479 0.928714 4.82889 -44.343761 22.18215 -20.376144 49.933662 -16.701908 -16.743593 28.476768 -2.4e-05 -12.690641 1.8e-05 16.229254 -17.323107 2.653464 -0.105917 -1.51386 -4.275907 -5.039042 -5.612897 -2.953577 1.9e-05 -11.020616 6e-06 -6.111288 -15.895496 -3.840501 0.0 -0.0 -1e-06 -10.283379 -5.680299 -4.341869 11.028331 -11.302483 -2.372645 -1.384245 -14.238692 -6.320168 -0.625411 -26.92453 -3.827615 -5.154496 -50.020786 -2.352314 -13.708534 -7.363491 -3.72097 18.141207 -14.052845 -3.242699 1.6e-05 -18.787439 2.7e-05 -0.429725 -8.456148 2.55555 0.0 1e-06 -2e-06 -15.923531 -20.094549 -5.473624 30.41927 -7.190883 1.735896 1e-06 -8.162996 1.1e-05 -1.861888 -22.86174 -6.167967 -1e-06 -3e-06 1e-06 102.70369 -13.773941 -6.212036 85.005882 0.286711 0.168207 -101.428894 1.317839 -1.457411 -6.351433 1.49348 2.121194 -1.000001 0.0 0.0 -78.152084 -7.273976 -10.875055 81.85952 0.263346 -0.156892 -96.690422 4.774066 2.107536 -6.100337 0.619117 1.651502 -1.000005 0.0 0.0 
0.0 0.0 0.0 0.0 -0.0 0.0 -0.326377 77.305107 -5.326565 90.083138 -27.450878 83.6054 20.823221 -1.941505 0.174142 -0.206741 -1.304821 0.461402 33.672005 -3.563824 -1.346752 5.204197 0.835314 2.42839 -2.445086 0.006687 1.591703 -19.930613 0.772691 2.008911 5e-06 -0.0 0.0 -0.098989 0.030418 -0.022757 -0.367014 0.140984 -0.100682 -0.359627 -0.083401 0.056291 84.299034 -68.394196 -80.64843 37.515556 4.435998 -44.18346 30.722345 0.691547 0.157052 -7.682551 19.911476 -53.54615 17.636721 -26.322903 52.411541 -19.466766 -14.39579 29.410614 4e-06 -8.774932 1e-06 15.837223 -18.26572 6.507721 -0.609779 -1.795654 -3.889349 -4.807137 -11.046842 -2.937858 3e-06 -20.976118 1.4e-05 -5.020047 -25.033739 -4.031932 6e-06 -1e-06 2e-06 -10.634619 -5.686988 -3.565596 10.57338 -17.923002 -3.113923 -1e-06 -13.821273 1.7e-05 -0.501817 -31.181747 -4.02703 -12.114418 -60.154255 8.245151 -13.982822 -7.150218 -2.875045 13.772872 -8.401513 -3.218274 0.347709 -34.211758 0.771717 -0.963068 -17.733524 2.621082 -2e-06 2e-06 -1e-06 -17.346565 -20.095268 -4.201788 21.757778 -1.638387 3.866448 -0.0 -6.338854 1.2e-05 -1.697641 -22.591906 -6.194051 1e-06 -4e-06 -0.0 -106.908157 -69.00769 -72.613503 43.029671 1.740356 -42.871719 29.755327 -0.964156 -0.093363 0.783477 5.07226 -44.953506 22.182211 -20.376011 49.93362 -16.70188 -16.743736 28.476742 1.6e-05 -12.690752 1.6e-05 16.08259 -17.266029 2.685761 -0.10592 -1.513854 -4.275904 -5.039094 -5.612893 -2.953567 -1e-05 -11.020575 5e-06 -6.1114 -15.895457 -3.840517 -0.0 -1e-06 -0.0 -10.283452 -5.680315 -4.341847 11.028377 -11.302413 -2.372652 -1.384305 -14.238643 -6.320172 -0.625469 -26.924374 -3.827648 -5.197309 -49.785294 -2.335225 -13.708629 -7.363512 -3.72094 18.141293 -14.052743 -3.242699 -3.7e-05 -18.787367 2.3e-05 -0.429742 -8.456114 2.555549 0.0 2e-06 -3e-06 -15.923692 -20.094551 -5.473587 30.419498 -7.190804 1.735935 -2.1e-05 -8.162968 1.4e-05 -1.861997 -22.861654 -6.167978 -0.0 -1e-06 -1e-06 101.101646 -14.17921 -6.086292 88.853249 0.220271 0.197267 -103.081909 0.885473 -1.440251 -6.28713 1.460181 2.140645 -1.000004 0.0 -0.0 -79.841042 -8.318437 -11.149448 85.779785 0.279822 -0.191129 -98.19812 5.804987 2.430492 -6.21468 0.683501 1.676717 -1.000008 -0.0 -0.0 
0.0 0.0 0.0 0.0 -0.0 0.0 -0.229114 75.266937 -4.982074 90.39785 -26.96369 83.266075 21.249809 -1.983807 0.145186 -0.021806 -1.265298 0.397903 33.776997 -3.69137 -1.336841 4.620112 0.755889 2.459526 -2.461771 -0.071273 1.436667 -19.413166 1.220609 1.869653 5e-06 -0.0 0.0 -0.098 -0.001656 -0.009962 -0.356077 0.102197 -0.087954 -0.339855 -0.109637 0.07 83.401871 -68.43438 -79.604668 37.187504 3.888135 -45.599335 32.393456 0.864894 0.224063 -7.792103 20.628826 -53.836712 17.636885 -26.32308 52.411961 -19.46698 -14.395867 29.410891 5e-06 -8.775025 -9e-06 15.931933 -18.220335 6.614857 -0.609783 -1.795674 -3.889377 -4.807185 -11.046956 -2.937901 1e-05 -20.976364 -1.3e-05 -5.020082 -25.034088 -4.032031 5e-06 -1e-06 -0.0 -10.634695 -5.687037 -3.56563 10.573477 -17.923182 -3.113966 4e-06 -13.821433 -2e-06 -0.501767 -31.182211 -4.027159 -12.225142 -60.252705 8.444288 -13.982931 -7.150281 -2.875073 13.772989 -8.401595 -3.218299 0.347748 -34.212181 0.771676 -0.963059 -17.733744 2.6211 -2e-06 -2e-06 -6e-06 -17.346703 -20.095448 -4.201838 21.757969 -1.638404 3.866504 2e-06 -6.338923 3e-06 -1.697632 -22.592213 -6.19418 -1e-06 -3e-06 0.0 -107.330772 -68.954941 -72.397934 42.394333 1.583139 -41.938736 31.044737 -0.678256 -0.025666 1.078962 5.408072 -46.130909 22.182405 -20.376099 49.933998 -16.70211 -16.743818 28.477007 4e-06 -12.690871 -0.0 16.148592 -17.241884 2.693806 -0.10592 -1.513874 -4.275936 -5.039138 -5.612953 -2.953604 2e-06 -11.020701 -2e-05 -6.111442 -15.895678 -3.8406 -0.0 -0.0 -0.0 -10.283525 -5.680367 -4.341889 11.028483 -11.302537 -2.372689 -1.3843 -14.238819 -6.320265 -0.625402 -26.924768 -3.827756 -5.18035 -49.970196 -2.283008 -13.708731 -7.363578 -3.720979 18.141472 -14.052906 -3.242752 1e-05 -18.787577 -2.6e-05 -0.429715 -8.456209 2.555558 0.0 -0.0 -1e-06 -15.923809 -20.094744 -5.473659 30.419762 -7.190911 1.735956 -2e-06 -8.163052 -4e-06 -1.861926 -22.861937 -6.168125 -0.0 -4e-06 1e-06 99.905212 -14.653799 -6.095553 92.74028 0.325306 0.172171 -105.253159 1.194425 -1.078682 -6.541658 1.505836 2.118015 -1.000003 0.0 0.0 -81.419853 -9.484822 -11.113368 89.967232 0.327343 -0.182876 -99.905296 6.593545 2.789736 -6.288902 0.621419 1.653733 -1.000008 -0.0 0.0 
0.0 0.0 0.0 0.0 -0.0 0.0 -0.108659 73.279701 -4.634368 90.692818 -26.423124 83.097916 21.548599 -1.955688 0.094275 0.149604 -1.213198 0.412903 33.924603 -3.638448 -1.35122 4.084025 0.456221 2.42549 -2.45436 0.017529 1.302573 -19.283812 1.491002 1.741138 6e-06 -0.0 0.0 -0.094234 0.010292 -0.018931 -0.359781 0.117593 -0.107228 -0.344479 -0.101605 0.072372 83.227455 -68.575363 -79.473923 37.105148 3.30122 -46.718952 33.860455 0.877789 0.290468 -7.848129 21.162844 -54.543339 17.636824 -26.323008 52.411812 -19.466934 -14.395826 29.410805 -1e-06 -8.77499 -4e-06 15.887307 -18.239649 6.648489 -0.609784 -1.79567 -3.889369 -4.807161 -11.046925 -2.937892 2.6e-05 -20.976307 -1.4e-05 -5.02005 -25.034 -4.031999 5e-06 -1e-06 -0.0 -10.634665 -5.687022 -3.56562 10.573457 -17.923141 -3.11396 8e-06 -13.821396 -0.0 -0.501756 -31.182098 -4.027125 -12.189903 -60.189808 8.407215 -13.982891 -7.15026 -2.875066 13.772947 -8.401581 -3.218295 0.347765 -34.212082 0.771669 -0.963047 -17.733692 2.621093 1e-06 -1e-06 -3e-06 -17.346642 -20.095392 -4.201828 21.757902 -1.638407 3.866481 5e-06 -6.338907 2e-06 -1.697606 -22.592146 -6.194157 -1e-06 -5e-06 -2e-06 -107.704193 -68.931259 -71.995819 41.773666 1.557477 -41.502186 32.242775 -0.636274 0.066549 1.14301 5.895203 -47.295425 22.182343 -20.376083 49.933895 -16.70203 -16.743771 28.476934 1.5e-05 -12.690822 1e-06 16.171131 -17.264509 2.661836 -0.105921 -1.51387 -4.275927 -5.039121 -5.612941 -2.953596 -8e-06 -11.020673 -1.1e-05 -6.111441 -15.895632 -3.840578 2e-06 -2e-06 1e-06 -10.283498 -5.680357 -4.341879 11.02844 -11.302505 -2.372676 -1.384309 -14.238781 -6.320242 -0.625439 -26.924671 -3.827734 -5.215906 -49.92276 -2.321433 -13.708695 -7.363564 -3.720971 18.141403 -14.052859 -3.24273 -1.6e-05 -18.787527 -1.5e-05 -0.429729 -8.456186 2.555551 -0.0 -0.0 -2e-06 -15.923759 -20.094696 -5.47364 30.419645 -7.190867 1.735956 -9e-06 -8.163032 0.0 -1.861957 -22.861879 -6.168096 1e-06 -2e-06 -0.0 98.774788 -14.887641 -6.089437 96.568939 0.350306 0.138994 -106.958389 0.998422 -0.906679 -6.537037 1.531791 2.121177 -1.000006 -0.0 -0.0 -82.90435 -10.725421 -10.931022 94.049385 0.338697 -0.185448 -101.315117 7.415515 3.090207 -6.421587 0.608681 1.64819 -1.000008 0.0 0.0 
0.0 0.0 0.0 0.0 -0.0 0.0 0.012207 71.264961 -4.262325 90.995354 -25.756594 83.027893 21.816946 -1.882144 0.052561 0.297512 -1.187491 0.406501 34.053814 -3.539074 -1.347076 3.623369 0.191016 2.385905 -2.440523 0.027075 1.190197 -19.035673 1.759427 1.576715 6e-06 0.0 -0.0 -0.094968 0.012913 -0.020906 -0.365812 0.120251 -0.116812 -0.350397 -0.099818 0.078746 83.175964 -68.801323 -79.426559 37.25853 2.65741 -47.651634 35.125252 0.932138 0.337721 -7.957949 21.523628 -55.323647 17.636717 -26.322912 52.411507 -19.466755 -14.395616 29.410576 0.0 -8.774866 -9e-06 15.852659 -18.243416 6.696309 -0.609782 -1.795665 -3.889344 -4.807107 -11.046878 -2.937874 2e-06 -20.9762 1e-06 -5.019993 -25.033846 -4.031932 6e-06 1e-06 -0.0 -10.634564 -5.686999 -3.565616 10.573308 -17.923063 -3.11391 1e-06 -13.821327 5e-06 -0.501769 -31.181896 -4.027061 -12.170409 -60.146488 8.401158 -13.982756 -7.150234 -2.87507 13.772774 -8.401544 -3.218246 0.347724 -34.211891 0.771676 -0.963053 -17.733597 2.621064 -1e-06 3e-06 -2e-06 -17.34647 -20.095322 -4.201818 21.757626 -1.638381 3.866465 3e-06 -6.338878 2e-06 -1.697575 -22.592022 -6.19409 -0.0 -3e-06 -2e-06 -107.899376 -68.946091 -71.787262 41.215481 1.431508 -40.836685 33.355362 -0.520836 0.182316 1.2752 6.335682 -48.585575 22.18218 -20.37612 49.933716 -16.701954 -16.743628 28.476824 -1.9e-05 -12.690683 1.6e-05 16.178827 -17.249084 2.644444 -0.105919 -1.513864 -4.275911 -5.039062 -5.612911 -2.953585 1.7e-05 -11.020642 -2e-06 -6.111322 -15.895553 -3.840527 3e-06 -2e-06 -0.0 -10.283398 -5.680312 -4.341873 11.028358 -11.302497 -2.372655 -1.384256 -14.238724 -6.320192 -0.625409 -26.924574 -3.827649 -5.251645 -49.918884 -2.310192 -13.708561 -7.363508 -3.720972 18.141243 -14.05286 -3.242712 1.4e-05 -18.787476 1.2e-05 -0.429721 -8.456166 2.555548 0.0 -1e-06 0.0 -15.923565 -20.094589 -5.473631 30.419348 -7.190886 1.735903 1e-06 -8.163019 6e-06 -1.861896 -22.861816 -6.168003 0.0 -1e-06 -0.0 97.853859 -15.075841 -6.158032 100.338799 0.37609 0.106594 -108.640396 0.907322 -0.699032 -6.525111 1.550339 2.124676 -1.000002 1e-06 0.0 -84.244736 -11.971319 -10.537 98.084404 0.345832 -0.183799 -102.759956 8.096716 3.305059 -6.533901 0.604211 1.643799 -1.000004 0.0 0.0 
0.0 0.0 0.0 0.0 -0.0 0.0 0.140464 69.289223 -3.894383 91.279922 -25.042627 83.032692 22.039825 -1.787135 0.036401 0.41709 -1.144231 0.380796 34.144592 -3.442781 -1.321394 3.285733 -0.042797 2.354892 -2.423614 0.000828 1.075841 -18.771803 1.983022 1.392721 4e-06 0.0 0.0 -0.099648 0.004927 -0.017884 -0.364463 0.111718 -0.118337 -0.349595 -0.107762 0.086238 83.162537 -69.016609 -79.423683 37.559513 1.995805 -48.281239 36.080242 1.022911 0.366916 -8.085212 21.645313 -56.06028 17.636869 -26.32336 52.412258 -19.466917 -14.395802 29.410963 0.0 -8.774975 -7e-06 15.838326 -18.248072 6.743215 -0.609787 -1.795668 -3.889386 -4.80716 -11.046968 -2.937898 -5e-06 -20.976427 4.4e-05 -5.020102 -25.034172 -4.031953 4e-06 -1e-06 -1e-06 -10.63466 -5.68703 -3.565657 10.573429 -17.923218 -3.113924 -1e-05 -13.821474 3.8e-05 -0.501834 -31.182314 -4.027051 -12.145677 -60.111008 8.392922 -13.982872 -7.150275 -2.87511 13.772922 -8.401611 -3.218275 0.347692 -34.212288 0.771782 -0.963107 -17.733814 2.621156 1e-06 1e-06 1e-06 -17.346613 -20.095451 -4.201868 21.757866 -1.638409 3.866513 0.0 -6.338947 2e-05 -1.697626 -22.59231 -6.194139 -5e-06 -4e-06 -3e-06 -107.887268 -69.00032 -71.770317 40.696243 1.25912 -39.99099 34.385704 -0.439655 0.284333 1.513087 6.6875 -49.848343 22.182304 -20.3764 49.934299 -16.702051 -16.743807 28.477161 -1.4e-05 -12.690812 2.6e-05 16.169226 -17.228321 2.637974 -0.105921 -1.513867 -4.275951 -5.03911 -5.612941 -2.953618 1.6e-05 -11.020709 6e-06 -6.111391 -15.895665 -3.840578 -1e-06 -1e-06 0.0 -10.283474 -5.680344 -4.341918 11.028447 -11.302554 -2.372676 -1.384269 -14.238813 -6.320263 -0.62542 -26.924799 -3.82769 -5.287145 -49.875446 -2.305335 -13.708661 -7.363549 -3.721013 18.141399 -14.052925 -3.242739 -5e-06 -18.787603 4.4e-05 -0.429747 -8.456238 2.555599 3e-06 -1e-06 3e-06 -15.923688 -20.094694 -5.473695 30.419603 -7.190916 1.735911 -1e-05 -8.163072 2.9e-05 -1.86196 -22.861988 -6.168025 1e-06 -1e-06 0.0 97.080742 -15.190631 -6.236661 103.94487 0.401681 0.081199 -110.225967 0.799531 -0.531284 -6.564474 1.571087 2.131848 -1.000007 0.0 0.0 -85.464386 -13.138307 -9.965777 101.918663 0.348854 -0.185293 -104.193344 8.62943 3.415974 -6.618935 0.598599 1.639301 -1.000002 0.0 0.0 
0.0 0.0 0.0 0.0 -0.0 0.0 0.275111 67.42849 -3.542695 91.494041 -24.348509 83.078987 22.208303 -1.680341 0.038 0.514849 -1.081857 0.351245 34.221046 -3.36486 -1.282405 3.004175 -0.253363 2.321104 -2.400738 -0.022753 0.971483 -18.519085 2.143647 1.254796 6e-06 -0.0 0.0 -0.10501 -0.001266 -0.016541 -0.355854 0.105043 -0.118719 -0.341017 -0.113514 0.088215 83.191032 -69.219696 -79.483513 37.90881 1.396787 -48.65197 36.786118 1.137123 0.404611 -8.201006 21.642893 -56.76836 17.636808 -26.323149 52.412052 -19.466906 -14.395802 29.410891 -0.0 -8.774964 -2e-06 15.823565 -18.261118 6.775589 -0.60979 -1.795668 -3.889377 -4.807151 -11.046929 -2.9379 7e-06 -20.976311 7e-06 -5.02005 -25.034006 -4.031976 4e-06 1e-06 1e-06 -10.634653 -5.687022 -3.565642 10.573418 -17.923151 -3.113946 1e-06 -13.821401 1.8e-05 -0.501786 -31.182098 -4.027082 -12.093867 -60.052402 8.349312 -13.982866 -7.150266 -2.875092 13.772914 -8.401582 -3.21829 0.347724 -34.21209 0.771711 -0.963077 -17.733694 2.621113 2e-06 1e-06 0.0 -17.346611 -20.095409 -4.20186 21.757845 -1.638401 3.866489 3e-06 -6.33891 1e-05 -1.697608 -22.592142 -6.194139 0.0 -4e-06 -1e-06 -107.668259 -69.065231 -71.980484 40.209763 1.1013 -38.990654 35.355637 -0.362627 0.364778 1.780282 6.890954 -50.955414 22.18224 -20.376127 49.933975 -16.702091 -16.743731 28.477009 -2.1e-05 -12.690766 2.3e-05 16.169786 -17.21139 2.628567 -0.105917 -1.513874 -4.275933 -5.039088 -5.612937 -2.953604 1.9e-05 -11.020678 -2.3e-05 -6.111351 -15.895616 -3.840573 -2e-06 -1e-06 0.0 -10.283451 -5.680345 -4.341892 11.028422 -11.302535 -2.372697 -1.384253 -14.238787 -6.320251 -0.625354 -26.9247 -3.827736 -5.313793 -49.817234 -2.315123 -13.708641 -7.363551 -3.720986 18.141369 -14.052905 -3.242765 2.8e-05 -18.787535 -2.5e-05 -0.429713 -8.456187 2.555547 1e-06 -0.0 -1e-06 -15.923657 -20.09469 -5.473669 30.419538 -7.190908 1.735886 6e-06 -8.163032 -3e-06 -1.861876 -22.861862 -6.168081 -1e-06 -1e-06 2e-06 96.409668 -15.271319 -6.268263 107.301384 0.42301 0.066343 -111.631966 0.647925 -0.410548 -6.677052 1.583468 2.133495 -1.000002 -0.0 0.0 -86.563835 -14.120912 -9.299876 105.438042 0.343267 -0.195075 -105.494865 8.966587 3.444372 -6.708824 0.589559 1.633401 -1.000005 -0.0 0.0 
0.0 0.0 0.0 0.0 -0.0 0.0 0.413418 65.707611 -3.207797 91.643692 -23.684853 83.122406 22.354471 -1.571239 0.045801 0.596429 -1.018233 0.333533 34.274769 -3.309604 -1.232294 2.720339 -0.472193 2.295116 -2.373023 -0.055998 0.876873 -18.283772 2.288886 1.148777 8e-06 0.0 0.0 -0.109135 -0.007615 -0.015539 -0.349227 0.098178 -0.12047 -0.332303 -0.119403 0.090708 83.307091 -69.461983 -79.668152 38.324097 0.862877 -48.911022 37.377155 1.250962 0.451831 -8.259572 21.606907 -57.361336 17.636854 -26.322989 52.411541 -19.466976 -14.395867 29.410702 -9e-06 -8.775005 -3e-06 15.811933 -18.276239 6.777477 -0.609775 -1.795671 -3.889359 -4.807155 -11.046945 -2.937868 3.4e-05 -20.976366 8e-06 -5.020084 -25.034067 -4.031934 5e-06 2e-06 0.0 -10.634668 -5.687017 -3.565593 10.573486 -17.923189 -3.113955 2.1e-05 -13.82143 9e-06 -0.501769 -31.18219 -4.027066 -12.047441 -59.988178 8.287786 -13.982896 -7.150253 -2.875037 13.772984 -8.401611 -3.218298 0.347792 -34.212181 0.771679 -0.96303 -17.733746 2.621102 -1e-06 0.0 -0.0 -17.346655 -20.095402 -4.201773 21.757931 -1.638427 3.866458 1e-05 -6.338924 1e-06 -1.69761 -22.592209 -6.194116 -1e-06 -6e-06 -1e-06 -107.34446 -69.118416 -72.309578 39.764748 0.960616 -37.906857 36.249691 -0.233058 0.420824 1.988001 7.084546 -52.008102 22.182482 -20.376043 49.933727 -16.701992 -16.743713 28.476788 1.1e-05 -12.690819 -3.6e-05 16.169319 -17.175146 2.623159 -0.105925 -1.513869 -4.275912 -5.039128 -5.612933 -2.95359 4e-06 -11.020666 -2e-06 -6.111433 -15.895599 -3.840566 -1e-06 -2e-06 0.0 -10.283507 -5.680347 -4.341875 11.028443 -11.302512 -2.372641 -1.384314 -14.238762 -6.320219 -0.62544 -26.924643 -3.827682 -5.329096 -49.747135 -2.316962 -13.708706 -7.363554 -3.720972 18.141399 -14.052876 -3.24268 7e-06 -18.787512 -5e-06 -0.429706 -8.456182 2.555555 0.0 1e-06 -2e-06 -15.923772 -20.094679 -5.473631 30.419641 -7.190914 1.736023 5e-06 -8.163025 2e-06 -1.861931 -22.861835 -6.168073 -0.0 -4e-06 -1e-06 95.84375 -15.334183 -6.245078 110.391396 0.442212 0.058532 -112.855896 0.429474 -0.317716 -6.833893 1.587624 2.127898 -1.000005 0.0 -0.0 -87.537239 -14.898649 -8.584284 108.626663 0.332453 -0.203914 -106.632713 9.165284 3.397552 -6.801514 0.572993 1.624924 -1.000004 0.0 -0.0 
0.0 0.0 0.0 0.0 -0.0 0.0 0.557375 64.17588 -2.905344 91.744301 -23.08787 83.182442 22.467159 -1.462368 0.049757 0.673906 -0.957417 0.339433 34.300968 -3.236267 -1.167824 2.411063 -0.757506 2.291435 -2.339514 -0.059091 0.775313 -18.018873 2.397485 1.047511 8e-06 -0.0 -0.0 -0.109283 -0.007479 -0.017725 -0.344946 0.098804 -0.127583 -0.325394 -0.119986 0.092071 83.490829 -69.722839 -79.916649 38.815033 0.415672 -49.171223 37.851692 1.310614 0.477116 -8.270312 21.578707 -57.690975 17.636806 -26.322958 52.411625 -19.466866 -14.395802 29.410679 -9e-06 -8.774953 -5e-06 15.790632 -18.299631 6.7836 -0.609776 -1.795663 -3.889357 -4.807135 -11.046873 -2.937875 4e-05 -20.976194 4e-06 -5.020019 -25.033821 -4.031939 4e-06 -1e-06 1e-06 -10.63464 -5.686995 -3.565607 10.573435 -17.92308 -3.11394 2.3e-05 -13.821328 1.2e-05 -0.501755 -31.181887 -4.027041 -12.039093 -59.949051 8.259095 -13.982851 -7.150226 -2.875056 13.772914 -8.40156 -3.218282 0.347785 -34.21188 0.771689 -0.963032 -17.73358 2.621096 0.0 2e-06 0.0 -17.346592 -20.095314 -4.20181 21.757832 -1.638422 3.866461 1.2e-05 -6.338877 7e-06 -1.69759 -22.591991 -6.194093 -3e-06 -5e-06 -2e-06 -106.959038 -69.119675 -72.700752 39.306946 0.825644 -36.889816 37.054478 -0.103793 0.437189 2.140665 7.328874 -52.969063 22.182365 -20.376022 49.933781 -16.701956 -16.743706 28.476809 1.3e-05 -12.69078 -1.6e-05 16.169945 -17.135588 2.62396 -0.105925 -1.513865 -4.275915 -5.039108 -5.612915 -2.95359 -2e-06 -11.020616 -1e-05 -6.111403 -15.895522 -3.840569 -1e-06 -2e-06 -1e-06 -10.283479 -5.680335 -4.341877 11.028416 -11.302464 -2.372652 -1.384303 -14.238705 -6.320219 -0.625425 -26.924507 -3.827703 -5.326582 -49.688091 -2.318543 -13.708673 -7.363539 -3.720975 18.141354 -14.05281 -3.242697 -3e-06 -18.787432 -6e-06 -0.429716 -8.45614 2.555546 2e-06 -1e-06 0.0 -15.923724 -20.094625 -5.473645 30.419563 -7.190868 1.735988 -1e-06 -8.162995 5e-06 -1.861943 -22.861736 -6.168052 1e-06 -3e-06 -2e-06 95.372765 -15.352364 -6.200975 113.122978 0.463023 0.052082 -113.888077 0.21604 -0.227638 -7.039686 1.58056 2.115798 -1.000002 0.0 0.0 -88.380821 -15.539251 -7.874487 111.41304 0.320661 -0.208199 -107.597069 9.301015 3.285491 -6.917263 0.55921 1.618379 -1.000008 0.0 1e-06 
0.0 0.0 0.0 0.0 -0.0 0.0 0.702369 62.865353 -2.637399 91.810066 -22.581255 83.24778 22.545731 -1.358087 0.045999 0.746955 -0.893892 0.371627 34.314785 -3.138072 -1.077651 2.052759 -1.144492 2.291917 -2.303946 -0.029914 0.662921 -17.721596 2.481283 0.937808 8e-06 -0.0 -0.0 -0.108257 -0.004636 -0.020945 -0.343284 0.101624 -0.135124 -0.323271 -0.117514 0.092456 83.857338 -69.978729 -80.356445 39.352055 0.114758 -49.438122 38.186291 1.265917 0.485359 -8.239608 21.546658 -57.686768 17.636848 -26.323021 52.411774 -19.466896 -14.395826 29.410757 -1e-05 -8.774985 -9e-06 15.74882 -18.333132 6.7953 -0.609778 -1.795663 -3.889364 -4.807146 -11.046891 -2.937886 4.1e-05 -20.976246 3e-06 -5.020027 -25.033901 -4.031968 5e-06 -2e-06 1e-06 -10.634655 -5.686996 -3.565621 10.573456 -17.923109 -3.113941 2.5e-05 -13.82136 1.6e-05 -0.501753 -31.181986 -4.027061 -12.052356 -59.913956 8.245136 -13.982871 -7.15023 -2.875071 13.772943 -8.401579 -3.218282 0.347788 -34.211983 0.771706 -0.96304 -17.73365 2.621122 2e-06 -0.0 -1e-06 -17.346605 -20.095333 -4.201833 21.757877 -1.638432 3.866483 1.2e-05 -6.338892 1e-05 -1.697598 -22.592068 -6.194118 -0.0 -3e-06 -2e-06 -106.47097 -69.016861 -73.177483 38.785984 0.745846 -36.030872 37.705238 -0.005368 0.436222 2.231344 7.616187 -53.849392 22.182407 -20.376114 49.933971 -16.702002 -16.743782 28.476936 5e-06 -12.690836 -1.3e-05 16.159731 -17.102779 2.63023 -0.105925 -1.513865 -4.275928 -5.03913 -5.61292 -2.953602 3e-06 -11.020634 -8e-06 -6.111419 -15.895553 -3.840596 -1e-06 0.0 -1e-06 -10.283505 -5.680341 -4.34189 11.028459 -11.302481 -2.372663 -1.384297 -14.238722 -6.320245 -0.625405 -26.92457 -3.827709 -5.328402 -49.662502 -2.311988 -13.708706 -7.363546 -3.720988 18.141422 -14.05283 -3.24271 -2e-06 -18.787457 1.1e-05 -0.429722 -8.456154 2.555572 4e-06 -2e-06 -0.0 -15.923767 -20.094646 -5.473666 30.419668 -7.190891 1.735982 -3e-06 -8.163007 1.7e-05 -1.861952 -22.861765 -6.168045 2e-06 -1e-06 0.0 94.985283 -15.332722 -6.147228 115.462685 0.491756 0.041161 -114.70166 0.017262 -0.136516 -7.260272 1.575906 2.103137 -1.000002 -0.0 0.0 -89.098549 -16.062624 -7.213475 113.77092 0.302773 -0.201614 -108.363892 9.402725 3.122561 -7.040759 0.557074 1.616076 -1.000007 0.0 -0.0 
0.0 0.0 0.0 0.0 -0.0 0.0 0.851429 61.818443 -2.39747 91.852051 -22.182604 83.301414 22.598995 -1.266082 0.04775 0.811125 -0.8228 0.434003 34.325153 -3.024075 -0.959395 1.657656 -1.603517 2.29474 -2.276302 0.004413 0.536865 -17.456047 2.518231 0.826002 5e-06 -0.0 -0.0 -0.110441 -0.002811 -0.02399 -0.338524 0.102194 -0.140136 -0.320133 -0.11485 0.091564 84.300308 -70.216759 -80.852264 39.940205 -0.042496 -49.664402 38.365963 1.176162 0.492759 -8.218275 21.514982 -57.51815 17.636761 -26.323036 52.411625 -19.466839 -14.395782 29.410683 -1e-05 -8.774936 2e-06 15.697134 -18.358131 6.80195 -0.609775 -1.795658 -3.889355 -4.807125 -11.046892 -2.937863 2.2e-05 -20.976259 3.4e-05 -5.020049 -25.03392 -4.03189 6e-06 1e-06 -0.0 -10.634611 -5.686996 -3.565607 10.573411 -17.923111 -3.113923 9e-06 -13.821368 3e-05 -0.501804 -31.182016 -4.026999 -12.027843 -59.877666 8.205668 -13.982818 -7.150225 -2.875056 13.772882 -8.401572 -3.218275 0.347747 -34.211998 0.771736 -0.96306 -17.733658 2.621118 -0.0 1e-06 -0.0 -17.34654 -20.095318 -4.201799 21.757776 -1.638414 3.866451 7e-06 -6.338894 1.3e-05 -1.697606 -22.59207 -6.19406 -1e-06 -3e-06 -2e-06 -105.791924 -68.841576 -73.827705 38.224445 0.759698 -35.290321 38.176559 0.092308 0.435146 2.265902 7.885855 -54.585068 22.182299 -20.376175 49.93391 -16.701963 -16.743723 28.476917 1.1e-05 -12.690772 4e-06 16.152473 -17.073181 2.623698 -0.105923 -1.513864 -4.275924 -5.0391 -5.612929 -2.953595 -6e-06 -11.020666 6e-06 -6.111411 -15.895615 -3.840553 1e-06 1e-06 -1e-06 -10.283457 -5.680337 -4.341884 11.028399 -11.302501 -2.372655 -1.384296 -14.238757 -6.320225 -0.625459 -26.924641 -3.827689 -5.344195 -49.653362 -2.30082 -13.70864 -7.363544 -3.720979 18.141331 -14.052856 -3.242706 -2.4e-05 -18.787516 1.9e-05 -0.42974 -8.456185 2.555565 1e-06 -3e-06 1e-06 -15.923688 -20.094654 -5.473641 30.419518 -7.190864 1.735952 -1e-05 -8.163035 1.4e-05 -1.861969 -22.861868 -6.168037 1e-06 -1e-06 -2e-06 94.691177 -15.266912 -6.10704 117.370544 0.518443 0.026837 -115.257256 -0.181959 -0.057243 -7.474198 1.575068 2.092134 -1.000002 -1e-06 -0.0 -89.675812 -16.464201 -6.612885 115.659813 0.282718 -0.189481 -108.903648 9.491003 2.904041 -7.114486 0.560022 1.614682 -1.000006 0.0 -0.0 
0.0 0.0 0.0 0.0 -0.0 0.0 1.002073 61.058014 -2.177917 91.870514 -21.852571 83.343201 22.648104 -1.190356 0.057975 0.861836 -0.750377 0.513023 34.362919 -2.894775 -0.809443 1.252314 -2.071804 2.322075 -2.261317 0.00262 0.39616 -17.253128 2.490386 0.721958 4e-06 -0.0 0.0 -0.116396 -0.004113 -0.025709 -0.330248 0.100369 -0.139557 -0.315498 -0.115626 0.087855 84.769547 -70.423546 -81.365318 40.579739 -0.11541 -49.861912 38.365086 1.086129 0.492285 -8.194723 21.393986 -57.209934 17.636751 -26.32296 52.411556 -19.466803 -14.395762 29.410637 -1e-05 -8.774922 -3e-06 15.660896 -18.367582 6.800884 -0.609775 -1.795656 -3.88935 -4.80712 -11.046857 -2.937865 3e-05 -20.976171 2.5e-05 -5.02002 -25.033802 -4.031904 4e-06 0.0 1e-06 -10.634603 -5.686981 -3.565604 10.573386 -17.92305 -3.113918 1.5e-05 -13.82131 2.7e-05 -0.501783 -31.181843 -4.026994 -11.970652 -59.833401 8.154277 -13.982803 -7.150211 -2.875054 13.772865 -8.401545 -3.218268 0.347753 -34.211849 0.77173 -0.963049 -17.733574 2.621109 -1e-06 -2e-06 -1e-06 -17.346531 -20.095272 -4.201801 21.757753 -1.638415 3.866455 9e-06 -6.338873 1.3e-05 -1.697595 -22.591988 -6.194057 0.0 -5e-06 -2e-06 -104.981529 -68.584648 -74.577309 37.658978 0.844969 -34.729698 38.414185 0.199994 0.448716 2.265767 8.08392 -55.195419 22.182333 -20.376036 49.933704 -16.701933 -16.743689 28.476778 2e-06 -12.690764 -1.4e-05 16.159998 -17.051201 2.614712 -0.105926 -1.513861 -4.275909 -5.039104 -5.612905 -2.953586 2e-06 -11.020606 -6e-06 -6.111388 -15.895515 -3.840563 0.0 -1e-06 0.0 -10.283464 -5.68032 -4.341872 11.028405 -11.302457 -2.372645 -1.384289 -14.238688 -6.320209 -0.625412 -26.924492 -3.827683 -5.37331 -49.662048 -2.275785 -13.708644 -7.363518 -3.720972 18.141325 -14.052804 -3.242687 3e-06 -18.787415 6e-06 -0.429719 -8.456135 2.555553 -2e-06 -1e-06 -1e-06 -15.923688 -20.094582 -5.473636 30.419512 -7.190872 1.735978 2e-06 -8.16299 1.1e-05 -1.861933 -22.861717 -6.168022 -1e-06 -1e-06 -1e-06 94.569099 -15.136669 -6.08379 118.801201 0.541551 0.01832 -115.625175 -0.389092 -0.011794 -7.68718 1.580205 2.084592 -1.000002 -0.0 -0.0 -90.026978 -16.731392 -6.084326 117.044991 0.26025 -0.172525 -109.293945 9.54529 2.633642 -7.157265 0.567579 1.613174 -1.000006 -0.0 1e-06 
0.0 0.0 0.0 0.0 -0.0 0.0 1.15006 60.580276 -1.97661 91.83989 -21.571125 83.377144 22.691685 -1.12145 0.078182 0.907783 -0.677126 0.585425 34.428238 -2.768523 -0.626058 0.819248 -2.543178 2.380697 -2.25718 -0.01606 0.269149 -17.067602 2.427216 0.617704 6e-06 -0.0 -0.0 -0.124592 -0.011854 -0.024088 -0.328512 0.095704 -0.138376 -0.317309 -0.126338 0.090351 85.313385 -70.561058 -81.968552 41.222942 -0.156779 -50.083908 38.185211 0.999 0.461199 -8.13408 21.211267 -56.903996 17.636843 -26.323019 52.411671 -19.466946 -14.39584 29.410761 -1e-05 -8.774991 -3e-06 15.618497 -18.37207 6.787428 -0.609777 -1.79567 -3.889363 -4.807151 -11.046926 -2.937879 3.5e-05 -20.976332 7e-06 -5.020066 -25.034029 -4.031947 1e-06 -1e-06 -2e-06 -10.634657 -5.687013 -3.565609 10.573465 -17.923172 -3.11395 1.8e-05 -13.821418 1.5e-05 -0.501769 -31.182167 -4.027065 -11.939699 -59.787323 8.117421 -13.982875 -7.15025 -2.875055 13.772954 -8.4016 -3.218292 0.34778 -34.212143 0.771691 -0.963041 -17.733732 2.621111 4e-06 -0.0 -3e-06 -17.346621 -20.095385 -4.201804 21.757891 -1.638425 3.86647 1e-05 -6.338919 6e-06 -1.697608 -22.592197 -6.194125 -2e-06 -6e-06 -3e-06 -104.173882 -68.238426 -75.325478 37.174587 0.922182 -34.389427 38.380848 0.33008 0.456977 2.215027 8.27587 -55.733116 22.182232 -20.375919 49.933521 -16.70196 -16.743647 28.476715 -3e-06 -12.690721 1e-06 16.174242 -17.034586 2.612973 -0.105914 -1.513866 -4.2759 -5.039082 -5.612912 -2.953574 4e-06 -11.02061 -1.2e-05 -6.111362 -15.895505 -3.840528 -2e-06 -3e-06 -1e-06 -10.283438 -5.680326 -4.341852 11.028376 -11.302464 -2.372662 -1.384278 -14.238697 -6.320188 -0.625403 -26.924492 -3.827686 -5.406919 -49.713722 -2.245406 -13.708611 -7.363524 -3.720948 18.141293 -14.052816 -3.242713 1.5e-05 -18.787418 -2.3e-05 -0.429708 -8.456129 2.555524 1e-06 -2e-06 -2e-06 -15.923653 -20.094608 -5.473605 30.419447 -7.190863 1.735935 4e-06 -8.162989 -1e-05 -1.8619 -22.861727 -6.16805 -0.0 -2e-06 -2e-06 94.629524 -14.972157 -6.061763 119.769829 0.554407 0.01669 -115.837265 -0.605044 0.012233 -7.847162 1.588031 2.080488 -1.000004 -0.0 -0.0 -90.100914 -16.866888 -5.678217 117.923233 0.238273 -0.15337 -109.603142 9.573325 2.319025 -7.156723 0.573965 1.611784 -1.000008 -0.0 -0.0 
0.0 0.0 0.0 0.0 -0.0 0.0 1.279974 60.391785 -1.803648 91.768623 -21.357218 83.410011 22.715408 -1.061697 0.104868 0.954474 -0.616063 0.641777 34.522396 -2.657083 -0.438611 0.366081 -2.979666 2.456967 -2.256255 -0.015474 0.191108 -16.894457 2.345408 0.518606 6e-06 0.0 0.0 -0.131656 -0.025042 -0.019056 -0.329527 0.087745 -0.134193 -0.319877 -0.14452 0.096302 85.984116 -70.590446 -82.726089 41.8041 -0.158017 -50.340481 37.860882 0.930376 0.402039 -8.016851 20.922447 -56.706573 17.63682 -26.323145 52.411873 -19.466911 -14.395778 29.410809 -1e-05 -8.774946 -3e-06 15.595963 -18.371981 6.732604 -0.609781 -1.795667 -3.88937 -4.807133 -11.046933 -2.937886 2.5e-05 -20.976341 2.2e-05 -5.020042 -25.034035 -4.031929 6e-06 -1e-06 3e-06 -10.634632 -5.687016 -3.56563 10.573419 -17.923174 -3.113935 1e-05 -13.821418 2.4e-05 -0.501779 -31.182142 -4.02704 -11.926012 -59.746498 8.071905 -13.982846 -7.150252 -2.87508 13.772902 -8.401602 -3.218279 0.347743 -34.212143 0.771736 -0.963066 -17.733728 2.621126 2e-06 4e-06 1e-06 -17.346575 -20.095396 -4.201836 21.757809 -1.63842 3.866476 1e-05 -6.33892 1.1e-05 -1.697588 -22.592188 -6.194108 -3e-06 -3e-06 -4e-06 -103.411247 -67.833145 -76.062645 36.845798 0.953754 -34.392258 38.094006 0.443625 0.456193 2.143025 8.492291 -56.274734 22.182337 -20.376167 49.933941 -16.702003 -16.743698 28.476921 -1e-05 -12.690763 -6e-06 16.203659 -17.027918 2.613072 -0.10592 -1.513867 -4.275927 -5.039095 -5.612926 -2.953602 1.4e-05 -11.020663 -6e-06 -6.111367 -15.895589 -3.840572 -1e-06 -2e-06 0.0 -10.283463 -5.680335 -4.341894 11.028414 -11.302513 -2.37266 -1.384266 -14.238746 -6.320231 -0.625399 -26.924625 -3.827682 -5.421207 -49.785225 -2.233658 -13.708648 -7.363538 -3.720993 18.141354 -14.052881 -3.242711 2e-05 -18.787498 8e-06 -0.429718 -8.456178 2.555567 -1e-06 2e-06 0.0 -15.923673 -20.094654 -5.473669 30.419521 -7.190914 1.735952 8e-06 -8.163027 1.2e-05 -1.861907 -22.861832 -6.168036 2e-06 -2e-06 -0.0 94.834183 -14.784157 -6.026627 120.266151 0.561565 0.017745 -115.868958 -0.79487 -0.003961 -8.006756 1.601329 2.080286 -1.000002 1e-06 0.0 -89.914406 -16.880209 -5.431553 118.282829 0.211975 -0.131851 -109.849579 9.56047 2.001125 -7.152102 0.574595 1.609248 -1.000004 0.0 -0.0 
0.0 0.0 0.0 0.0 -0.0 0.0 1.385319 60.510933 -1.670881 91.663086 -21.256954 83.46817 22.731094 -1.019491 0.127223 0.99454 -0.569579 0.667171 34.624043 -2.571732 -0.276898 -0.047331 -3.277242 2.547599 -2.255343 -0.003199 0.145568 -16.760216 2.206139 0.476857 6e-06 -0.0 -0.0 -0.137093 -0.03411 -0.015781 -0.334768 0.083991 -0.131143 -0.326252 -0.158501 0.099291 86.645782 -70.491684 -83.495728 42.262779 -0.140376 -50.693077 37.462902 0.882408 0.334076 -7.820912 20.553448 -56.63512 17.636604 -26.322691 52.411392 -19.466812 -14.39565 29.410589 7e-06 -8.774877 7e-06 15.601437 -18.355583 6.672562 -0.609779 -1.795666 -3.889344 -4.807117 -11.046875 -2.937883 0.0 -20.976156 -5.8e-05 -5.019979 -25.033819 -4.031999 4e-06 -3e-06 -0.0 -10.634571 -5.687007 -3.5656 10.57332 -17.923023 -3.113968 2e-06 -13.821295 -3.9e-05 -0.501704 -31.181829 -4.027184 -11.910874 -59.739109 8.04459 -13.982767 -7.150244 -2.875049 13.772788 -8.401518 -3.218286 0.347763 -34.211781 0.771542 -0.963013 -17.733526 2.620985 -0.0 2e-06 4e-06 -17.346491 -20.095324 -4.201809 21.75766 -1.638355 3.866431 -2e-06 -6.338859 -1.6e-05 -1.697571 -22.59197 -6.194161 0.0 -7e-06 -0.0 -102.789742 -67.462502 -76.725418 36.763035 0.928531 -34.648609 37.619976 0.57129 0.447975 2.034294 8.689729 -56.699741 22.182293 -20.375973 49.933701 -16.702045 -16.743664 28.476839 -1.8e-05 -12.690759 -7e-06 16.2122 -17.031572 2.63268 -0.105919 -1.513871 -4.275913 -5.039094 -5.612925 -2.953594 1.8e-05 -11.020652 -2.8e-05 -6.111345 -15.895583 -3.840581 0.0 -3e-06 -2e-06 -10.283445 -5.680333 -4.341875 11.028414 -11.302512 -2.372674 -1.384261 -14.238754 -6.320234 -0.62535 -26.924627 -3.827734 -5.422634 -49.848999 -2.230756 -13.708632 -7.363535 -3.720974 18.14135 -14.052876 -3.242731 4.6e-05 -18.787497 -3.8e-05 -0.429697 -8.456173 2.555539 -1e-06 -0.0 -2e-06 -15.923653 -20.094639 -5.473651 30.419504 -7.190917 1.73594 1.6e-05 -8.163013 -9e-06 -1.861852 -22.861811 -6.168087 -1e-06 -2e-06 -1e-06 95.120514 -14.55173 -5.960073 120.250656 0.573156 0.011056 -115.69062 -0.9443 -0.038524 -8.110481 1.613091 2.082554 -1.000003 0.0 -0.0 -89.523277 -16.79455 -5.347877 118.112373 0.191377 -0.113161 -109.971313 9.4731 1.732061 -7.109462 0.565667 1.606157 -1.000007 -0.0 -0.0 
0.0 0.0 0.0 0.0 -0.0 0.0 1.461136 60.965504 -1.578571 91.539268 -21.315109 83.552597 22.758015 -1.000999 0.136419 1.020633 -0.549037 0.668906 34.734825 -2.514294 -0.160228 -0.430053 -3.360269 2.658479 -2.257025 -0.013361 0.09134 -16.670301 1.994673 0.515548 7e-06 0.0 0.0 -0.145213 -0.030531 -0.018865 -0.346915 0.092386 -0.132778 -0.340712 -0.15949 0.094487 87.170105 -70.277771 -84.134995 42.565945 -0.055434 -51.081139 37.037075 0.885627 0.281881 -7.575933 20.090727 -56.835857 17.63673 -26.322878 52.411751 -19.466858 -14.395745 29.410753 5e-06 -8.774941 -4e-06 15.633419 -18.330515 6.617811 -0.609782 -1.795663 -3.889363 -4.807141 -11.046882 -2.937897 1.5e-05 -20.976185 -3.8e-05 -5.020007 -25.03385 -4.032027 2e-06 -2e-06 -2e-06 -10.634623 -5.687009 -3.565625 10.573389 -17.923052 -3.113961 9e-06 -13.821319 -1.7e-05 -0.501724 -31.18189 -4.027158 -11.859623 -59.734539 8.025563 -13.982833 -7.150246 -2.875076 13.772874 -8.401539 -3.218286 0.347764 -34.21188 0.771618 -0.963033 -17.733587 2.621052 -0.0 1e-06 -1e-06 -17.346563 -20.095339 -4.201852 21.75779 -1.638384 3.866472 -1e-06 -6.33887 -2e-06 -1.697593 -22.591999 -6.194163 -1e-06 -5e-06 -2e-06 -102.303596 -67.195656 -77.340454 36.936195 0.872917 -35.235455 37.075783 0.683558 0.446078 1.841142 8.89459 -56.947205 22.182152 -20.375988 49.933666 -16.701971 -16.743677 28.476805 -1.3e-05 -12.69071 2.2e-05 16.207779 -17.012897 2.64849 -0.105916 -1.513864 -4.275911 -5.039072 -5.612902 -2.95358 1e-05 -11.020601 -1.7e-05 -6.111331 -15.895494 -3.840535 -1e-06 1e-06 -0.0 -10.283419 -5.680317 -4.341862 11.028369 -11.302458 -2.372677 -1.384255 -14.238681 -6.320201 -0.625374 -26.924454 -3.827693 -5.414357 -49.884624 -2.24575 -13.708589 -7.363512 -3.720957 18.141283 -14.052806 -3.242738 1.6e-05 -18.787401 -1.6e-05 -0.429717 -8.456121 2.555531 1e-06 -1e-06 0.0 -15.923616 -20.094578 -5.473627 30.419426 -7.190853 1.73589 2e-06 -8.162979 -3e-06 -1.861891 -22.861692 -6.168028 -1e-06 -1e-06 0.0 95.445915 -14.28 -5.870051 119.696632 0.59109 -0.004185 -115.214188 -1.038999 -0.065546 -8.168887 1.62664 2.08727 -1.000001 0.0 -0.0 -88.974693 -16.622152 -5.422329 117.391266 0.184925 -0.106599 -109.954597 9.283222 1.544173 -7.015483 0.545565 1.599883 -1.000004 0.0 0.0 
0.0 0.0 0.0 0.0 -0.0 0.0 1.508832 61.808563 -1.52699 91.402832 -21.592159 83.673523 22.776829 -1.000254 0.127643 1.045557 -0.568527 0.653008 34.877605 -2.478029 -0.098841 -0.814613 -3.232468 2.752827 -2.257055 -0.037621 0.050948 -16.632149 1.717748 0.610566 4e-06 -0.0 0.0 -0.155616 -0.020236 -0.024657 -0.357612 0.107964 -0.133472 -0.354144 -0.154128 0.083769 87.547363 -69.94957 -84.606316 42.65913 0.19858 -51.513561 36.595474 0.927715 0.237582 -7.275275 19.480854 -57.237671 17.636683 -26.323092 52.411709 -19.466682 -14.395671 29.410627 -6e-06 -8.774857 -0.0 15.677658 -18.297876 6.544825 -0.609785 -1.79565 -3.889351 -4.807092 -11.046835 -2.93786 -3e-06 -20.976124 5.7e-05 -5.020017 -25.033726 -4.031853 4e-06 0.0 1e-06 -10.634556 -5.686972 -3.565621 10.5733 -17.923019 -3.113878 -9e-06 -13.821289 4.7e-05 -0.501839 -31.181784 -4.026943 -11.760346 -59.679119 7.965261 -13.982738 -7.150201 -2.875076 13.772766 -8.401524 -3.21824 0.347674 -34.211784 0.771801 -0.963101 -17.733547 2.621125 1e-06 2e-06 -3e-06 -17.346441 -20.095242 -4.201818 21.757607 -1.638394 3.866454 1e-06 -6.338862 2.3e-05 -1.697604 -22.591928 -6.194005 -4e-06 -4e-06 -2e-06 -101.989388 -67.050369 -77.837158 37.35199 0.837043 -36.33313 36.517124 0.767133 0.465349 1.557505 9.100553 -56.874847 22.182203 -20.376158 49.933872 -16.701912 -16.74371 28.476875 4e-06 -12.690733 1.4e-05 16.204487 -16.969193 2.651522 -0.10592 -1.513857 -4.275919 -5.039087 -5.612903 -2.953589 -5e-06 -11.020606 2e-06 -6.111374 -15.89551 -3.84055 1e-06 -1e-06 0.0 -10.28343 -5.680315 -4.341877 11.028371 -11.30245 -2.372653 -1.384282 -14.238681 -6.320206 -0.625434 -26.924482 -3.827681 -5.403456 -49.886585 -2.265718 -13.708606 -7.363513 -3.720974 18.141281 -14.052791 -3.242704 -2.1e-05 -18.78742 2.9e-05 -0.429743 -8.456138 2.555562 -1e-06 -3e-06 -1e-06 -15.923635 -20.094576 -5.473638 30.419451 -7.190836 1.73593 -1.6e-05 -8.162995 1.8e-05 -1.861966 -22.861752 -6.168002 1e-06 -1e-06 1e-06 95.789528 -13.923231 -5.760888 118.497063 0.604142 -0.019764 -114.426109 -1.135317 -0.12031 -8.149305 1.640808 2.094804 -1.000002 1e-06 0.0 -88.290871 -16.365768 -5.666966 116.031731 0.191347 -0.109297 -109.523941 9.019495 1.443073 -6.914829 0.520909 1.591345 -1.000005 -0.0 0.0 
0.0 0.0 0.0 0.0 -0.0 0.0 1.530147 63.101208 -1.537284 91.265282 -22.157282 83.842247 22.805899 -1.020685 0.098762 1.059125 -0.610468 0.610072 35.018059 -2.497823 -0.090128 -1.153393 -2.924184 2.832323 -2.257739 -0.10677 0.02342 -16.683218 1.436083 0.684563 4e-06 0.0 0.0 -0.16291 -0.009477 -0.028927 -0.354611 0.123731 -0.128234 -0.351229 -0.148112 0.07016 87.57692 -69.51519 -84.695717 42.506462 0.630277 -51.856956 36.112919 1.009209 0.193538 -6.957482 18.712446 -57.752209 17.636772 -26.323061 52.4119 -19.466877 -14.395782 29.41083 -2e-06 -8.774952 -2e-06 15.7296 -18.257006 6.456716 -0.609778 -1.795664 -3.889369 -4.807143 -11.046903 -2.937893 1.9e-05 -20.976255 2e-06 -5.020031 -25.033939 -4.031981 3e-06 -2e-06 -0.0 -10.634639 -5.687008 -3.56563 10.573413 -17.923107 -3.113941 4e-06 -13.821367 1.4e-05 -0.501772 -31.182016 -4.027081 -11.623786 -59.590458 7.874255 -13.982843 -7.150244 -2.875081 13.772895 -8.401565 -3.218286 0.347742 -34.211987 0.771704 -0.963064 -17.733648 2.621109 -1e-06 1e-06 -3e-06 -17.346575 -20.095352 -4.201847 21.757812 -1.638406 3.866482 3e-06 -6.338894 9e-06 -1.697599 -22.592085 -6.194136 -1e-06 -4e-06 2e-06 -101.811272 -67.035393 -78.232285 37.966476 0.830615 -38.01585 35.967232 0.765567 0.474165 1.272426 9.319439 -56.55582 22.182333 -20.376158 49.933941 -16.701984 -16.74378 28.476923 8e-06 -12.690806 3e-06 16.249718 -16.95257 2.62753 -0.105922 -1.513863 -4.275927 -5.039115 -5.612922 -2.953594 -8e-06 -11.020646 1e-06 -6.111427 -15.89558 -3.840562 -1e-06 -1e-06 -0.0 -10.283481 -5.680336 -4.341884 11.028428 -11.302485 -2.372662 -1.384303 -14.238732 -6.320223 -0.625444 -26.924582 -3.827695 -5.386906 -49.889561 -2.299174 -13.708677 -7.36354 -3.720977 18.141376 -14.052835 -3.242714 -1.6e-05 -18.787481 1.7e-05 -0.429737 -8.456169 2.555563 0.0 1e-06 -1e-06 -15.923727 -20.094641 -5.473645 30.419621 -7.190868 1.735956 -9e-06 -8.163021 1.4e-05 -1.861976 -22.861832 -6.168036 -2e-06 -2e-06 -3e-06 96.133102 -13.450168 -5.658103 116.485954 0.601604 -0.030756 -113.358414 -1.251393 -0.232644 -7.994592 1.64326 2.104693 -1.000003 0.0 -0.0 -87.506798 -16.000811 -6.079245 113.894524 0.205126 -0.116318 -108.859245 8.671677 1.32325 -6.766479 0.505619 1.587711 -1.000006 0.0 -0.0 
0.0 0.0 0.0 0.0 -0.0 0.0 1.524639 64.883438 -1.635167 91.14592 -23.076849 84.050957 22.851393 -1.073515 0.047785 1.072768 -0.667369 0.557508 35.112926 -2.57371 -0.127043 -1.466386 -2.527136 2.892484 -2.264564 -0.195898 -0.017078 -16.809954 1.213774 0.706487 6e-06 -0.0 -0.0 -0.16467 -0.005378 -0.027385 -0.348953 0.135306 -0.117194 -0.345372 -0.151201 0.062216 87.214264 -68.948837 -84.408478 42.042366 1.280056 -52.06942 35.481297 1.026166 0.169238 -6.68851 17.839388 -58.274101 17.636831 -26.323175 52.411839 -19.46694 -14.395933 29.410822 -1.1e-05 -8.775016 7e-06 15.798267 -18.20307 6.34301 -0.609777 -1.795662 -3.889369 -4.80715 -11.046916 -2.937866 3.2e-05 -20.976318 4.3e-05 -5.020101 -25.033997 -4.031906 7e-06 1e-06 -0.0 -10.634669 -5.687001 -3.565608 10.573492 -17.923157 -3.113942 1.3e-05 -13.821406 3.8e-05 -0.501816 -31.182108 -4.026996 -11.53627 -59.539936 7.817743 -13.982902 -7.150237 -2.87505 13.772997 -8.401598 -3.218304 0.347744 -34.212143 0.771771 -0.963072 -17.733734 2.621147 -2e-06 0.0 -0.0 -17.346651 -20.095354 -4.201794 21.757944 -1.638437 3.866454 9e-06 -6.338916 1.9e-05 -1.697638 -22.592155 -6.194067 -1e-06 -1e-06 -2e-06 -101.730392 -67.091225 -78.567848 38.691257 0.878228 -40.172226 35.306973 0.696261 0.473488 0.986633 9.56355 -56.237728 22.182436 -20.376219 49.933937 -16.701996 -16.743818 28.476919 -0.0 -12.690844 -7e-06 16.356367 -17.015871 2.585976 -0.10592 -1.513861 -4.275927 -5.039126 -5.612921 -2.953592 6e-06 -11.020659 1.2e-05 -6.111433 -15.895583 -3.840556 0.0 -2e-06 -1e-06 -10.283504 -5.680331 -4.341884 11.028461 -11.302505 -2.372649 -1.384297 -14.238745 -6.320213 -0.625453 -26.924639 -3.827641 -5.383059 -49.951546 -2.328322 -13.708704 -7.363536 -3.720977 18.141428 -14.05287 -3.242694 -8e-06 -18.787518 4.6e-05 -0.429733 -8.456192 2.555585 -0.0 -1e-06 0.0 -15.923763 -20.094637 -5.473639 30.419685 -7.190913 1.735976 -1e-06 -8.163033 2.5e-05 -1.861978 -22.861862 -6.168009 2e-06 -1e-06 1e-06 96.424736 -12.891635 -5.608501 113.58609 0.570514 -0.03593 -111.866592 -1.362462 -0.360291 -7.794353 1.637965 2.113553 -1.000005 0.0 -0.0 -86.694489 -15.517415 -6.650366 110.885765 0.217903 -0.125151 -107.772491 8.210696 1.192455 -6.58734 0.501031 1.590388 -1.000004 0.0 -0.0 
0.0 0.0 0.0 0.0 -0.0 0.0 1.511145 67.173134 -1.817416 91.075111 -24.372894 84.260468 22.89818 -1.187653 -0.000192 1.098751 -0.732838 0.51449 35.150742 -2.670881 -0.189044 -1.807766 -2.13857 2.883429 -2.275064 -0.234872 -0.060474 -16.960377 1.004738 0.703464 6e-06 -0.0 0.0 -0.166238 -0.005086 -0.021526 -0.350838 0.146021 -0.104353 -0.349836 -0.161046 0.06085 86.523979 -68.21698 -83.893486 41.255199 2.086526 -52.201832 34.620312 0.912999 0.143161 -6.493052 16.793278 -58.505119 17.636705 -26.322958 52.411434 -19.466747 -14.395727 29.410563 -7e-06 -8.774899 1e-06 15.905699 -18.177853 6.195689 -0.609775 -1.795654 -3.889342 -4.80711 -11.046851 -2.93785 1.2e-05 -20.976151 4e-05 -5.020031 -25.033768 -4.031873 5e-06 1e-06 -0.0 -10.634572 -5.686977 -3.565593 10.573349 -17.923038 -3.1139 2e-06 -13.821303 3.4e-05 -0.501817 -31.181826 -4.026969 -11.581522 -59.58366 7.82744 -13.982769 -7.150206 -2.875042 13.77282 -8.401535 -3.218257 0.347718 -34.211826 0.771751 -0.963068 -17.733561 2.621102 -0.0 1e-06 0.0 -17.346489 -20.095257 -4.201776 21.757694 -1.638403 3.866437 4e-06 -6.338869 1.6e-05 -1.697606 -22.591959 -6.194023 1e-06 -7e-06 -3e-06 -101.693512 -67.158073 -78.91172 39.448265 0.995634 -42.562656 34.316273 0.607105 0.444731 0.621789 9.806668 -55.946381 22.182272 -20.376007 49.933418 -16.701874 -16.743662 28.476608 -9e-06 -12.690717 -8e-06 16.467356 -17.133657 2.56924 -0.105918 -1.513855 -4.27589 -5.039076 -5.612884 -2.953559 1.3e-05 -11.020578 1.1e-05 -6.111351 -15.895435 -3.840491 -1e-06 -3e-06 -0.0 -10.283429 -5.680295 -4.341841 11.028378 -11.302441 -2.372629 -1.384282 -14.238643 -6.320137 -0.625436 -26.924406 -3.82759 -5.398906 -50.094994 -2.331834 -13.708605 -7.363486 -3.720939 18.141281 -14.052793 -3.242671 1.3e-05 -18.787382 2.5e-05 -0.429705 -8.456118 2.555541 -2e-06 1e-06 -1e-06 -15.923638 -20.094517 -5.473577 30.419434 -7.190873 1.735955 8e-06 -8.162971 1e-05 -1.861925 -22.861649 -6.167955 0.0 -2e-06 -2e-06 96.729523 -12.244529 -5.647361 109.698036 0.521568 -0.039222 -109.975426 -1.45306 -0.469738 -7.625466 1.634668 2.123322 -1.000001 0.0 0.0 -85.854965 -14.923635 -7.330878 106.913361 0.231037 -0.137791 -106.225861 7.680051 1.091165 -6.404179 0.486476 1.592054 -1.000006 1e-06 -0.0 
0.0 0.0 0.0 0.0 -0.0 0.0 1.521325 69.95459 -2.060358 91.015099 -26.105734 84.53653 22.90263 -1.3111 -0.078869 1.157055 -0.81465 0.538291 35.165535 -2.682413 -0.269871 -2.263369 -2.020976 2.706514 -2.24408 0.002115 0.033114 -17.261909 0.626278 0.715743 7e-06 -0.0 -0.0 -0.154093 0.048588 -0.039158 -0.362368 0.225917 -0.124127 -0.356094 -0.134788 0.044957 86.104179 -67.424248 -83.858299 40.304939 3.178736 -52.126835 33.40963 0.696516 0.099214 -6.41452 15.492413 -58.724594 17.636759 -26.323084 52.411613 -19.466816 -14.395818 29.410675 -8e-06 -8.77495 5e-06 16.049614 -18.17547 5.932898 -0.609778 -1.795657 -3.889352 -4.807128 -11.04688 -2.937852 1.3e-05 -20.976236 5.3e-05 -5.020078 -25.033888 -4.031874 7e-06 -2e-06 1e-06 -10.634614 -5.686985 -3.565599 10.573404 -17.923094 -3.113908 -0.0 -13.82136 4.1e-05 -0.501845 -31.181986 -4.026969 -11.609104 -59.59584 7.639361 -13.982814 -7.150216 -2.875045 13.772885 -8.401559 -3.218271 0.347706 -34.211975 0.771785 -0.963085 -17.733646 2.621137 0.0 1e-06 2e-06 -17.346554 -20.095297 -4.201777 21.757795 -1.638411 3.866447 1e-06 -6.338894 2.3e-05 -1.697631 -22.592077 -6.194035 -0.0 -5e-06 -2e-06 -101.891403 -67.303871 -78.909958 40.280186 1.335768 -45.315884 33.024776 0.378647 0.343797 0.036513 9.877057 -55.649345 22.182316 -20.376131 49.933651 -16.701954 -16.743715 28.476776 -1.8e-05 -12.690757 -2e-06 16.506599 -17.184109 2.570652 -0.105917 -1.513859 -4.275908 -5.039086 -5.612903 -2.953578 1.8e-05 -11.020632 8e-06 -6.111364 -15.895526 -3.840528 -1e-06 0.0 0.0 -10.283446 -5.680305 -4.341862 11.028417 -11.302491 -2.372644 -1.384271 -14.238708 -6.32018 -0.62541 -26.924557 -3.827623 -5.496188 -50.113834 -2.311996 -13.708629 -7.363501 -3.720959 18.141344 -14.052853 -3.242692 1.8e-05 -18.787464 3.1e-05 -0.42971 -8.456162 2.555563 3e-06 -1e-06 1e-06 -15.92366 -20.094566 -5.473606 30.419529 -7.190917 1.735945 1.1e-05 -8.163011 1.5e-05 -1.861919 -22.861795 -6.167992 -1e-06 -4e-06 0.0 97.093109 -11.389085 -5.780138 104.658508 0.393373 -0.044915 -107.930222 -1.730313 -0.675041 -6.989501 1.580567 2.166165 -1.000002 0.0 0.0 -84.976028 -14.26561 -8.145212 101.892563 0.205418 -0.151248 -104.252098 7.309577 0.953512 -6.147964 0.533609 1.627474 -1.000003 1e-06 0.0 
0.0 0.0 0.0 0.0 -0.0 0.0 1.523829 73.011314 -2.325291 90.9972 -27.941845 84.707253 22.881283 -1.443626 -0.088065 1.184132 -0.845429 0.496045 35.178947 -2.840061 -0.358002 -2.527998 -1.904011 2.605156 -2.226827 0.144441 0.018276 -17.380882 0.400898 0.660437 7e-06 -0.0 0.0 -0.139218 0.078584 -0.045044 -0.39083 0.271582 -0.139347 -0.378132 -0.120559 0.04823 85.514458 -66.587914 -83.474144 39.266048 4.180924 -52.19817 32.006001 0.402343 0.088231 -6.586282 14.348125 -58.669804 17.636721 -26.322899 52.411671 -19.466835 -14.395662 29.410696 5e-06 -8.774903 -6e-06 16.130676 -18.175653 5.814701 -0.609783 -1.795668 -3.889358 -4.807135 -11.046906 -2.937892 1e-06 -20.976246 -2.8e-05 -5.020005 -25.033934 -4.031996 6e-06 4e-06 1e-06 -10.634598 -5.687021 -3.565623 10.573341 -17.923092 -3.113943 -3e-06 -13.821353 -1.1e-05 -0.50175 -31.181986 -4.027135 -11.767079 -59.700432 7.627453 -13.982797 -7.15026 -2.875075 13.772817 -8.401551 -3.21827 0.347733 -34.211956 0.771627 -0.963045 -17.73362 2.621051 -0.0 1e-06 1e-06 -17.346533 -20.095379 -4.201838 21.757711 -1.638371 3.866475 -2e-06 -6.338887 -2e-06 -1.69759 -22.592073 -6.194146 0.0 -2e-06 -3e-06 -102.262794 -67.325363 -78.638351 41.122749 1.575858 -47.293633 31.228186 0.277637 0.275699 -0.576411 9.852715 -55.60878 22.182159 -20.37598 49.93367 -16.701967 -16.74361 28.476805 -2e-06 -12.690683 1.2e-05 16.515244 -17.294014 2.620358 -0.105919 -1.513867 -4.27591 -5.039073 -5.612921 -2.953586 3e-06 -11.020638 -2e-05 -6.111333 -15.895565 -3.840548 -2e-06 1e-06 0.0 -10.28341 -5.680333 -4.341868 11.02835 -11.302483 -2.372672 -1.384265 -14.238728 -6.32021 -0.625398 -26.924549 -3.827717 -5.432719 -50.279358 -2.314601 -13.708577 -7.363531 -3.720966 18.141243 -14.052834 -3.242729 1e-05 -18.787451 -2.9e-05 -0.429719 -8.456147 2.555524 -0.0 0.0 1e-06 -15.923603 -20.094624 -5.473634 30.419378 -7.190856 1.735912 -0.0 -8.162996 -8e-06 -1.861888 -22.861761 -6.168058 1e-06 -2e-06 -1e-06 97.846176 -10.600802 -5.905735 98.754524 0.347934 -0.03955 -105.966827 -1.779334 -0.689837 -6.572249 1.547514 2.171932 -1.000002 0.0 0.0 -83.8144 -13.523499 -9.047073 96.062035 0.182326 -0.129811 -102.126724 6.830387 0.81592 -5.897768 0.539829 1.647335 -1.000006 0.0 0.0 
0.0 0.0 0.0 0.0 -0.0 0.0 1.467657 76.325798 -2.580493 90.989777 -29.786879 84.788536 22.839235 -1.564815 -0.058979 1.156864 -0.846708 0.437684 35.17445 -3.06919 -0.484271 -2.415262 -1.743554 2.687753 -2.284036 0.054305 -0.236512 -17.353233 0.449066 0.550088 8e-06 0.0 0.0 -0.13835 0.079332 -0.03894 -0.475091 0.279039 -0.156694 -0.46148 -0.124309 0.076868 84.842964 -65.889557 -82.628128 38.258644 5.013652 -52.632313 30.540564 0.018399 0.025716 -6.98377 13.411356 -58.36385 17.636887 -26.323271 52.412094 -19.466974 -14.395829 29.410925 -2e-06 -8.774994 -6e-06 16.218334 -18.251591 5.898341 -0.609791 -1.795673 -3.889383 -4.807164 -11.046985 -2.937897 2e-06 -20.976442 2.1e-05 -5.020091 -25.034178 -4.031972 6e-06 0.0 -0.0 -10.634678 -5.687039 -3.565642 10.573457 -17.923246 -3.113945 -1e-06 -13.821485 2.1e-05 -0.501814 -31.182337 -4.027075 -12.031336 -59.995762 7.92954 -13.982906 -7.150285 -2.875086 13.772963 -8.401628 -3.218292 0.347719 -34.21233 0.771739 -0.963079 -17.733828 2.621134 -4e-06 1e-06 1e-06 -17.346664 -20.095478 -4.201842 21.757904 -1.638413 3.8665 3e-06 -6.33895 1e-05 -1.697618 -22.592316 -6.194148 -1e-06 -4e-06 -2e-06 -102.994331 -67.297813 -77.901192 42.153225 1.568352 -48.520721 29.098303 0.16997 0.27398 -1.162249 9.731373 -55.922535 22.182467 -20.37635 49.934162 -16.702087 -16.743834 28.477062 -1.1e-05 -12.690856 -0.0 16.568005 -17.528713 2.682804 -0.105924 -1.513871 -4.275944 -5.039127 -5.61295 -2.953608 1.2e-05 -11.020724 8e-06 -6.111423 -15.895682 -3.840568 0.0 1e-06 0.0 -10.283518 -5.680353 -4.341906 11.028491 -11.302576 -2.372666 -1.384283 -14.238827 -6.320242 -0.62543 -26.924799 -3.827663 -5.32989 -50.625546 -2.350695 -13.708723 -7.363563 -3.720998 18.141478 -14.052959 -3.242722 7e-06 -18.787626 3.6e-05 -0.429728 -8.456238 2.555596 -0.0 -2e-06 0.0 -15.923767 -20.094734 -5.473669 30.419724 -7.190957 1.735957 1e-06 -8.163081 2e-05 -1.861952 -22.862007 -6.168036 -1e-06 -3e-06 -1e-06 99.119934 -9.852568 -5.893113 91.954468 0.397009 -0.055468 -103.952438 -1.732556 -0.61133 -6.066214 1.554479 2.159475 -1.000004 -0.0 -0.0 -82.206406 -12.61217 -10.036296 89.380463 0.17521 -0.070435 -99.779274 6.359037 0.741822 -5.755002 0.478218 1.63353 -1.000005 -0.0 -0.0 
0.0 0.0 0.0 0.0 -0.0 0.0 1.41772 79.914459 -2.787522 90.955139 -31.646507 84.909103 22.755289 -1.625945 -0.069906 1.125226 -0.859994 0.45468 35.210133 -3.165202 -0.598927 -2.024409 -1.868589 2.595054 -2.317357 0.127488 -0.34555 -17.507795 0.351448 0.425787 6e-06 0.0 -0.0 -0.149009 0.100292 -0.04192 -0.551332 0.317514 -0.179019 -0.545059 -0.118243 0.092072 84.879555 -65.387711 -82.618492 37.424973 5.740656 -52.928745 29.031633 -0.399848 0.023689 -7.482331 12.346309 -58.197193 17.636707 -26.322865 52.411507 -19.466778 -14.395669 29.410589 -2e-06 -8.774892 -7e-06 16.334841 -18.339201 5.885869 -0.60978 -1.795663 -3.889345 -4.807118 -11.046866 -2.937876 1.2e-05 -20.976168 -8e-06 -5.019996 -25.033808 -4.031952 8e-06 3e-06 0.0 -10.634582 -5.686997 -3.565612 10.573339 -17.923048 -3.113925 5e-06 -13.821307 -2e-06 -0.501757 -31.181835 -4.027077 -12.133657 -60.181007 7.931358 -13.982775 -7.15023 -2.875062 13.772808 -8.401534 -3.218262 0.347747 -34.211819 0.771663 -0.963042 -17.733549 2.621064 1e-06 -0.0 -1e-06 -17.346498 -20.095306 -4.201818 21.757685 -1.638388 3.866458 3e-06 -6.338867 5e-06 -1.697589 -22.591969 -6.194087 -0.0 -6e-06 -2e-06 -103.907898 -67.468422 -76.873199 43.423481 1.522223 -49.520378 27.226885 -0.095856 0.288412 -1.85529 9.173802 -56.283123 22.182114 -20.375956 49.933586 -16.701931 -16.743607 28.476761 -4e-06 -12.690663 2.2e-05 16.574102 -17.6859 2.733922 -0.105915 -1.513865 -4.275903 -5.039062 -5.612909 -2.953577 -2e-06 -11.02061 -1.5e-05 -6.111325 -15.895515 -3.840531 1e-06 2e-06 1e-06 -10.283397 -5.680321 -4.341859 11.028332 -11.302462 -2.372669 -1.384258 -14.238692 -6.320195 -0.625399 -26.924482 -3.827701 -5.340028 -50.745735 -2.387887 -13.708557 -7.363518 -3.720956 18.141222 -14.052806 -3.242727 4e-06 -18.787415 -2.4e-05 -0.429722 -8.456126 2.555522 -2e-06 -2e-06 -1e-06 -15.923582 -20.094591 -5.473615 30.419321 -7.190835 1.735895 0.0 -8.162983 -7e-06 -1.861897 -22.861721 -6.168034 2e-06 2e-06 -1e-06 100.79789 -8.994522 -5.877847 84.448212 0.344933 -0.092872 -101.04319 -1.811764 -0.828738 -5.540948 1.550523 2.175719 -1.000002 0.0 -0.0 -80.154366 -11.589799 -11.049508 81.852493 0.132025 -0.003044 -96.766563 6.072281 0.587651 -5.599066 0.47951 1.640085 -1.000007 1e-06 1e-06 
0.0 0.0 0.0 0.0 -0.0 0.0 1.40897 83.577126 -2.936289 90.973236 -33.288647 85.001114 22.672087 -1.653002 -0.060367 1.0342 -0.860509 0.45561 35.306 -3.24182 -0.703291 -1.17522 -2.045476 2.400189 -2.363519 0.161723 -0.40556 -17.694107 0.314721 0.218802 5e-06 -0.0 -0.0 -0.15972 0.09765 -0.033781 -0.605678 0.323596 -0.176375 -0.608607 -0.126006 0.104649 85.002747 -65.091713 -82.498016 36.904041 6.11924 -53.342606 27.70273 -0.720659 0.066743 -8.135051 11.296518 -57.826904 17.636705 -26.322809 52.411289 -19.466789 -14.39571 29.410528 1e-06 -8.774909 -0.0 16.43339 -18.405331 5.894023 -0.609778 -1.79566 -3.889338 -4.807124 -11.046876 -2.937854 5e-06 -20.976196 -1e-06 -5.020035 -25.033855 -4.031931 7e-06 -0.0 -1e-06 -10.634585 -5.686994 -3.565587 10.573349 -17.923056 -3.113922 2e-06 -13.821319 3e-06 -0.501785 -31.18189 -4.027065 -12.221297 -60.318993 7.889054 -13.982785 -7.150228 -2.875033 13.772831 -8.401538 -3.218268 0.347733 -34.211884 0.77166 -0.963042 -17.733589 2.62105 1e-06 2e-06 1e-06 -17.346519 -20.095299 -4.201767 21.757719 -1.638383 3.866441 1e-06 -6.338876 1e-06 -1.697608 -22.592022 -6.194089 0.0 -5e-06 -2e-06 -104.906296 -67.787056 -75.677521 44.827511 1.246859 -50.028004 25.87009 -0.330943 0.310969 -2.330742 8.499963 -56.870388 22.182215 -20.375996 49.933453 -16.701931 -16.743649 28.476683 -7e-06 -12.69071 7e-06 16.573294 -17.819508 2.774021 -0.105917 -1.513861 -4.275895 -5.039072 -5.612906 -2.953564 9e-06 -11.020622 5e-06 -6.11136 -15.895517 -3.840496 -0.0 -1e-06 1e-06 -10.283418 -5.680312 -4.341844 11.028369 -11.302478 -2.372648 -1.38428 -14.238705 -6.32016 -0.625439 -26.92453 -3.827628 -5.287573 -50.804398 -2.452254 -13.708592 -7.363507 -3.720938 18.141279 -14.05283 -3.242698 6e-06 -18.787447 7e-06 -0.429717 -8.45615 2.555539 0.0 -1e-06 0.0 -15.923621 -20.094578 -5.473579 30.419409 -7.19087 1.735925 1e-06 -8.163003 -1e-06 -1.861917 -22.861776 -6.168008 -1e-06 -3e-06 -1e-06 103.085403 -8.108998 -5.953792 76.370338 0.275124 -0.126647 -97.637932 -1.804931 -1.053591 -5.318851 1.551034 2.184391 -1.000007 1e-06 0.0 -77.573906 -10.538999 -11.941832 73.695984 0.091507 0.080034 -93.245003 5.87426 0.342303 -5.521874 0.500405 1.643663 -1.000005 -0.0 -0.0 
0.0 0.0 0.0 0.0 -0.0 0.0 1.468694 87.105743 -3.02854 91.016212 -34.628883 85.110542 22.560984 -1.647457 -0.049955 0.883474 -0.83936 0.453605 35.44083 -3.273682 -0.799423 0.122154 -2.159339 2.138386 -2.415018 0.168323 -0.42042 -17.996483 0.312136 -0.029309 6e-06 -0.0 -0.0 -0.165498 0.079723 -0.021416 -0.634025 0.305728 -0.154506 -0.646203 -0.139773 0.107146 85.348778 -64.978195 -82.4132 36.708904 6.134195 -53.762993 26.76403 -0.880967 0.116287 -8.90261 10.418024 -57.231499 17.636677 -26.322832 52.411407 -19.466755 -14.395691 29.410557 -3e-06 -8.774888 -0.0 16.461603 -18.453375 5.921124 -0.609778 -1.795656 -3.889341 -4.807109 -11.046844 -2.937865 1.6e-05 -20.976128 -2e-06 -5.019993 -25.033758 -4.031933 7e-06 3e-06 -0.0 -10.634575 -5.68698 -3.565598 10.57334 -17.92301 -3.113921 8e-06 -13.821279 7e-06 -0.501765 -31.181778 -4.02705 -12.317157 -60.408249 7.815928 -13.982766 -7.150211 -2.875046 13.772807 -8.401519 -3.218264 0.347747 -34.211754 0.771667 -0.963035 -17.733517 2.62106 0.0 0.0 0.0 -17.346487 -20.095253 -4.201796 21.757677 -1.638389 3.866443 1e-06 -6.338857 5e-06 -1.697593 -22.591928 -6.194068 -1e-06 -3e-06 -3e-06 -105.813179 -68.174881 -74.470512 46.146149 0.776611 -50.275124 25.242716 -0.534586 0.320247 -2.452886 7.873881 -57.631817 22.182222 -20.375996 49.933537 -16.701902 -16.743628 28.476692 -5e-06 -12.690701 -4e-06 16.541189 -17.926815 2.80187 -0.105919 -1.513861 -4.275898 -5.039074 -5.612896 -2.953572 6e-06 -11.020596 -1e-06 -6.11135 -15.89549 -3.840525 2e-06 3e-06 1e-06 -10.283419 -5.680307 -4.341857 11.02836 -11.302454 -2.372644 -1.384279 -14.238674 -6.320175 -0.625422 -26.924465 -3.827652 -5.173362 -50.77269 -2.559725 -13.708588 -7.363501 -3.720955 18.141258 -14.0528 -3.242688 6e-06 -18.787399 4e-06 -0.429715 -8.456129 2.555538 1e-06 -2e-06 1e-06 -15.923615 -20.094549 -5.473608 30.419392 -7.190865 1.735945 4e-06 -8.162981 5e-06 -1.861912 -22.861694 -6.168003 2e-06 -4e-06 -2e-06 105.840897 -7.19558 -6.08911 68.102242 0.199048 -0.134597 -93.673134 -1.760012 -1.252665 -5.425444 1.559026 2.187426 -1.0 -0.0 -0.0 -74.556122 -9.539144 -12.682184 65.239914 0.068404 0.160907 -89.282722 5.745813 0.002643 -5.52801 0.520894 1.638985 -1.000004 1e-06 0.0 
0.0 0.0 0.0 0.0 -0.0 0.0 1.575434 90.295998 -3.083538 91.035149 -35.588318 85.296806 22.42099 -1.617281 -0.062797 0.673128 -0.815959 0.44796 35.578026 -3.249166 -0.860919 1.739395 -2.052656 1.875938 -2.459332 0.130601 -0.390089 -18.408216 0.281946 -0.221697 6e-06 -0.0 0.0 -0.16794 0.060258 -0.010923 -0.63303 0.275603 -0.121932 -0.655749 -0.144767 0.096149 85.933617 -65.049736 -82.346298 36.826927 5.769513 -54.200241 26.467104 -0.850614 0.156608 -9.728247 9.860598 -56.356213 17.636723 -26.322996 52.411797 -19.466854 -14.395751 29.410769 -2e-06 -8.77493 3e-06 16.430389 -18.48918 5.974523 -0.60978 -1.795664 -3.889365 -4.807133 -11.046897 -2.93789 1.6e-05 -20.97625 -1.1e-05 -5.020017 -25.033928 -4.031972 6e-06 0.0 0.0 -10.634614 -5.687008 -3.565624 10.573387 -17.923096 -3.113947 7e-06 -13.82136 7e-06 -0.50176 -31.182007 -4.027091 -12.425982 -60.480648 7.788177 -13.982818 -7.150245 -2.875075 13.772868 -8.401559 -3.218285 0.347743 -34.211975 0.771679 -0.963055 -17.733644 2.621087 1e-06 3e-06 2e-06 -17.346548 -20.095346 -4.201837 21.757769 -1.638396 3.866467 -0.0 -6.33889 6e-06 -1.697593 -22.592073 -6.194128 2e-06 -5e-06 -2e-06 -106.44529 -68.615623 -73.454788 47.255878 0.123778 -50.195225 25.288033 -0.626403 0.319496 -2.211776 7.302867 -58.304905 22.182257 -20.376101 49.933846 -16.702021 -16.743723 28.476913 -9e-06 -12.690768 1.1e-05 16.475197 -18.001123 2.839655 -0.105917 -1.513867 -4.27592 -5.039093 -5.612924 -2.953593 8e-06 -11.020657 -1.3e-05 -6.111379 -15.895591 -3.840565 -1e-06 0.0 -1e-06 -10.28345 -5.680334 -4.34188 11.028414 -11.302506 -2.372674 -1.384269 -14.238757 -6.32023 -0.625394 -26.924644 -3.827712 -5.055954 -50.682819 -2.65559 -13.708634 -7.363536 -3.720973 18.14135 -14.052863 -3.242733 8e-06 -18.787498 -8e-06 -0.429721 -8.456175 2.555553 1e-06 1e-06 1e-06 -15.923664 -20.094641 -5.473646 30.419529 -7.190892 1.735922 -0.0 -8.163021 2e-06 -1.861915 -22.861832 -6.168058 -0.0 -4e-06 -2e-06 108.930176 -6.293822 -6.233102 59.998043 0.134884 -0.120449 -89.383568 -1.605639 -1.409153 -5.745079 1.569363 2.184122 -1.000003 -0.0 -0.0 -71.199921 -8.642575 -13.309278 56.846584 0.074677 0.206618 -85.136024 5.688247 -0.325639 -5.618019 0.534922 1.625899 -1.000006 -1e-06 -0.0 
0.0 0.0 0.0 0.0 -0.0 0.0 1.7048 92.95787 -3.13669 90.996101 -36.125904 85.548218 22.227779 -1.574577 -0.083726 0.40532 -0.809608 0.445843 35.663235 -3.181882 -0.892996 3.438507 -1.73208 1.6484 -2.478733 0.081102 -0.300813 -18.949863 0.224284 -0.320829 6e-06 -0.0 -0.0 -0.169311 0.050433 -0.005037 -0.612807 0.245753 -0.089946 -0.648793 -0.131879 0.076405 86.835144 -65.302635 -82.454071 37.171623 5.025573 -54.595436 26.971062 -0.731866 0.172364 -10.368475 9.674619 -55.167763 17.63682 -26.322996 52.411655 -19.466888 -14.395758 29.410717 -0.0 -8.77495 -8e-06 16.386467 -18.513077 6.01574 -0.609784 -1.795668 -3.889357 -4.807146 -11.046928 -2.937881 1e-05 -20.976311 5e-06 -5.020055 -25.034 -4.031956 8e-06 4e-06 0.0 -10.634639 -5.68702 -3.565613 10.57341 -17.923151 -3.113939 4e-06 -13.821404 5e-06 -0.501775 -31.182133 -4.027099 -12.547524 -60.569843 7.809338 -13.98285 -7.150259 -2.875062 13.772898 -8.401583 -3.218276 0.347737 -34.212093 0.771683 -0.963052 -17.733698 2.621087 -2e-06 3e-06 0.0 -17.346601 -20.095396 -4.201809 21.757822 -1.638401 3.866481 2e-06 -6.338911 3e-06 -1.697613 -22.592146 -6.194122 2e-06 -4e-06 -2e-06 -106.526962 -69.111008 -72.925446 48.071579 -0.725548 -49.921261 25.920559 -0.644124 0.291449 -1.716322 6.917775 -58.624485 22.182383 -20.376095 49.933746 -16.702095 -16.743769 28.47687 -1.7e-05 -12.690829 -4e-06 16.436581 -18.027754 2.877548 -0.105915 -1.513872 -4.275919 -5.03911 -5.612943 -2.953588 1.7e-05 -11.020705 -7e-06 -6.111403 -15.895656 -3.840543 1e-06 -0.0 -1e-06 -10.283488 -5.680346 -4.34187 11.028467 -11.30256 -2.372672 -1.384277 -14.238819 -6.320222 -0.6254 -26.924784 -3.827689 -4.946807 -50.598736 -2.723968 -13.708682 -7.363548 -3.720964 18.141439 -14.052935 -3.242732 3.4e-05 -18.787577 -1.2e-05 -0.429703 -8.456211 2.555552 -2e-06 0.0 -0.0 -15.923731 -20.094696 -5.473621 30.419662 -7.190952 1.735939 1.6e-05 -8.163055 -6e-06 -1.861893 -22.861944 -6.16808 2e-06 -2e-06 -1e-06 112.151802 -5.495087 -6.374801 52.483501 0.094441 -0.090053 -85.39167 -1.302396 -1.492497 -6.12402 1.589332 2.180792 -1.000004 -0.0 -0.0 -67.751244 -7.853363 -13.849885 49.052471 0.091881 0.201849 -81.092186 5.69968 -0.558463 -5.805007 0.554824 1.611161 -1.000007 0.0 1e-06 
0.0 0.0 0.0 0.0 -0.0 0.0 1.865458 95.059509 -3.218983 90.849731 -36.331844 85.907753 21.901131 -1.474968 -0.110252 0.087045 -0.877108 0.524464 35.738468 -2.930995 -0.907382 4.995062 -1.605934 1.363799 -2.449487 0.240876 -0.040422 -19.781759 0.059918 -0.348972 6e-06 0.0 -0.0 -0.152995 0.071295 -0.011448 -0.582104 0.260565 -0.086849 -0.632326 -0.1033 0.060047 88.760597 -65.635338 -83.875099 37.616596 4.115928 -54.463619 27.936914 -0.605011 0.265813 -10.540664 9.569082 -54.028713 17.636869 -26.323072 52.4119 -19.466974 -14.395865 29.410852 -1.4e-05 -8.775006 -6e-06 16.122936 -18.412922 5.986378 -0.609782 -1.795668 -3.889374 -4.807151 -11.046918 -2.937897 5.3e-05 -20.976313 -1e-06 -5.020034 -25.033998 -4.03198 7e-06 2e-06 -0.0 -10.634671 -5.687008 -3.565629 10.573488 -17.923157 -3.113961 2.9e-05 -13.821397 1.2e-05 -0.501732 -31.182102 -4.027077 -12.542954 -60.479195 7.571485 -13.982898 -7.150245 -2.875078 13.772979 -8.401599 -3.218299 0.347808 -34.212082 0.771688 -0.963033 -17.733704 2.621118 0.0 -1e-06 1e-06 -17.346638 -20.095373 -4.201846 21.757923 -1.638441 3.866485 1.1e-05 -6.338911 8e-06 -1.697588 -22.592152 -6.194137 -1e-06 -4e-06 -3e-06 -106.41053 -69.745331 -72.430443 48.64616 -1.610443 -49.834164 27.094122 -0.723549 0.224029 -1.391216 6.80484 -58.697212 22.182346 -20.376118 49.933895 -16.702099 -16.743834 28.476974 -2.7e-05 -12.69084 1.6e-05 16.327486 -18.008394 2.922156 -0.105914 -1.513868 -4.27593 -5.039109 -5.612919 -2.953595 2.6e-05 -11.020657 -1.4e-05 -6.111382 -15.895574 -3.840569 -0.0 1e-06 -0.0 -10.283499 -5.680328 -4.341879 11.028487 -11.302518 -2.372691 -1.38426 -14.238747 -6.320237 -0.62535 -26.924627 -3.827702 -4.885987 -50.26466 -2.724655 -13.708696 -7.363525 -3.720971 18.141472 -14.052884 -3.242758 3.8e-05 -18.787495 1e-06 -0.42971 -8.456175 2.555565 -2e-06 2e-06 -1e-06 -15.923731 -20.094629 -5.473651 30.41971 -7.190941 1.735908 1.3e-05 -8.163019 1e-05 -1.86191 -22.861813 -6.168039 2e-06 -3e-06 -1e-06 115.319511 -4.760371 -6.472164 45.674377 0.022313 -0.023108 -81.920433 -1.154592 -1.66279 -6.142493 1.531534 2.197214 -1.000001 0.0 0.0 -64.483307 -7.158378 -14.303972 42.195095 0.066941 0.139459 -77.266396 5.699519 -0.849267 -5.925135 0.665726 1.640644 -1.000008 0.0 -0.0 
0.0 0.0 0.0 0.0 -0.0 0.0 1.929843 96.518227 -3.320301 90.778511 -36.070068 86.035835 21.514986 -1.496147 -0.074943 -0.256501 -0.842846 0.442435 35.612755 -2.997215 -0.936232 6.236103 -1.049587 1.462508 -2.476422 0.124463 -0.072313 -20.159218 0.159009 -0.263279 6e-06 0.0 0.0 -0.14491 0.0663 -0.008001 -0.584046 0.216227 -0.086526 -0.62558 -0.070211 0.066321 90.147232 -66.135666 -84.234612 37.979027 2.948882 -54.141418 29.423769 -0.401738 0.232322 -10.457982 9.767539 -52.574677 17.636852 -26.323065 52.411865 -19.466997 -14.395884 29.41086 -2.1e-05 -8.775004 1e-06 16.24468 -18.377897 6.028203 -0.609781 -1.795669 -3.889372 -4.807141 -11.046912 -2.937898 6.9e-05 -20.976297 -8e-06 -5.020005 -25.033966 -4.031965 7e-06 3e-06 0.0 -10.634668 -5.687004 -3.565624 10.573503 -17.923159 -3.113969 4.1e-05 -13.82139 1.2e-05 -0.50171 -31.182072 -4.027059 -12.734424 -60.626255 7.902742 -13.982893 -7.150239 -2.875071 13.772982 -8.401603 -3.218309 0.347835 -34.21207 0.771681 -0.963021 -17.733681 2.621125 -0.0 -1e-06 -1e-06 -17.34663 -20.095366 -4.201842 21.757917 -1.63845 3.866468 1.7e-05 -6.338905 7e-06 -1.697567 -22.592119 -6.194125 1e-06 -2e-06 -1e-06 -105.367165 -70.168694 -72.796318 48.891479 -2.60836 -48.828388 28.031515 -0.579665 0.213527 -0.63209 6.918634 -58.670868 22.182409 -20.376169 49.933922 -16.702085 -16.743868 28.476974 -2.3e-05 -12.690873 6e-06 16.387827 -17.93861 2.923205 -0.105917 -1.513865 -4.27593 -5.03912 -5.612918 -2.953595 2.5e-05 -11.020657 -4e-06 -6.111412 -15.895572 -3.840569 -1e-06 -1e-06 -0.0 -10.283511 -5.680325 -4.341883 11.028505 -11.302517 -2.372677 -1.384273 -14.238746 -6.320231 -0.625381 -26.924637 -3.82767 -4.760052 -50.255135 -2.793584 -13.708713 -7.363524 -3.720974 18.141495 -14.052886 -3.24274 3e-05 -18.78751 2e-05 -0.429712 -8.456185 2.55558 -1e-06 -0.0 -1e-06 -15.923755 -20.094625 -5.473649 30.419762 -7.190948 1.735935 1.2e-05 -8.163027 1.8e-05 -1.861945 -22.861832 -6.168022 2e-06 -5e-06 -2e-06 118.435059 -4.430197 -6.814917 40.007202 0.073753 -0.062962 -79.541611 -0.559757 -1.491709 -6.339855 1.569503 2.174929 -1.000004 -0.0 -0.0 -61.452278 -6.495026 -14.519567 36.65818 0.130171 0.089897 -74.381126 5.621051 -0.784978 -6.085558 0.637766 1.615151 -1.000008 0.0 0.0 
0.0 0.0 0.0 0.0 -0.0 0.0 1.97376 97.520592 -3.463992 90.619461 -35.574257 86.155922 21.05871 -1.53108 -0.015573 -0.594812 -0.826477 0.502683 35.510033 -2.94524 -0.934944 7.04883 -0.811546 1.505549 -2.457811 0.257379 -0.102644 -20.848032 0.252236 -0.169387 5e-06 -0.0 0.0 -0.127191 0.06623 -0.009656 -0.562845 0.200327 -0.108096 -0.587017 -0.056059 0.084404 91.746956 -66.392906 -85.258331 38.031265 1.939219 -52.996048 30.563652 -0.124902 0.304036 -10.22837 9.724597 -51.819218 17.636789 -26.322996 52.411724 -19.46698 -14.395862 29.410801 -1e-05 -8.774997 4e-06 16.321306 -18.147795 5.902616 -0.609778 -1.79567 -3.889366 -4.807149 -11.046925 -2.937884 4.1e-05 -20.976315 -1.4e-05 -5.020042 -25.034008 -4.031977 5e-06 3e-06 1e-06 -10.634654 -5.687016 -3.565611 10.573471 -17.923157 -3.113972 2.1e-05 -13.821399 0.0 -0.501742 -31.182102 -4.027097 -12.54799 -60.569168 7.891937 -13.982877 -7.150254 -2.875051 13.772959 -8.401593 -3.218311 0.347795 -34.21209 0.771652 -0.963027 -17.733696 2.621087 -2e-06 1e-06 -1e-06 -17.346628 -20.095388 -4.201811 21.757906 -1.638419 3.866455 7e-06 -6.338911 -1e-06 -1.69759 -22.592161 -6.194145 1e-06 -3e-06 -1e-06 -103.804482 -70.6623 -73.527725 48.790386 -3.239532 -47.95982 29.08226 -0.659787 0.173158 -0.284231 7.131552 -58.295658 22.18239 -20.376106 49.933754 -16.702011 -16.743694 28.476818 -1.8e-05 -12.690763 -1.4e-05 16.434725 -17.99544 2.939542 -0.105921 -1.513868 -4.275915 -5.039096 -5.612919 -2.953591 2.2e-05 -11.020658 -4e-06 -6.111361 -15.895567 -3.840547 2e-06 -2e-06 -0.0 -10.283468 -5.680325 -4.341878 11.028425 -11.30252 -2.372651 -1.384267 -14.238744 -6.320206 -0.625398 -26.924616 -3.827654 -4.90881 -50.200748 -2.740108 -13.708653 -7.363524 -3.720977 18.141363 -14.052889 -3.2427 3.7e-05 -18.787498 4e-06 -0.429707 -8.456172 2.555558 0.0 1e-06 -1e-06 -15.923683 -20.094629 -5.473644 30.419542 -7.190943 1.735958 1.6e-05 -8.163023 6e-06 -1.86189 -22.861824 -6.168026 2e-06 -4e-06 -2e-06 121.115005 -4.284142 -7.228521 35.627422 0.073224 -0.038065 -77.740059 -0.189691 -1.505893 -6.269931 1.577506 2.166856 -1.000003 0.0 -0.0 -58.860332 -5.870926 -14.578248 32.402542 0.178724 0.021741 -72.088913 5.338138 -0.822825 -6.108902 0.629494 1.623822 -1.000005 0.0 -0.0 
0.0 0.0 0.0 0.0 -0.0 0.0 2.016807 98.119186 -3.614535 90.289879 -34.844349 86.578369 20.676632 -1.474556 -0.052975 -0.912121 -0.904033 0.48373 35.299957 -2.739363 -0.930485 7.590055 -0.655567 1.671927 -2.486765 0.169339 -0.031927 -21.40505 0.243332 -0.056263 6e-06 -0.0 0.0 -0.13335 0.113648 -0.028941 -0.53296 0.21062 -0.128822 -0.561488 0.027291 0.06406 93.19445 -66.94696 -86.152596 38.320026 1.161967 -51.938732 31.328415 0.101816 0.315802 -9.947837 9.538432 -50.924011 17.636919 -26.323057 52.411938 -19.466988 -14.395831 29.410864 -2e-06 -8.775014 -1.5e-05 16.115662 -18.225571 6.095478 -0.609786 -1.795672 -3.889376 -4.807171 -11.046945 -2.937904 3.5e-05 -20.976347 -1.8e-05 -5.020048 -25.034061 -4.032022 7e-06 1e-06 0.0 -10.634689 -5.687031 -3.565636 10.573482 -17.92318 -3.113964 1.9e-05 -13.821428 -3e-06 -0.501735 -31.182188 -4.027139 -12.766834 -60.615696 8.057686 -13.982917 -7.150271 -2.875085 13.772979 -8.401604 -3.218292 0.347794 -34.212154 0.771653 -0.96303 -17.733728 2.621099 -3e-06 0.0 -0.0 -17.346674 -20.09543 -4.201857 21.757948 -1.638422 3.86651 1e-05 -6.338921 0.0 -1.697604 -22.592199 -6.194178 0.0 -4e-06 -2e-06 -103.133133 -70.808037 -73.603226 48.656853 -4.239548 -47.031811 29.85891 -0.444944 0.190736 0.002569 7.141746 -57.812588 22.182436 -20.376177 49.934013 -16.702108 -16.743795 28.477009 -1.7e-05 -12.690845 -6e-06 16.335623 -17.94125 3.019054 -0.105923 -1.513873 -4.275935 -5.039121 -5.612941 -2.953607 2e-05 -11.020701 -1.3e-05 -6.111403 -15.895654 -3.840595 0.0 0.0 -0.0 -10.283508 -5.680346 -4.341898 11.028484 -11.302554 -2.372678 -1.384273 -14.238808 -6.320261 -0.62537 -26.924765 -3.827722 -4.870975 -50.094551 -2.692096 -13.708709 -7.363552 -3.720994 18.141466 -14.052932 -3.242738 3.4e-05 -18.787577 -4e-06 -0.42971 -8.456212 2.555574 -2e-06 -3e-06 -1e-06 -15.92375 -20.0947 -5.473678 30.419706 -7.190959 1.735955 1.2e-05 -8.163054 6e-06 -1.861903 -22.861933 -6.168087 -3e-06 -4e-06 -1e-06 123.36689 -4.135615 -7.52702 32.509304 0.052021 -0.059752 -76.677063 0.207786 -1.379435 -6.119426 1.539078 2.160423 -1.000006 0.0 -0.0 -56.320126 -5.42484 -14.893436 28.845249 0.151877 -0.067673 -70.983711 5.404504 -0.790631 -6.046519 0.654933 1.61793 -1.000007 0.0 -0.0 
0.0 0.0 0.0 0.0 -0.0 0.0 2.029717 98.473076 -3.799938 90.008957 -34.060848 86.850075 20.267223 -1.467535 0.031846 -1.172809 -0.919681 0.484959 35.083706 -2.628674 -0.893843 7.686874 -0.578176 1.751408 -2.464076 0.225075 -0.003964 -21.714043 0.236572 0.077802 8e-06 0.0 -0.0 -0.135516 0.10038 -0.032208 -0.498309 0.182908 -0.140013 -0.520268 0.026688 0.067599 94.246849 -67.205391 -86.752296 38.46122 0.871482 -50.771938 31.446068 0.310209 0.300322 -9.627571 9.472037 -50.740952 17.636732 -26.322826 52.411491 -19.466782 -14.395697 29.410597 -7e-06 -8.774902 -9e-06 16.026653 -18.201727 6.142265 -0.609779 -1.79566 -3.889346 -4.807113 -11.04684 -2.93788 3.7e-05 -20.97612 -1.5e-05 -5.019963 -25.033737 -4.03196 5e-06 1e-06 -0.0 -10.634589 -5.686981 -3.56561 10.573368 -17.923014 -3.113932 2.2e-05 -13.821274 1e-06 -0.501724 -31.181744 -4.027064 -12.577336 -60.560043 7.961609 -13.982785 -7.15021 -2.875064 13.77283 -8.401528 -3.218264 0.347791 -34.211735 0.771655 -0.963019 -17.733505 2.621077 -2e-06 1e-06 1e-06 -17.346502 -20.095261 -4.201824 21.75771 -1.638407 3.866462 8e-06 -6.338854 3e-06 -1.697566 -22.591919 -6.194095 -0.0 -4e-06 -2e-06 -101.804451 -70.927826 -74.419128 48.2785 -4.782777 -46.229473 30.261526 -0.392187 0.20224 0.163534 7.297676 -56.913372 22.182281 -20.376011 49.933681 -16.701998 -16.743681 28.476807 -1.7e-05 -12.690748 0.0 16.381802 -17.917973 3.016987 -0.105917 -1.513865 -4.275909 -5.039084 -5.612908 -2.953587 2e-05 -11.020628 -1.7e-05 -6.111354 -15.895539 -3.840557 -0.0 -0.0 -0.0 -10.283443 -5.680316 -4.34187 11.028409 -11.302485 -2.372668 -1.384261 -14.238719 -6.320213 -0.625367 -26.924566 -3.827698 -4.922728 -50.157883 -2.683986 -13.708622 -7.363511 -3.720968 18.141336 -14.052844 -3.24272 3.2e-05 -18.787441 -1.1e-05 -0.429704 -8.456145 2.555549 -2e-06 3e-06 -0.0 -15.923645 -20.094584 -5.47364 30.419495 -7.190907 1.735933 1.2e-05 -8.162996 -0.0 -1.861881 -22.861753 -6.168043 2e-06 -2e-06 1e-06 125.126434 -4.180972 -7.956307 30.469574 0.048865 -0.05675 -76.053413 0.602768 -1.277122 -6.086381 1.558253 2.164114 -1.000001 -0.0 -0.0 -54.298466 -5.014949 -15.071203 26.334204 0.131218 -0.084845 -70.252213 5.169447 -0.755242 -5.948352 0.651831 1.615764 -1.000003 0.0 0.0 
0.0 0.0 0.0 0.0 -0.0 0.0 2.03886 98.644569 -3.990565 89.695236 -33.200291 87.125427 19.925919 -1.456377 0.110018 -1.373518 -0.898387 0.483373 34.884212 -2.538738 -0.825508 7.593079 -0.569951 1.856478 -2.436061 0.235293 0.008699 -21.955118 0.323371 0.147515 6e-06 0.0 0.0 -0.134229 0.088549 -0.032231 -0.444109 0.162759 -0.144796 -0.459589 0.021135 0.072762 94.972115 -67.322647 -87.207169 38.616631 0.892736 -49.931644 31.058964 0.374335 0.262015 -9.346589 9.515138 -50.885838 17.636747 -26.323044 52.411724 -19.466818 -14.395725 29.410713 3e-06 -8.774915 -2e-06 15.976747 -18.186235 6.150978 -0.609783 -1.795664 -3.889357 -4.807133 -11.046903 -2.937876 -7e-06 -20.976252 1.9e-05 -5.020049 -25.033928 -4.031939 6e-06 3e-06 1e-06 -10.634607 -5.68701 -3.565619 10.57336 -17.923105 -3.113922 -7e-06 -13.821369 1.5e-05 -0.501804 -31.182011 -4.027062 -12.442175 -60.516937 7.86801 -13.982811 -7.150248 -2.875071 13.772846 -8.40156 -3.218268 0.347703 -34.21199 0.771711 -0.963071 -17.733646 2.62109 -1e-06 -0.0 0.0 -17.346548 -20.095358 -4.201817 21.75774 -1.638385 3.866468 -2e-06 -6.338896 1e-05 -1.697614 -22.592091 -6.194098 3e-06 1e-06 -0.0 -100.476967 -70.876038 -75.404869 47.843479 -5.074333 -45.719658 30.24221 -0.387398 0.201003 0.108691 7.488116 -56.219067 22.182302 -20.376196 49.933811 -16.702009 -16.743771 28.476898 -1.4e-05 -12.690794 1.2e-05 16.413929 -17.925331 3.007241 -0.105917 -1.513863 -4.275921 -5.039096 -5.612921 -2.953585 1.3e-05 -11.020665 9e-06 -6.111386 -15.895583 -3.840529 -1e-06 -2e-06 0.0 -10.283462 -5.680325 -4.341874 11.028432 -11.302519 -2.37266 -1.384276 -14.23876 -6.320202 -0.625431 -26.92466 -3.827633 -4.973415 -50.278831 -2.648106 -13.708645 -7.363524 -3.720968 18.141378 -14.052886 -3.242718 5e-06 -18.787529 3.2e-05 -0.429726 -8.456194 2.555575 -1e-06 1e-06 -1e-06 -15.923679 -20.094633 -5.473621 30.419577 -7.190912 1.735924 2e-06 -8.163035 1.5e-05 -1.861946 -22.861874 -6.168003 -1e-06 -1e-06 -1e-06 126.531425 -4.324239 -8.394207 29.291851 0.046433 -0.026469 -75.865768 1.02042 -1.133592 -6.013061 1.551251 2.163879 -1.000004 0.0 0.0 -52.532513 -4.658617 -15.217513 24.501102 0.115247 -0.090791 -69.993263 4.990116 -0.776176 -5.821547 0.66671 1.622688 -1.000004 0.0 -0.0 
0.0 0.0 0.0 0.0 -0.0 0.0 2.043009 98.723801 -4.197438 89.381462 -32.295647 87.354927 19.643835 -1.454689 0.191064 -1.534286 -0.864682 0.481684 34.734947 -2.486266 -0.740725 7.429137 -0.517968 1.982295 -2.408905 0.190415 0.027307 -22.044416 0.429437 0.212959 6e-06 -0.0 0.0 -0.131634 0.075128 -0.029907 -0.391015 0.147418 -0.146048 -0.399975 0.00754 0.079775 95.415245 -67.351852 -87.499947 38.861729 1.176477 -49.307529 30.251236 0.374421 0.20271 -9.096556 9.558962 -51.16787 17.636671 -26.322718 52.411312 -19.466728 -14.3956 29.410488 -0.0 -8.774853 -9e-06 15.966549 -18.181515 6.14492 -0.609779 -1.795658 -3.889334 -4.807104 -11.046839 -2.937872 1.7e-05 -20.976103 -2.4e-05 -5.019956 -25.033739 -4.031952 7e-06 1e-06 1e-06 -10.634557 -5.686986 -3.5656 10.573302 -17.922993 -3.113922 1.2e-05 -13.821261 -1e-05 -0.501731 -31.181726 -4.027081 -12.36626 -60.494694 7.805846 -13.982738 -7.150214 -2.875056 13.772759 -8.401513 -3.21825 0.347764 -34.211712 0.771617 -0.963018 -17.733496 2.621034 -1e-06 1e-06 -1e-06 -17.346451 -20.095257 -4.201811 21.75761 -1.638379 3.866451 5e-06 -6.338846 -5e-06 -1.697564 -22.59189 -6.194096 -1e-06 -3e-06 -2e-06 -99.420143 -70.71418 -76.214745 47.564224 -5.134926 -45.621525 29.704212 -0.420632 0.195325 -0.096214 7.716352 -55.650646 22.182158 -20.375858 49.933392 -16.701914 -16.743591 28.476627 -1.5e-05 -12.690672 -1e-06 16.415932 -17.940346 3.012861 -0.105919 -1.513862 -4.275889 -5.039057 -5.612881 -2.953568 1.9e-05 -11.020555 -1.9e-05 -6.111305 -15.895408 -3.840523 1e-06 -3e-06 1e-06 -10.283399 -5.680298 -4.341845 11.028347 -11.302428 -2.372657 -1.384258 -14.238623 -6.320165 -0.625364 -26.924324 -3.827666 -5.021097 -50.430622 -2.589042 -13.708566 -7.363489 -3.720943 18.141241 -14.052772 -3.242707 3.8e-05 -18.787323 -2.7e-05 -0.429698 -8.456084 2.555515 -1e-06 -1e-06 0.0 -15.92358 -20.094515 -5.473603 30.41934 -7.190862 1.735922 1.4e-05 -8.162942 -9e-06 -1.861862 -22.861567 -6.16801 -0.0 -1e-06 0.0 127.681892 -4.551742 -8.832902 28.703539 0.050975 0.012496 -75.8713 1.431546 -0.978964 -5.95511 1.544005 2.164796 -1.000002 0.0 0.0 -50.986866 -4.334451 -15.354496 23.176785 0.102164 -0.092826 -69.909996 4.867451 -0.785272 -5.703253 0.685055 1.631287 -1.000008 -0.0 -0.0 
0.0 0.0 0.0 0.0 -0.0 0.0 2.047467 98.738014 -4.415447 89.08812 -31.340914 87.51857 19.412416 -1.464132 0.267613 -1.663588 -0.830191 0.49003 34.642361 -2.460848 -0.668306 7.327012 -0.386695 2.130186 -2.389651 0.119277 0.049244 -22.000059 0.513617 0.309266 7e-06 0.0 0.0 -0.128038 0.061951 -0.026884 -0.345825 0.13445 -0.146575 -0.349646 -0.007756 0.0875 95.616051 -67.323997 -87.611694 39.213581 1.590848 -48.802387 29.134565 0.328917 0.127788 -8.841139 9.5833 -51.443638 17.636753 -26.322939 52.411522 -19.466799 -14.395764 29.410622 -5e-06 -8.774926 -3e-06 15.97356 -18.191254 6.151564 -0.609777 -1.795658 -3.889349 -4.807124 -11.046859 -2.937862 2e-05 -20.976171 2.1e-05 -5.02003 -25.033798 -4.031911 6e-06 2e-06 0.0 -10.634607 -5.686986 -3.5656 10.573385 -17.923048 -3.11392 8e-06 -13.821311 2.3e-05 -0.501807 -31.181852 -4.027007 -12.337574 -60.485737 7.811617 -13.982808 -7.150217 -2.875051 13.772862 -8.401542 -3.218268 0.34774 -34.211853 0.77172 -0.963057 -17.733574 2.6211 -1e-06 1e-06 1e-06 -17.346537 -20.095282 -4.201796 21.757757 -1.638405 3.866451 4e-06 -6.33887 1e-05 -1.697607 -22.591976 -6.194056 2e-06 -4e-06 -2e-06 -98.633247 -70.533432 -76.869934 47.580627 -5.016527 -45.68425 28.649052 -0.473163 0.168751 -0.370962 7.81369 -55.152905 22.182253 -20.376032 49.933613 -16.701937 -16.7437 28.476749 -6e-06 -12.690742 6e-06 16.395233 -17.95504 3.041729 -0.105919 -1.51386 -4.275906 -5.039083 -5.6129 -2.953574 8e-06 -11.020606 -1e-06 -6.111371 -15.895494 -3.840524 -0.0 -2e-06 -0.0 -10.283439 -5.680309 -4.341857 11.028393 -11.30246 -2.372654 -1.384278 -14.238676 -6.320179 -0.625414 -26.924465 -3.827652 -5.054199 -50.587559 -2.520082 -13.708619 -7.363504 -3.720953 18.141314 -14.052812 -3.242704 5e-06 -18.787416 1.2e-05 -0.429722 -8.456136 2.555545 1e-06 1e-06 1e-06 -15.923649 -20.094564 -5.473608 30.419477 -7.190868 1.735933 -0.0 -8.162989 8e-06 -1.861939 -22.861729 -6.168002 0.0 -5e-06 -2e-06 128.695404 -4.82547 -9.229248 28.494152 0.0627 0.036374 -76.042198 1.814033 -0.809386 -5.89126 1.544009 2.167648 -0.999999 -0.0 0.0 -49.578159 -4.048887 -15.552185 22.215187 0.091338 -0.086697 -69.989212 4.827647 -0.771309 -5.594412 0.699948 1.638645 -1.000004 -0.0 0.0 
0.0 0.0 0.0 0.0 -0.0 0.0 2.061594 98.721672 -4.627069 88.824654 -30.354628 87.621475 19.216026 -1.482342 0.331368 -1.773513 -0.805576 0.508147 34.621395 -2.434399 -0.625584 7.31451 -0.169035 2.286908 -2.384523 0.040765 0.069103 -21.853436 0.568559 0.449801 7e-06 -0.0 0.0 -0.12874 0.055961 -0.025704 -0.311821 0.12943 -0.147354 -0.314321 -0.016359 0.091602 95.73037 -67.252205 -87.675049 39.619671 1.991811 -48.40472 27.937319 0.254567 0.054278 -8.525306 9.56713 -51.583202 17.636772 -26.322914 52.411633 -19.466843 -14.395729 29.410686 -2e-06 -8.774931 -9e-06 15.994087 -18.204823 6.170419 -0.609782 -1.795661 -3.889356 -4.807134 -11.046887 -2.937886 2.2e-05 -20.976219 -1.1e-05 -5.02001 -25.033884 -4.031978 6e-06 2e-06 1e-06 -10.634617 -5.687004 -3.565619 10.573385 -17.923084 -3.113935 1.2e-05 -13.821343 2e-06 -0.501751 -31.181946 -4.027086 -12.297884 -60.458466 7.852067 -13.982822 -7.150241 -2.875068 13.772865 -8.401555 -3.218271 0.347764 -34.211929 0.771664 -0.963039 -17.733616 2.621085 -1e-06 0.0 -0.0 -17.34655 -20.095335 -4.201828 21.757769 -1.638401 3.866476 6e-06 -6.338884 3e-06 -1.697595 -22.592052 -6.19412 1e-06 -4e-06 -1e-06 -98.0578 -70.372459 -77.413147 47.880379 -4.762598 -45.750168 27.253872 -0.557277 0.132327 -0.619132 7.612091 -54.656178 22.182287 -20.376093 49.933819 -16.702042 -16.743744 28.476919 -1.2e-05 -12.690792 1.1e-05 16.370417 -17.964214 3.075431 -0.10592 -1.513866 -4.275921 -5.039098 -5.612927 -2.953593 1.2e-05 -11.020666 -1.2e-05 -6.111384 -15.895602 -3.840565 0.0 -0.0 0.0 -10.283466 -5.680332 -4.341876 11.028432 -11.302513 -2.372676 -1.38427 -14.238764 -6.32023 -0.625391 -26.924677 -3.827709 -5.068717 -50.733807 -2.458588 -13.708651 -7.363533 -3.720971 18.141375 -14.052878 -3.242736 2e-05 -18.787525 -8e-06 -0.429718 -8.456188 2.555554 0.0 1e-06 0.0 -15.923688 -20.094641 -5.473639 30.419577 -7.190908 1.735923 2e-06 -8.16303 2e-06 -1.861911 -22.861868 -6.168064 -3e-06 -3e-06 -2e-06 129.644485 -5.104897 -9.563023 28.500429 0.077154 0.037996 -76.3134 2.142248 -0.644217 -5.833971 1.556553 2.171562 -1.0 0.0 -0.0 -48.253368 -3.805681 -15.806504 21.492914 0.084903 -0.077994 -70.090599 4.871311 -0.76067 -5.519129 0.70809 1.643295 -1.000003 0.0 0.0 
0.0 0.0 0.0 0.0 -0.0 0.0 2.09192 98.702942 -4.825994 88.589981 -29.352507 87.675362 19.033432 -1.501368 0.382103 -1.877606 -0.78399 0.50885 34.668781 -2.420734 -0.614685 7.427103 0.105848 2.412377 -2.385686 -0.018702 0.118206 -21.667665 0.653104 0.606548 6e-06 -0.0 0.0 -0.133905 0.051439 -0.025635 -0.29304 0.130438 -0.149586 -0.295002 -0.027529 0.094748 95.848015 -67.200699 -87.726196 40.041637 2.233143 -48.141556 26.990393 0.183427 -0.008824 -8.165079 9.482514 -51.433754 17.636742 -26.323095 52.411705 -19.46681 -14.395782 29.410706 -3e-06 -8.774934 3e-06 16.04092 -18.224274 6.186277 -0.609781 -1.795659 -3.889358 -4.807128 -11.046893 -2.937865 2e-06 -20.976257 4.1e-05 -5.020066 -25.033926 -4.031898 5e-06 -1e-06 0.0 -10.634607 -5.686997 -3.565611 10.573382 -17.923101 -3.113914 -4e-06 -13.821367 3.5e-05 -0.501829 -31.182011 -4.027002 -12.232844 -60.429634 7.902355 -13.982812 -7.150231 -2.875058 13.772865 -8.40156 -3.21827 0.347697 -34.212006 0.771761 -0.963085 -17.73366 2.621119 -2e-06 2e-06 -1e-06 -17.346542 -20.095325 -4.201798 21.757763 -1.638401 3.866455 2e-06 -6.338894 1.7e-05 -1.697622 -22.592073 -6.194058 1e-06 -2e-06 -2e-06 -97.701973 -70.315491 -77.755554 48.460285 -4.505521 -45.886005 25.917091 -0.669627 0.096962 -0.781052 7.22148 -54.176208 22.182285 -20.376238 49.93383 -16.701965 -16.743757 28.476883 -1.3e-05 -12.690772 1.6e-05 16.342144 -17.965919 3.100163 -0.105918 -1.513858 -4.27592 -5.03909 -5.612916 -2.953583 1e-05 -11.020659 1.8e-05 -6.111385 -15.895574 -3.840516 -2e-06 1e-06 0.0 -10.283451 -5.680316 -4.341875 11.028417 -11.302511 -2.372651 -1.384277 -14.238742 -6.320188 -0.625456 -26.924639 -3.827609 -5.077604 -50.842297 -2.434399 -13.708632 -7.363517 -3.720968 18.141354 -14.052877 -3.242708 -4e-06 -18.787523 4.6e-05 -0.429733 -8.456194 2.555576 0.0 0.0 -0.0 -15.923664 -20.09461 -5.47362 30.419538 -7.190904 1.735922 -6e-06 -8.163037 2.1e-05 -1.861955 -22.861879 -6.167986 4e-06 1e-06 2e-06 130.587433 -5.374255 -9.877275 28.581242 0.089734 0.025297 -76.57943 2.434304 -0.472207 -5.768229 1.572852 2.176744 -0.999999 -0.0 0.0 -46.967995 -3.593742 -16.087717 20.892258 0.080666 -0.072366 -70.184113 4.987199 -0.760203 -5.457707 0.709663 1.645263 -1.000004 1e-06 -0.0 
0.0 0.0 0.0 0.0 -0.0 0.0 2.140903 98.705551 -5.014634 88.394287 -28.36285 87.694824 18.841471 -1.525368 0.413231 -1.982538 -0.773688 0.492855 34.779976 -2.417141 -0.640038 7.687284 0.457528 2.479856 -2.381485 -0.074781 0.220588 -21.544792 0.780769 0.742337 6e-06 -0.0 -0.0 -0.137703 0.046232 -0.025078 -0.281425 0.133774 -0.14994 -0.281565 -0.041914 0.096733 96.064911 -67.249832 -87.817688 40.490211 2.291287 -47.919479 26.491772 0.185683 -0.046457 -7.801342 9.399674 -51.088245 17.636782 -26.323072 52.411987 -19.466906 -14.395778 29.410887 2e-06 -8.77496 -1e-06 16.088287 -18.233868 6.177334 -0.609783 -1.795668 -3.889374 -4.807154 -11.046923 -2.937902 4e-06 -20.976299 -4e-06 -5.020047 -25.034008 -4.032001 6e-06 2e-06 0.0 -10.634641 -5.687024 -3.56564 10.573408 -17.923134 -3.113952 -1e-06 -13.821393 7e-06 -0.501777 -31.182093 -4.02711 -12.151912 -60.401154 7.905326 -13.98285 -7.150264 -2.875091 13.772897 -8.40157 -3.21829 0.347727 -34.212051 0.771688 -0.96307 -17.733685 2.6211 -3e-06 1e-06 -0.0 -17.346598 -20.095402 -4.201862 21.75783 -1.638393 3.86649 3e-06 -6.338908 7e-06 -1.697613 -22.592157 -6.19416 -1e-06 -2e-06 -4e-06 -97.414375 -70.439804 -77.943611 49.243732 -4.340914 -46.271725 25.121408 -0.772777 0.067423 -0.845317 6.896694 -53.733528 22.182318 -20.37611 49.933987 -16.702076 -16.743752 28.477007 -6e-06 -12.690812 5e-06 16.336884 -17.970181 3.091114 -0.10592 -1.513872 -4.275935 -5.039109 -5.612942 -2.953609 9e-06 -11.020685 -2.2e-05 -6.111393 -15.895648 -3.840603 0.0 4e-06 0.0 -10.283479 -5.680348 -4.341895 11.028443 -11.302526 -2.372686 -1.384274 -14.238789 -6.320263 -0.625381 -26.924704 -3.827751 -5.07 -50.918766 -2.44707 -13.708672 -7.363557 -3.72099 18.141403 -14.052898 -3.24275 1.8e-05 -18.787548 -2.1e-05 -0.429721 -8.456197 2.555558 0.0 3e-06 -1e-06 -15.923709 -20.094696 -5.473676 30.419617 -7.19091 1.735933 2e-06 -8.163039 -1e-06 -1.86191 -22.861904 -6.1681 2e-06 -2e-06 -1e-06 131.551285 -5.615793 -10.244482 28.619589 0.097884 0.014837 -76.753754 2.730116 -0.264324 -5.701841 1.583334 2.180018 -1.000005 -0.0 -0.0 -45.703373 -3.407566 -16.32762 20.303247 0.077246 -0.070741 -70.170197 5.120818 -0.79098 -5.405061 0.716027 1.647557 -1.000008 1e-06 0.0 
0.0 0.0 0.0 0.0 -0.0 0.0 2.195525 98.736809 -5.195293 88.242256 -27.416529 87.710457 18.638365 -1.552077 0.418052 -2.092448 -0.776522 0.46536 34.924217 -2.411386 -0.69799 8.104118 0.889608 2.502377 -2.374292 -0.143204 0.358044 -21.553312 0.915937 0.836818 6e-06 0.0 -0.0 -0.137908 0.034897 -0.020625 -0.269714 0.12788 -0.14408 -0.270407 -0.058956 0.100517 96.388222 -67.441231 -87.94162 40.98695 2.155024 -47.829021 26.489515 0.220753 -0.065799 -7.419473 9.558573 -50.763187 17.636684 -26.322874 52.411472 -19.466789 -14.395674 29.410589 2e-06 -8.774888 0.0 16.110323 -18.226501 6.144452 -0.609781 -1.795666 -3.889344 -4.807123 -11.046885 -2.93787 -2e-06 -20.9762 -7e-06 -5.020017 -25.033857 -4.031944 4e-06 -1e-06 0.0 -10.634582 -5.687005 -3.565603 10.573332 -17.923067 -3.113928 -0.0 -13.821332 -2e-06 -0.50177 -31.181908 -4.027084 -12.04433 -60.341766 7.854373 -13.982778 -7.15024 -2.875053 13.772806 -8.401539 -3.218266 0.347721 -34.211884 0.77166 -0.963048 -17.733582 2.621052 -0.0 -0.0 0.0 -17.346506 -20.095333 -4.201798 21.757683 -1.638374 3.86645 -0.0 -6.338877 0.0 -1.697604 -22.592022 -6.194093 -1e-06 -5e-06 -3e-06 -97.014923 -70.772064 -78.138138 50.121849 -4.318028 -46.786804 25.037416 -0.812735 0.044117 -0.867561 6.768104 -53.285645 22.182226 -20.376074 49.933716 -16.701921 -16.743605 28.476797 0.0 -12.69069 -2e-06 16.370455 -17.984249 3.033059 -0.105925 -1.513867 -4.275911 -5.039075 -5.61292 -2.953588 2e-06 -11.020644 -4e-06 -6.111352 -15.895565 -3.840544 -1e-06 0.0 -0.0 -10.28342 -5.680326 -4.341876 11.028352 -11.30249 -2.372649 -1.384278 -14.23873 -6.320206 -0.625427 -26.924589 -3.827685 -5.058276 -50.973251 -2.483761 -13.708586 -7.363527 -3.720975 18.141247 -14.052847 -3.242695 3e-06 -18.787476 1e-06 -0.429725 -8.456162 2.555549 -1e-06 -0.0 -0.0 -15.923612 -20.09462 -5.473637 30.419357 -7.190867 1.735945 -4e-06 -8.16301 2e-06 -1.861904 -22.861794 -6.168037 -1e-06 -7e-06 -3e-06 132.468536 -5.848145 -10.642473 28.552673 0.098481 -0.000518 -76.688652 3.049526 -0.052654 -5.62085 1.579242 2.178516 -1.000001 -0.0 -0.0 -44.492046 -3.26941 -16.554625 19.73143 0.076778 -0.0723 -70.030678 5.306954 -0.874049 -5.349269 0.732665 1.652951 -1.000005 1e-06 0.0 
0.0 0.0 0.0 0.0 -0.0 0.0 2.234471 98.799461 -5.370407 88.123734 -26.501221 87.76564 18.429375 -1.566747 0.389161 -2.217466 -0.79278 0.437465 35.064045 -2.378541 -0.782057 8.689956 1.379261 2.494612 -2.36607 -0.212754 0.515894 -21.673336 1.052427 0.898709 6e-06 -0.0 0.0 -0.136789 0.025 -0.016022 -0.25825 0.115923 -0.134456 -0.261256 -0.066915 0.100896 96.787682 -67.787216 -88.071609 41.566467 1.810385 -47.844391 26.92075 0.253132 -0.071382 -7.024014 9.954435 -50.386402 17.636812 -26.322954 52.411797 -19.466969 -14.39584 29.410839 3e-06 -8.775002 -2e-06 16.093084 -18.207718 6.103695 -0.609781 -1.795671 -3.88937 -4.807168 -11.046935 -2.9379 1.7e-05 -20.976328 -2.9e-05 -5.020065 -25.03405 -4.03203 6e-06 0.0 1e-06 -10.63467 -5.687028 -3.565621 10.573463 -17.923157 -3.113976 1.3e-05 -13.821417 -1.1e-05 -0.501752 -31.182171 -4.027159 -11.927001 -60.244816 7.775969 -13.982897 -7.150269 -2.875067 13.772964 -8.401585 -3.218307 0.347774 -34.212112 0.771636 -0.96304 -17.733721 2.621084 -1e-06 -0.0 1e-06 -17.346655 -20.095411 -4.201833 21.757919 -1.638399 3.866481 3e-06 -6.338912 -1e-06 -1.697618 -22.592176 -6.19418 3e-06 -4e-06 -2e-06 -96.423737 -71.293983 -78.430031 51.012859 -4.49216 -47.20496 25.56543 -0.756746 0.018056 -0.86651 6.859785 -52.811489 22.182396 -20.376007 49.933693 -16.702028 -16.743698 28.476797 -1.6e-05 -12.690791 -2.3e-05 16.44478 -18.005369 2.952857 -0.105921 -1.513869 -4.275911 -5.039104 -5.612918 -2.953591 2.2e-05 -11.020647 -1.4e-05 -6.111377 -15.895563 -3.840565 0.0 1e-06 1e-06 -10.283479 -5.680328 -4.341875 11.028441 -11.302508 -2.372658 -1.384276 -14.238737 -6.320215 -0.625379 -26.924603 -3.827681 -5.061137 -51.028473 -2.514287 -13.708668 -7.363527 -3.720974 18.14139 -14.052876 -3.242707 4.3e-05 -18.787485 -1.1e-05 -0.429697 -8.456169 2.555553 -1e-06 -3e-06 -2e-06 -15.9237 -20.094627 -5.473648 30.419586 -7.190939 1.735972 1.9e-05 -8.163011 -1e-06 -1.861879 -22.861792 -6.168051 -1e-06 -0.0 -1e-06 133.495926 -5.964561 -11.054658 28.34952 0.095939 -0.01606 -76.609474 3.360029 0.186103 -5.533464 1.559369 2.17109 -1.000005 -0.0 -0.0 -43.334572 -3.186528 -16.773819 19.214844 0.079206 -0.083138 -69.781731 5.502812 -0.978269 -5.27969 0.746432 1.657432 -1.000008 0.0 0.0 
0.0 0.0 0.0 0.0 -0.0 0.0 2.260852 98.877373 -5.527606 88.059906 -25.580738 87.885536 18.208254 -1.571985 0.345184 -2.365523 -0.825664 0.409181 35.187439 -2.304478 -0.889221 9.437282 1.910176 2.489589 -2.365271 -0.268931 0.640126 -21.869619 1.171677 0.936477 7e-06 0.0 0.0 -0.13582 0.023984 -0.015533 -0.24756 0.109479 -0.12849 -0.253485 -0.062571 0.09658 97.119263 -68.280098 -88.085701 42.295837 1.206026 -47.837418 27.657513 0.312443 -0.072902 -6.622959 10.410202 -49.909355 17.636734 -26.322718 52.411304 -19.466778 -14.395647 29.410501 -4e-06 -8.774892 -1.5e-05 16.060349 -18.175953 6.073226 -0.609784 -1.795662 -3.889338 -4.807114 -11.046853 -2.937877 3.2e-05 -20.976143 -2.9e-05 -5.019966 -25.033779 -4.031969 5e-06 -1e-06 -0.0 -10.634581 -5.686987 -3.5656 10.573344 -17.923018 -3.113928 2.2e-05 -13.821284 -1.4e-05 -0.501712 -31.181787 -4.027096 -11.820221 -60.140289 7.712394 -13.982774 -7.150218 -2.875056 13.772811 -8.401529 -3.218253 0.347801 -34.211777 0.771612 -0.963004 -17.73353 2.62105 -1e-06 -2e-06 -3e-06 -17.346497 -20.095278 -4.201812 21.757681 -1.638397 3.866464 9e-06 -6.338858 -6e-06 -1.697566 -22.591948 -6.194107 3e-06 -3e-06 -1e-06 -95.567734 -71.974602 -78.893646 51.865852 -4.888868 -47.414886 26.438133 -0.656571 -0.006672 -0.829348 7.134555 -52.285553 22.182194 -20.375904 49.93346 -16.701916 -16.743624 28.476662 -1.7e-05 -12.690695 -1e-06 16.507496 -18.014376 2.890532 -0.105915 -1.513859 -4.275895 -5.039062 -5.612883 -2.953572 1.8e-05 -11.020567 -1.6e-05 -6.111322 -15.895433 -3.840533 -0.0 0.0 1e-06 -10.28341 -5.680296 -4.341851 11.028367 -11.302435 -2.372657 -1.384259 -14.238636 -6.320177 -0.625367 -26.924372 -3.827663 -5.088295 -51.049309 -2.534614 -13.708577 -7.363484 -3.720951 18.141262 -14.052776 -3.242706 3.5e-05 -18.78734 -1.3e-05 -0.429702 -8.456093 2.55553 -0.0 -0.0 -2e-06 -15.923595 -20.094513 -5.473613 30.419395 -7.190873 1.735924 1.3e-05 -8.162953 -1e-06 -1.86188 -22.861612 -6.168001 -1e-06 -3e-06 -2e-06 134.605881 -5.94453 -11.419873 27.964716 0.093891 -0.025833 -76.437004 3.632751 0.417694 -5.445003 1.531797 2.162379 -1.000001 -0.0 -0.0 -42.193855 -3.199389 -16.954157 18.778885 0.086763 -0.103767 -69.550934 5.66188 -1.087632 -5.195025 0.753665 1.661304 -1.000007 0.0 1e-06 
0.0 0.0 0.0 0.0 -0.0 0.0 2.282822 98.982094 -5.659161 88.066185 -24.611111 88.07148 17.965193 -1.580966 0.287683 -2.525709 -0.862453 0.37976 35.292038 -2.191851 -1.013514 10.269766 2.463917 2.489489 -2.364895 -0.30835 0.720778 -22.100458 1.263066 0.964147 5e-06 0.0 -0.0 -0.133882 0.022038 -0.014032 -0.237163 0.10138 -0.122553 -0.248455 -0.058229 0.094081 97.448555 -68.852402 -88.072006 43.145493 0.400664 -47.726055 28.480078 0.362905 -0.078005 -6.228059 10.774538 -49.357513 17.636656 -26.322935 52.411575 -19.466766 -14.395734 29.410637 1e-06 -8.774899 7e-06 16.016104 -18.140268 6.06401 -0.60978 -1.795657 -3.889349 -4.807118 -11.046855 -2.937865 -0.0 -20.976143 1.5e-05 -5.02003 -25.033773 -4.03192 6e-06 -2e-06 -1e-06 -10.634583 -5.686987 -3.565603 10.573348 -17.923027 -3.113924 -3e-06 -13.821301 1.3e-05 -0.501797 -31.181829 -4.027038 -11.740799 -60.03442 7.679517 -13.98278 -7.150221 -2.875052 13.772821 -8.401524 -3.218273 0.347708 -34.211819 0.771707 -0.963066 -17.733561 2.621079 -1e-06 0.0 -0.0 -17.346506 -20.095278 -4.2018 21.757702 -1.638381 3.866439 -2e-06 -6.338864 1e-05 -1.697613 -22.591959 -6.194063 2e-06 -4e-06 -3e-06 -94.454399 -72.73555 -79.529045 52.656208 -5.496552 -47.454628 27.370855 -0.564569 -0.020876 -0.785541 7.492525 -51.711628 22.182238 -20.376032 49.933701 -16.701956 -16.743673 28.476814 -2e-06 -12.69074 2e-06 16.555035 -18.018829 2.853851 -0.105924 -1.513863 -4.275909 -5.039083 -5.61291 -2.953588 6e-06 -11.020619 -1.4e-05 -6.111371 -15.895539 -3.840566 0.0 -0.0 -0.0 -10.283432 -5.68032 -4.34187 11.028385 -11.302469 -2.372662 -1.384276 -14.238706 -6.320215 -0.625397 -26.924528 -3.827706 -5.141701 -51.048134 -2.527316 -13.70861 -7.363518 -3.720968 18.141296 -14.052818 -3.242713 1.1e-05 -18.787432 -1e-05 -0.429715 -8.456138 2.555543 1e-06 -1e-06 0.0 -15.923642 -20.094589 -5.473632 30.419464 -7.190868 1.735938 4e-06 -8.162993 3e-06 -1.861908 -22.86175 -6.168052 -1e-06 -1e-06 -1e-06 135.874664 -5.764661 -11.738397 27.35372 0.091523 -0.028264 -76.140068 3.867349 0.63954 -5.393319 1.504055 2.154829 -1.000004 -0.0 0.0 -41.012257 -3.319199 -17.049807 18.409418 0.094682 -0.132039 -69.323677 5.728066 -1.218394 -5.10217 0.754911 1.665831 -1.000006 0.0 0.0 
0.0 0.0 0.0 0.0 -0.0 0.0 2.31595 99.113884 -5.764617 88.131454 -23.569094 88.296265 17.699949 -1.59522 0.225938 -2.691904 -0.888916 0.350794 35.362984 -2.05559 -1.147536 11.125201 3.034682 2.491586 -2.365546 -0.360458 0.783165 -22.344164 1.328071 0.992029 5e-06 0.0 -0.0 -0.131264 0.02285 -0.014066 -0.23127 0.093957 -0.120501 -0.249719 -0.04895 0.092432 97.945374 -69.461166 -88.226387 44.066238 -0.537959 -47.422722 29.197922 0.366589 -0.079035 -5.83756 10.959983 -48.759605 17.636721 -26.323017 52.41177 -19.466831 -14.395703 29.41074 -4e-06 -8.774907 -2e-06 15.918844 -18.115206 6.091409 -0.609783 -1.795663 -3.889361 -4.807124 -11.046898 -2.937886 1e-05 -20.97625 2e-06 -5.020004 -25.033924 -4.03195 4e-06 -1e-06 0.0 -10.634596 -5.687007 -3.565627 10.573362 -17.923101 -3.113934 5e-06 -13.821365 7e-06 -0.501759 -31.182016 -4.02708 -11.692517 -59.891724 7.658491 -13.982797 -7.150245 -2.87508 13.772836 -8.401563 -3.218272 0.347739 -34.211987 0.771688 -0.963058 -17.733648 2.621094 1e-06 1e-06 3e-06 -17.346519 -20.095352 -4.201838 21.757719 -1.638393 3.866468 1e-06 -6.338893 6e-06 -1.697585 -22.592077 -6.194115 2e-06 -2e-06 -2e-06 -93.134995 -73.520714 -80.335144 53.415981 -6.277383 -47.277294 28.061823 -0.483593 -0.022729 -0.753209 7.821365 -51.148731 22.182226 -20.376129 49.933807 -16.701977 -16.743696 28.476877 -1.4e-05 -12.690733 1.6e-05 16.593386 -18.038034 2.847712 -0.105917 -1.513863 -4.275918 -5.039079 -5.612913 -2.953589 1.1e-05 -11.02064 -1e-06 -6.111352 -15.895551 -3.840538 -0.0 2e-06 0.0 -10.283434 -5.680321 -4.341876 11.028392 -11.302495 -2.372663 -1.384261 -14.238725 -6.320206 -0.625407 -26.924576 -3.82766 -5.211941 -51.068237 -2.493746 -13.708606 -7.363518 -3.720973 18.141308 -14.052854 -3.24272 1e-05 -18.787479 1.2e-05 -0.42972 -8.456166 2.555559 -0.0 -0.0 1e-06 -15.923628 -20.094608 -5.473639 30.41946 -7.190886 1.735914 3e-06 -8.163014 1.1e-05 -1.861917 -22.861807 -6.168011 -2e-06 -4e-06 -3e-06 137.320633 -5.458102 -12.024607 26.550016 0.085724 -0.020628 -75.733116 4.056925 0.864824 -5.369773 1.48319 2.148366 -1.000002 0.0 0.0 -39.747425 -3.511174 -17.014668 18.062223 0.097581 -0.159409 -69.078178 5.671549 -1.351548 -5.024712 0.754604 1.670075 -1.000007 -0.0 -0.0 
0.0 0.0 0.0 0.0 -0.0 0.0 2.373421 99.254074 -5.844306 88.261131 -22.429422 88.504982 17.393513 -1.613976 0.17307 -2.868804 -0.907934 0.32048 35.392357 -1.907013 -1.281699 11.939125 3.558565 2.505859 -2.368481 -0.413193 0.835079 -22.581715 1.404164 0.969578 6e-06 -0.0 0.0 -0.12842 0.022346 -0.013008 -0.227249 0.083199 -0.119485 -0.249508 -0.039117 0.093824 98.787758 -70.124939 -88.7034 45.081245 -1.571113 -46.947144 29.657843 0.329935 -0.094132 -5.445794 10.9507 -48.166462 17.636667 -26.322763 52.411129 -19.466698 -14.395647 29.410406 -3e-06 -8.774858 -2e-06 15.799141 -18.086359 6.142137 -0.609771 -1.795654 -3.889327 -4.807104 -11.046827 -2.937843 6e-06 -20.976088 1.5e-05 -5.020005 -25.033693 -4.031883 5e-06 -1e-06 1e-06 -10.634553 -5.686973 -3.565577 10.573308 -17.922989 -3.113899 -0.0 -13.821262 1.3e-05 -0.5018 -31.181719 -4.026997 -11.675222 -59.761642 7.654344 -13.982738 -7.150199 -2.875029 13.772772 -8.401509 -3.218247 0.347734 -34.211712 0.771681 -0.963036 -17.733494 2.621053 -1e-06 -2e-06 0.0 -17.346455 -20.09523 -4.201757 21.75762 -1.638383 3.866428 2e-06 -6.338846 5e-06 -1.697593 -22.591879 -6.194025 -1e-06 -2e-06 -1e-06 -91.740883 -74.293839 -81.203659 54.173866 -7.228397 -46.899197 28.399134 -0.434455 -0.020768 -0.744748 8.09987 -50.534264 22.182215 -20.375929 49.933258 -16.701801 -16.743538 28.47649 -1e-05 -12.690625 -1.7e-05 16.627808 -18.06041 2.864254 -0.105919 -1.513854 -4.275877 -5.039048 -5.612869 -2.953553 1.6e-05 -11.020545 1.3e-05 -6.111307 -15.895377 -3.840471 0.0 2e-06 1e-06 -10.283386 -5.680281 -4.341835 11.028314 -11.30242 -2.372611 -1.384271 -14.238598 -6.320114 -0.625436 -26.924288 -3.82757 -5.268832 -51.102093 -2.457649 -13.708544 -7.363469 -3.720938 18.141178 -14.052763 -3.242645 1.8e-05 -18.787317 2.3e-05 -0.429708 -8.45608 2.555533 2e-06 0.0 0.0 -15.923558 -20.094475 -5.473573 30.419241 -7.19086 1.735961 1.3e-05 -8.162943 9e-06 -1.86189 -22.861555 -6.167935 0.0 -4e-06 -1e-06 139.016296 -5.10591 -12.26011 25.628637 0.078361 -0.011876 -75.41259 4.213496 1.017516 -5.364325 1.466711 2.144144 -1.000004 -0.0 0.0 -38.390896 -3.759181 -16.815245 17.761595 0.096675 -0.17882 -68.867149 5.50551 -1.503391 -4.962095 0.749009 1.672783 -1.000003 -0.0 0.0 
0.0 0.0 0.0 0.0 -0.0 0.0 2.458048 99.380554 -5.905232 88.440666 -21.223286 88.638847 17.052204 -1.636586 0.129876 -3.064595 -0.911321 0.28688 35.365734 -1.773684 -1.390902 12.669586 3.979976 2.526346 -2.378095 -0.463901 0.86503 -22.80122 1.499769 0.883148 6e-06 -0.0 0.0 -0.125773 0.021018 -0.010589 -0.22005 0.068859 -0.117298 -0.241753 -0.027443 0.096556 100.024773 -70.844597 -89.575081 46.154671 -2.658071 -46.391342 29.800241 0.252132 -0.134029 -5.100708 10.774503 -47.702801 17.636612 -26.322891 52.411701 -19.466833 -14.395597 29.410734 9e-06 -8.774863 2e-06 15.683411 -18.052418 6.205377 -0.609785 -1.795671 -3.889359 -4.80712 -11.046925 -2.937902 -1.6e-05 -20.976274 -5.1e-05 -5.01998 -25.033993 -4.032025 7e-06 -3e-06 1e-06 -10.634562 -5.687031 -3.565631 10.573291 -17.923105 -3.113957 -9e-06 -13.821372 -3e-05 -0.501719 -31.18206 -4.027199 -11.685461 -59.682274 7.6733 -13.982753 -7.150273 -2.875082 13.772761 -8.401551 -3.218276 0.347716 -34.212009 0.771584 -0.963047 -17.733652 2.621016 -1e-06 -5e-06 -1e-06 -17.346474 -20.0954 -4.201849 21.757622 -1.638347 3.866462 -6e-06 -6.338894 -1.2e-05 -1.697572 -22.592125 -6.194191 1e-06 -3e-06 -1e-06 -90.474609 -75.012444 -81.986671 54.942238 -8.305228 -46.318508 28.356733 -0.403395 -0.022695 -0.728251 8.26041 -49.900684 22.182121 -20.37606 49.933758 -16.701933 -16.743628 28.476843 6e-06 -12.690685 1.9e-05 16.653713 -18.078825 2.896624 -0.105921 -1.513866 -4.275913 -5.039068 -5.612919 -2.953588 -5e-06 -11.020633 -1.1e-05 -6.111355 -15.895559 -3.84055 -1e-06 1e-06 0.0 -10.283402 -5.680331 -4.341873 11.028338 -11.302472 -2.372666 -1.384274 -14.23872 -6.320214 -0.625422 -26.924545 -3.827712 -5.295918 -51.124409 -2.434554 -13.70857 -7.363533 -3.72097 18.141232 -14.052821 -3.242724 -1.3e-05 -18.787453 -1.1e-05 -0.429734 -8.456148 2.555538 1e-06 -1e-06 1e-06 -15.923593 -20.094622 -5.473633 30.419352 -7.190833 1.735905 -9e-06 -8.162998 2e-06 -1.861922 -22.861769 -6.168043 1e-06 -1e-06 1e-06 140.750046 -4.686494 -12.475419 24.715097 0.075545 -0.009009 -75.066864 4.301538 1.186123 -5.348317 1.453925 2.141434 -1.000002 -0.0 -0.0 -36.994972 -4.028475 -16.483686 17.52573 0.096471 -0.187677 -68.72287 5.305463 -1.656407 -4.894259 0.737582 1.67399 -1.000006 -0.0 0.0 
0.0 0.0 0.0 0.0 -0.0 0.0 2.574611 99.485527 -5.954161 88.639313 -19.964689 88.667587 16.679333 -1.647318 0.093229 -3.28039 -0.901047 0.263671 35.305222 -1.671965 -1.459837 13.25262 4.268892 2.536725 -2.387414 -0.51857 0.846663 -22.999273 1.609715 0.74405 5e-06 0.0 -0.0 -0.123632 0.015679 -0.005071 -0.216177 0.05149 -0.113275 -0.234293 -0.021007 0.103223 101.731911 -71.567078 -90.949135 47.160324 -3.734903 -45.842377 29.693947 0.122812 -0.177371 -4.815136 10.49411 -47.321144 17.63685 -26.323065 52.412117 -19.467049 -14.395792 29.411007 3e-06 -8.775003 -9e-06 15.611946 -18.008411 6.246064 -0.60979 -1.795681 -3.889387 -4.807179 -11.046988 -2.937933 2e-05 -20.976431 -6.2e-05 -5.020027 -25.034208 -4.032106 5e-06 2e-06 1e-06 -10.634682 -5.687053 -3.565656 10.573461 -17.923225 -3.113998 1.6e-05 -13.821472 -3.3e-05 -0.501681 -31.182337 -4.027257 -11.694205 -59.643803 7.685072 -13.982903 -7.150303 -2.875103 13.772959 -8.401618 -3.218313 0.347792 -34.212273 0.771579 -0.963029 -17.733795 2.621067 1e-06 1e-06 1e-06 -17.346663 -20.095505 -4.201891 21.757915 -1.638399 3.866514 6e-06 -6.338938 -1.1e-05 -1.697578 -22.59231 -6.194275 2e-06 -3e-06 -2e-06 -89.464264 -75.645378 -82.569366 55.714596 -9.441595 -45.596474 28.014959 -0.371224 -0.02206 -0.665301 8.296669 -49.228962 22.182337 -20.376074 49.933979 -16.702152 -16.743784 28.477047 -1.2e-05 -12.69085 8e-06 16.652935 -18.086344 2.929572 -0.105918 -1.513879 -4.275936 -5.039117 -5.612954 -2.953612 1.1e-05 -11.020713 -3.4e-05 -6.111408 -15.895691 -3.840616 1e-06 -1e-06 -0.0 -10.283494 -5.680361 -4.341892 11.028474 -11.302553 -2.372703 -1.384268 -14.238832 -6.320282 -0.625353 -26.924799 -3.827782 -5.291532 -51.105633 -2.450363 -13.708695 -7.363569 -3.720986 18.141447 -14.052922 -3.242772 3.3e-05 -18.787582 -4.6e-05 -0.42971 -8.456208 2.555549 -1e-06 3e-06 1e-06 -15.923742 -20.094732 -5.473673 30.419693 -7.19093 1.735923 1.2e-05 -8.163052 -1.1e-05 -1.861883 -22.861952 -6.168143 -3e-06 -2e-06 0.0 142.514023 -4.285689 -12.675605 23.899635 0.075573 -0.014568 -74.817497 4.339443 1.32269 -5.320142 1.444567 2.13876 -1.000002 0.0 -0.0 -35.594795 -4.282696 -16.039225 17.378403 0.095202 -0.186332 -68.6278 5.119232 -1.824103 -4.851696 0.725833 1.675138 -1.000004 -0.0 0.0 
0.0 0.0 0.0 0.0 -0.0 0.0 2.717948 99.556282 -5.998207 88.822289 -18.707834 88.61599 16.296017 -1.638589 0.073123 -3.513751 -0.880065 0.252412 35.193314 -1.578127 -1.496883 13.702853 4.457486 2.535599 -2.392118 -0.576957 0.780668 -23.221117 1.695364 0.572222 8e-06 -0.0 -0.0 -0.12332 0.010227 0.000249 -0.218705 0.036315 -0.109654 -0.231592 -0.01708 0.109719 103.764336 -72.262505 -92.672264 48.038143 -4.760249 -45.3312 29.446096 -0.003109 -0.1962 -4.590242 10.214494 -47.071453 17.636662 -26.322796 52.411507 -19.466845 -14.395693 29.410654 -4e-06 -8.774899 4e-06 15.58217 -17.971546 6.250136 -0.609776 -1.795666 -3.88935 -4.807122 -11.046877 -2.937886 2.4e-05 -20.976185 -3.7e-05 -5.019975 -25.033846 -4.031978 8e-06 -2e-06 0.0 -10.634585 -5.687002 -3.56561 10.573359 -17.923056 -3.113961 1.8e-05 -13.821316 -2e-05 -0.501711 -31.181873 -4.027124 -11.699806 -59.626835 7.671524 -13.982782 -7.150237 -2.875058 13.772824 -8.40154 -3.218286 0.347783 -34.211849 0.7716 -0.963019 -17.733568 2.621038 -2e-06 -1e-06 2e-06 -17.346502 -20.095322 -4.201822 21.757702 -1.638386 3.866441 8e-06 -6.338866 -6e-06 -1.697561 -22.591986 -6.194134 1e-06 -3e-06 -2e-06 -88.731041 -76.205482 -82.97065 56.484245 -10.625349 -44.811417 27.555138 -0.340741 -0.016477 -0.547288 8.260364 -48.507015 22.182108 -20.375858 49.933472 -16.701891 -16.743547 28.476654 -1.3e-05 -12.690628 6e-06 16.631371 -18.075077 2.934611 -0.105918 -1.513862 -4.275892 -5.039049 -5.612885 -2.953575 1.3e-05 -11.020555 -2.5e-05 -6.111282 -15.895418 -3.840536 -1e-06 1e-06 -0.0 -10.283386 -5.680304 -4.341854 11.028313 -11.302421 -2.372658 -1.384248 -14.238622 -6.320178 -0.625363 -26.924314 -3.827685 -5.253697 -51.02993 -2.503315 -13.708541 -7.363494 -3.720955 18.141182 -14.05276 -3.242709 2.9e-05 -18.787312 -3.2e-05 -0.429707 -8.456072 2.555514 1e-06 -0.0 -1e-06 -15.923547 -20.094526 -5.473625 30.419258 -7.190841 1.735909 1.1e-05 -8.16294 -5e-06 -1.861863 -22.861563 -6.168003 -1e-06 -2e-06 0.0 144.211044 -3.930538 -12.833286 23.237669 0.077544 -0.032558 -74.634811 4.332312 1.416241 -5.2489 1.438836 2.137503 -1.000001 -0.0 -0.0 -34.235394 -4.49985 -15.538282 17.290335 0.092215 -0.184283 -68.606789 4.948818 -2.002649 -4.817959 0.715138 1.676518 -1.000004 -0.0 -0.0 
0.0 0.0 0.0 0.0 -0.0 0.0 2.871287 99.597733 -6.032454 88.978172 -17.492996 88.504601 15.918225 -1.624694 0.069962 -3.759907 -0.843278 0.24693 35.02404 -1.494363 -1.512352 14.037694 4.596125 2.528938 -2.39499 -0.650282 0.675407 -23.484467 1.770564 0.376346 7e-06 0.0 0.0 -0.125172 0.001611 0.007764 -0.224137 0.019157 -0.100186 -0.231489 -0.017622 0.115151 106.038239 -72.923592 -94.673149 48.767651 -5.708343 -44.861023 29.093489 -0.104481 -0.194179 -4.356132 10.002088 -47.022446 17.636703 -26.322893 52.411495 -19.466761 -14.395737 29.410589 1e-06 -8.77491 -1e-06 15.579127 -17.954205 6.217664 -0.609778 -1.795656 -3.889346 -4.807121 -11.046845 -2.937864 9e-06 -20.976131 1.1e-05 -5.020026 -25.03376 -4.031927 4e-06 0.0 0.0 -10.634592 -5.686982 -3.565599 10.573357 -17.923012 -3.113914 1e-06 -13.821281 1.6e-05 -0.501803 -31.181778 -4.027024 -11.673934 -59.600246 7.597089 -13.982788 -7.150214 -2.87505 13.772832 -8.401522 -3.218265 0.347726 -34.211784 0.7717 -0.963058 -17.733538 2.62108 -1e-06 2e-06 1e-06 -17.346514 -20.095264 -4.201796 21.757713 -1.638391 3.866449 2e-06 -6.338856 1e-05 -1.697617 -22.591928 -6.194061 1e-06 -4e-06 -1e-06 -88.141823 -76.69767 -83.336441 57.233154 -11.844177 -44.084671 27.109098 -0.328769 -0.013378 -0.383684 8.192746 -47.715393 22.182158 -20.376019 49.933514 -16.701916 -16.743702 28.476715 -2.3e-05 -12.690708 2.5e-05 16.618803 -18.055315 2.90521 -0.105912 -1.513854 -4.275898 -5.039062 -5.612877 -2.953564 2e-05 -11.020569 2e-06 -6.111331 -15.89542 -3.840496 -1e-06 -0.0 -0.0 -10.283412 -5.680289 -4.341843 11.02838 -11.302436 -2.372659 -1.384253 -14.238631 -6.320152 -0.6254 -26.924377 -3.827606 -5.18698 -50.939579 -2.578727 -13.708583 -7.363477 -3.720939 18.141287 -14.05278 -3.242716 1.6e-05 -18.787352 2.1e-05 -0.429717 -8.456107 2.555544 2e-06 1e-06 -1e-06 -15.923599 -20.094498 -5.473589 30.41943 -7.190865 1.735887 7e-06 -8.162965 1.4e-05 -1.861924 -22.861637 -6.167949 -4e-06 -1e-06 -1e-06 145.797134 -3.632261 -12.949074 22.729445 0.079638 -0.063451 -74.671181 4.295516 1.470012 -5.152151 1.441713 2.138267 -1.000001 -0.0 0.0 -32.942093 -4.680252 -15.080429 17.242697 0.087469 -0.174363 -68.645653 4.845445 -2.175165 -4.790726 0.707114 1.677946 -1.000004 -0.0 -0.0 
0.0 0.0 0.0 0.0 -0.0 0.0 3.018594 99.618408 -6.065884 89.083954 -16.381538 88.391754 15.516726 -1.61248 0.089926 -4.006043 -0.792582 0.233235 34.815861 -1.411294 -1.514528 14.242185 4.73491 2.530277 -2.393733 -0.737589 0.554903 -23.740498 1.834272 0.156597 6e-06 -0.0 0.0 -0.128658 -0.002755 0.012327 -0.228775 0.009625 -0.090609 -0.229192 -0.017712 0.115131 108.395798 -73.505814 -96.806236 49.332169 -6.534807 -44.37125 28.596193 -0.1629 -0.203501 -4.13767 9.849779 -47.203873 17.636778 -26.322947 52.411934 -19.466978 -14.395732 29.410894 3e-06 -8.774956 -6e-06 15.589289 -17.957186 6.167166 -0.609786 -1.795679 -3.889376 -4.807153 -11.046958 -2.937925 2.1e-05 -20.976355 -6.6e-05 -5.020002 -25.03409 -4.032073 6e-06 -0.0 1e-06 -10.634644 -5.687045 -3.565646 10.573414 -17.923172 -3.113991 1.1e-05 -13.821418 -3.3e-05 -0.501689 -31.182175 -4.027226 -11.622525 -59.571251 7.477622 -13.982857 -7.15029 -2.875097 13.7729 -8.401592 -3.218301 0.347784 -34.212143 0.771576 -0.96303 -17.733721 2.621051 -0.0 -1e-06 1e-06 -17.346603 -20.095463 -4.20188 21.757826 -1.638387 3.866494 3e-06 -6.338914 -1.1e-05 -1.697573 -22.592197 -6.194234 2e-06 -4e-06 1e-06 -87.482521 -77.128433 -83.874092 57.908756 -13.058625 -43.457108 26.719017 -0.367233 -0.031436 -0.133095 8.080016 -46.810501 22.182301 -20.37604 49.933987 -16.702148 -16.743765 28.477051 -4e-06 -12.690833 1.1e-05 16.621788 -18.0333 2.861042 -0.105921 -1.51388 -4.275937 -5.039112 -5.612957 -2.953612 5e-06 -11.020707 -3.9e-05 -6.111402 -15.895691 -3.84062 -0.0 4e-06 1e-06 -10.283485 -5.680367 -4.341895 11.028456 -11.302547 -2.372711 -1.384269 -14.238832 -6.320293 -0.625354 -26.924793 -3.827812 -5.105025 -50.8666 -2.670432 -13.708676 -7.363577 -3.720988 18.141426 -14.052915 -3.242783 2.7e-05 -18.78758 -5.7e-05 -0.429717 -8.456207 2.555546 0.0 0.0 -2e-06 -15.923722 -20.094744 -5.473684 30.419647 -7.190909 1.735913 5e-06 -8.163043 -1.3e-05 -1.861887 -22.861933 -6.168159 2e-06 -2e-06 -1e-06 147.210327 -3.401645 -13.044971 22.338678 0.080242 -0.100332 -74.741325 4.262446 1.515888 -5.053333 1.442962 2.137519 -1.000007 0.0 -0.0 -31.753151 -4.820789 -14.757056 17.189201 0.081259 -0.153625 -68.702507 4.82946 -2.335496 -4.752726 0.709871 1.682471 -1.000005 0.0 0.0 
0.0 0.0 0.0 0.0 -0.0 0.0 3.152728 99.639168 -6.101412 89.145912 -15.38954 88.288795 15.070954 -1.603055 0.124264 -4.250466 -0.74252 0.222617 34.589794 -1.324928 -1.494599 14.30235 4.880509 2.541435 -2.385511 -0.805247 0.429433 -23.984709 1.857365 -0.073994 8e-06 0.0 0.0 -0.134204 -0.003148 0.014586 -0.236808 0.006474 -0.084052 -0.231545 -0.016433 0.114034 110.759872 -73.962944 -99.023018 49.736916 -7.273813 -43.908016 27.908697 -0.202118 -0.227825 -3.915685 9.731819 -47.514305 17.636721 -26.32296 52.411602 -19.466778 -14.395706 29.410645 4e-06 -8.774909 -4e-06 15.613106 -17.977106 6.106023 -0.609784 -1.795659 -3.889349 -4.807124 -11.046877 -2.937871 -7e-06 -20.9762 1.6e-05 -5.02004 -25.033865 -4.031934 7e-06 1e-06 0.0 -10.634591 -5.686996 -3.565611 10.57335 -17.923059 -3.113916 -9e-06 -13.821335 1.4e-05 -0.501808 -31.181938 -4.027058 -11.558717 -59.538212 7.337378 -13.982793 -7.15023 -2.875062 13.772824 -8.401538 -3.21826 0.347695 -34.211914 0.771712 -0.963074 -17.733614 2.621083 -0.0 1e-06 0.0 -17.346514 -20.095306 -4.201812 21.757711 -1.638383 3.866465 0.0 -6.33888 8e-06 -1.697616 -22.592037 -6.194091 -1e-06 -7e-06 -3e-06 -86.602867 -77.491936 -84.670502 58.484711 -14.219419 -42.897938 26.315102 -0.425536 -0.053629 0.146577 7.923364 -45.862652 22.182184 -20.375998 49.933567 -16.70191 -16.743631 28.476719 -9e-06 -12.690691 8e-06 16.615286 -18.011724 2.823006 -0.105923 -1.513859 -4.2759 -5.039065 -5.612893 -2.953574 8e-06 -11.020585 -7e-06 -6.111325 -15.89546 -3.840524 1e-06 -1e-06 0.0 -10.283413 -5.680305 -4.341856 11.028347 -11.302447 -2.372653 -1.384263 -14.238657 -6.320178 -0.625395 -26.924414 -3.827662 -5.043099 -50.81739 -2.741874 -13.708583 -7.363499 -3.720955 18.141253 -14.052791 -3.242703 1.4e-05 -18.787382 -3e-06 -0.429717 -8.456114 2.555534 3e-06 3e-06 2e-06 -15.923603 -20.094543 -5.47361 30.419361 -7.190851 1.735922 1e-06 -8.16297 6e-06 -1.861905 -22.861662 -6.167991 -1e-06 -2e-06 -1e-06 148.353378 -3.186836 -13.158911 22.141485 0.08222 -0.134807 -74.826118 4.233978 1.653181 -4.971424 1.442383 2.135401 -1.000004 0.0 -0.0 -30.719204 -4.966577 -14.571857 17.081032 0.077874 -0.128323 -68.565857 4.909105 -2.494778 -4.73037 0.716413 1.687561 -1.000003 -0.0 -0.0 
0.0 0.0 0.0 0.0 -0.0 0.0 3.264201 99.667511 -6.131872 89.155075 -14.510262 88.218239 14.597011 -1.584674 0.158824 -4.485879 -0.693591 0.226771 34.34523 -1.231701 -1.459194 14.222907 5.019601 2.557187 -2.369297 -0.861003 0.297666 -24.304245 1.842279 -0.313886 8e-06 -0.0 0.0 -0.137555 -0.003686 0.018289 -0.243221 0.000697 -0.07805 -0.234608 -0.012841 0.116784 113.154823 -74.325768 -101.354095 50.023392 -7.989362 -43.426666 27.140322 -0.221021 -0.239628 -3.725338 9.578719 -47.847637 17.636837 -26.322905 52.411633 -19.46689 -14.395721 29.410686 -1e-06 -8.774943 -1.5e-05 15.639217 -17.987953 6.047855 -0.60978 -1.79567 -3.889359 -4.807144 -11.046913 -2.93789 2.9e-05 -20.976269 -2.8e-05 -5.019999 -25.033941 -4.032001 4e-06 -2e-06 -1e-06 -10.634635 -5.687016 -3.565621 10.573409 -17.923122 -3.113951 1.8e-05 -13.821368 -1.7e-05 -0.501705 -31.181999 -4.027145 -11.471025 -59.498135 7.199761 -13.982848 -7.150257 -2.875072 13.772891 -8.401572 -3.218274 0.347792 -34.21199 0.771623 -0.963019 -17.733637 2.621065 -0.0 -1e-06 1e-06 -17.34659 -20.095383 -4.201835 21.757807 -1.638404 3.866489 7e-06 -6.338893 -5e-06 -1.69758 -22.592085 -6.194157 -1e-06 -6e-06 -4e-06 -85.464569 -77.831284 -85.742867 58.967529 -15.325036 -42.366142 25.918943 -0.491409 -0.072792 0.358125 7.770297 -45.041462 22.182316 -20.376026 49.933781 -16.702066 -16.743708 28.476889 -4e-06 -12.690784 0.0 16.60424 -17.987627 2.793286 -0.105919 -1.513876 -4.275922 -5.039104 -5.612943 -2.953596 6e-06 -11.02069 -2.4e-05 -6.111395 -15.895657 -3.840579 -1e-06 3e-06 0.0 -10.28347 -5.680351 -4.341878 11.028429 -11.302533 -2.372683 -1.384278 -14.2388 -6.320247 -0.62538 -26.924723 -3.827753 -5.00731 -50.795975 -2.766993 -13.70866 -7.363558 -3.720972 18.141376 -14.052899 -3.242742 2.1e-05 -18.787544 -3.6e-05 -0.429709 -8.456192 2.555538 -1e-06 1e-06 1e-06 -15.923698 -20.0947 -5.473646 30.419586 -7.190908 1.735935 8e-06 -8.163036 -1.4e-05 -1.861886 -22.8619 -6.168124 -3e-06 -3e-06 -1e-06 149.429749 -3.119215 -13.301211 21.959385 0.083756 -0.156378 -74.787888 4.327601 1.759731 -4.881068 1.432049 2.131462 -1.000003 -0.0 -0.0 -29.682632 -4.99721 -14.521428 16.919489 0.080939 -0.103699 -68.548294 5.012798 -2.582748 -4.698463 0.729804 1.695516 -1.000006 -0.0 0.0 
0.0 0.0 0.0 0.0 -0.0 0.0 3.343761 99.712395 -6.13879 89.132172 -13.704307 88.176895 14.109963 -1.559592 0.190276 -4.714714 -0.649581 0.252397 34.056812 -1.137335 -1.423241 14.030566 5.13134 2.5825 -2.350873 -0.902663 0.147823 -24.720633 1.836641 -0.565705 8e-06 0.0 -0.0 -0.140873 -0.006418 0.023756 -0.251603 -0.011231 -0.072886 -0.240139 -0.007346 0.123996 115.646698 -74.644363 -103.81134 50.238434 -8.775588 -42.88509 26.402468 -0.216676 -0.222743 -3.547781 9.27758 -48.060181 17.636803 -26.32299 52.411873 -19.466904 -14.395751 29.410818 -6e-06 -8.77495 -9e-06 15.652478 -17.99136 6.015257 -0.609787 -1.795667 -3.88937 -4.807141 -11.046906 -2.937906 3.6e-05 -20.976267 -2.9e-05 -5.019998 -25.033955 -4.032016 6e-06 0.0 0.0 -10.634638 -5.687012 -3.565637 10.573419 -17.923109 -3.113958 2e-05 -13.821362 -6e-06 -0.501716 -31.181993 -4.027122 -11.361391 -59.43589 7.087535 -13.982846 -7.15025 -2.875089 13.772898 -8.401573 -3.218285 0.347789 -34.21199 0.771645 -0.963033 -17.733643 2.621087 -2e-06 -1e-06 -2e-06 -17.346582 -20.095369 -4.201867 21.757812 -1.638412 3.86649 9e-06 -6.338891 3e-06 -1.697573 -22.592073 -6.19415 1e-06 -4e-06 -3e-06 -83.992569 -78.205063 -87.1241 59.404293 -16.405018 -41.837009 25.504538 -0.530953 -0.083796 0.480433 7.574082 -44.399231 22.182304 -20.376102 49.933903 -16.701994 -16.743685 28.476894 -1.1e-05 -12.690749 -5e-06 16.591145 -17.976156 2.788741 -0.105923 -1.513867 -4.275924 -5.039086 -5.612914 -2.953602 1.5e-05 -11.02063 -1.6e-05 -6.111351 -15.895539 -3.840579 0.0 -1e-06 -0.0 -10.283454 -5.680328 -4.341891 11.028401 -11.302488 -2.372664 -1.384264 -14.238718 -6.320234 -0.625369 -26.924555 -3.827714 -5.006351 -50.821472 -2.750649 -13.708636 -7.363528 -3.720991 18.141331 -14.052847 -3.242714 2.7e-05 -18.787453 -6e-06 -0.429715 -8.456148 2.555555 1e-06 -2e-06 2e-06 -15.923662 -20.094618 -5.473675 30.419495 -7.1909 1.735949 1e-05 -8.163 8e-06 -1.861888 -22.861755 -6.168043 -3e-06 -2e-06 -1e-06 150.481323 -3.099894 -13.49859 21.685932 0.081996 -0.163504 -74.76223 4.5228 1.882692 -4.793574 1.423247 2.128321 -1.000003 -0.0 -0.0 -28.666748 -4.995466 -14.565099 16.685942 0.086771 -0.09171 -68.456535 5.159801 -2.615889 -4.66449 0.737092 1.699236 -1.000004 0.0 0.0 
0.0 0.0 0.0 0.0 -0.0 0.0 3.387272 99.770592 -6.100064 89.096245 -12.9411 88.173996 13.601977 -1.521871 0.21646 -4.938991 -0.604729 0.281452 33.702076 -1.057904 -1.396445 13.745059 5.196993 2.624409 -2.335999 -0.92272 -0.02986 -25.258028 1.841334 -0.858508 6e-06 -0.0 0.0 -0.143686 -0.012155 0.032569 -0.259188 -0.028015 -0.063796 -0.243897 -0.002481 0.133691 118.381813 -74.931419 -106.501083 50.397823 -9.692285 -42.364883 25.765848 -0.233487 -0.201973 -3.36517 8.825757 -48.091873 17.636847 -26.322937 52.411751 -19.466988 -14.395778 29.410812 -1e-06 -8.774985 -9e-06 15.67741 -17.982126 5.998621 -0.609782 -1.795676 -3.889368 -4.807158 -11.046951 -2.937906 2.8e-05 -20.976362 -4.4e-05 -5.020024 -25.034103 -4.032039 5e-06 3e-06 1e-06 -10.634667 -5.687035 -3.565624 10.57345 -17.923178 -3.113976 1.8e-05 -13.821428 -2e-05 -0.501714 -31.182198 -4.027171 -11.216139 -59.37812 6.981945 -13.98289 -7.150276 -2.875073 13.772939 -8.4016 -3.218295 0.347795 -34.212162 0.771604 -0.963024 -17.73374 2.621068 -1e-06 2e-06 0.0 -17.346638 -20.095438 -4.201842 21.757881 -1.638405 3.866489 5e-06 -6.338919 -9e-06 -1.697579 -22.592211 -6.194206 -2e-06 -7e-06 -2e-06 -82.161354 -78.621315 -88.827156 59.796837 -17.522936 -41.345734 25.078568 -0.561398 -0.086535 0.557646 7.346227 -43.925018 22.182369 -20.376026 49.933762 -16.702065 -16.743738 28.47687 -2e-05 -12.690804 -8e-06 16.60783 -17.97172 2.781883 -0.105916 -1.51387 -4.275918 -5.039103 -5.612921 -2.953593 2.4e-05 -11.02065 -1.9e-05 -6.111373 -15.895561 -3.840571 0.0 3e-06 1e-06 -10.28348 -5.680332 -4.341877 11.028452 -11.302509 -2.372673 -1.384264 -14.238732 -6.320225 -0.625355 -26.924587 -3.827701 -5.021107 -50.860573 -2.751446 -13.708672 -7.363532 -3.720973 18.141407 -14.052877 -3.242729 4.1e-05 -18.787466 -1.4e-05 -0.429699 -8.456157 2.555551 1e-06 -1e-06 0.0 -15.923712 -20.094646 -5.473649 30.419615 -7.190934 1.735947 1.5e-05 -8.163009 -0.0 -1.861883 -22.861784 -6.168056 0.0 -0.0 -1e-06 151.541046 -3.098504 -13.720145 21.333647 0.076737 -0.162262 -74.766487 4.796102 1.978041 -4.685061 1.415057 2.126602 -1.000005 -0.0 0.0 -27.666058 -4.991662 -14.675368 16.442913 0.09417 -0.090456 -68.331558 5.331667 -2.597224 -4.610515 0.735137 1.69848 -1.000004 -0.0 0.0 
0.0 0.0 0.0 0.0 -0.0 0.0 3.399456 99.834618 -6.007902 89.057518 -12.193041 88.205002 13.072275 -1.469292 0.241626 -5.16503 -0.558498 0.286961 33.275921 -1.000966 -1.37155 13.387941 5.212364 2.672 -2.329801 -0.919075 -0.246298 -25.909046 1.827815 -1.196837 7e-06 -0.0 0.0 -0.144059 -0.015967 0.040867 -0.248204 -0.042826 -0.048756 -0.227966 0.004538 0.135854 121.313545 -75.177513 -109.34642 50.502945 -10.736221 -41.814056 25.165447 -0.247042 -0.190885 -3.195106 8.281951 -48.042671 17.636757 -26.322954 52.411541 -19.466803 -14.395713 29.410622 5e-06 -8.774919 -7e-06 15.738718 -17.969643 5.975562 -0.609782 -1.795663 -3.889349 -4.80713 -11.046892 -2.937869 -5e-06 -20.976233 1e-05 -5.020044 -25.033901 -4.031939 6e-06 2e-06 0.0 -10.634603 -5.687004 -3.565607 10.573359 -17.923084 -3.113919 -2e-06 -13.821352 8e-06 -0.501794 -31.181978 -4.027069 -11.097128 -59.390789 6.905538 -13.982801 -7.150238 -2.875056 13.772841 -8.401549 -3.218263 0.347715 -34.211948 0.771688 -0.96306 -17.733627 2.621073 1e-06 -0.0 1e-06 -17.346539 -20.095333 -4.201797 21.757736 -1.638383 3.866466 -0.0 -6.338888 6e-06 -1.697616 -22.592056 -6.194098 -4e-06 -5e-06 -2e-06 -80.255287 -79.089233 -90.586014 60.193111 -18.757883 -41.010361 24.65259 -0.600519 -0.091807 0.63062 7.113119 -43.585674 22.182255 -20.376127 49.93367 -16.701889 -16.74366 28.476748 -5e-06 -12.690707 2e-06 16.672157 -17.967552 2.749972 -0.105921 -1.513857 -4.275906 -5.039074 -5.612899 -2.953576 6e-06 -11.020608 1.4e-05 -6.111352 -15.895486 -3.840505 -1e-06 0.0 0.0 -10.283428 -5.680309 -4.341866 11.028368 -11.302468 -2.372636 -1.384274 -14.238682 -6.320169 -0.625445 -26.924479 -3.827613 -5.03688 -50.88591 -2.778872 -13.708601 -7.363505 -3.720963 18.141273 -14.052821 -3.24268 -4e-06 -18.787424 3.6e-05 -0.429726 -8.456145 2.555562 -2e-06 1e-06 -2e-06 -15.923627 -20.09457 -5.473609 30.419405 -7.190872 1.735944 -3e-06 -8.162995 2e-05 -1.861941 -22.861721 -6.167957 -0.0 -2e-06 -0.0 152.623123 -3.102413 -13.958544 20.948935 0.072058 -0.153081 -74.641609 5.092821 2.072728 -4.575806 1.404491 2.127087 -1.000003 0.0 -0.0 -26.660526 -4.991438 -14.799641 16.213366 0.10451 -0.102862 -68.223557 5.472043 -2.542489 -4.557081 0.724833 1.694519 -1.000006 0.0 0.0 
0.0 0.0 0.0 0.0 -0.0 0.0 3.392982 99.901039 -5.871278 89.006439 -11.443285 88.251045 12.52893 -1.397596 0.277021 -5.39633 -0.510504 0.269372 32.775021 -0.95909 -1.340425 12.941579 5.191009 2.696511 -2.333473 -0.926509 -0.485217 -26.648457 1.760765 -1.557978 6e-06 -0.0 0.0 -0.142918 -0.014339 0.044031 -0.227659 -0.047979 -0.035272 -0.204961 0.013157 0.12881 124.370277 -75.363495 -112.288902 50.524277 -11.883097 -41.167591 24.57901 -0.242354 -0.188606 -3.059071 7.684133 -47.8876 17.636787 -26.322876 52.41164 -19.466946 -14.395812 29.410748 -5e-06 -8.774978 -2e-06 15.797607 -17.97621 5.962366 -0.609781 -1.795669 -3.889362 -4.807148 -11.046907 -2.937892 4.4e-05 -20.976255 -3.8e-05 -5.020009 -25.033922 -4.032001 6e-06 -1e-06 1e-06 -10.634649 -5.687014 -3.565612 10.573448 -17.923109 -3.113975 2.5e-05 -13.821354 -1.8e-05 -0.50171 -31.181973 -4.027134 -11.04516 -59.422646 6.888403 -13.982868 -7.15025 -2.875057 13.772939 -8.401572 -3.218301 0.347811 -34.211983 0.771609 -0.963012 -17.733637 2.621064 -0.0 -1e-06 -1e-06 -17.346619 -20.095367 -4.201824 21.757872 -1.638411 3.866463 9e-06 -6.33889 -4e-06 -1.697583 -22.592073 -6.194157 -3e-06 -3e-06 -0.0 -78.407906 -79.616432 -92.279869 60.622978 -20.07514 -40.738041 24.197206 -0.607796 -0.095219 0.662406 6.804915 -43.387283 22.182411 -20.375999 49.933792 -16.702112 -16.74379 28.476906 -1.7e-05 -12.690857 -9e-06 16.755154 -17.982979 2.715096 -0.105916 -1.513872 -4.275923 -5.039119 -5.612929 -2.953598 2.2e-05 -11.020659 -2.7e-05 -6.111402 -15.895592 -3.840595 1e-06 -2e-06 0.0 -10.283512 -5.680343 -4.341876 11.028485 -11.302521 -2.372687 -1.384272 -14.23877 -6.32025 -0.625341 -26.924669 -3.827743 -5.053472 -50.886967 -2.820122 -13.708711 -7.363545 -3.720973 18.141474 -14.052893 -3.242748 4.9e-05 -18.787502 -3.5e-05 -0.429695 -8.456175 2.55555 -0.0 -2e-06 2e-06 -15.923757 -20.094667 -5.473656 30.419729 -7.190947 1.735951 1.9e-05 -8.163023 -7e-06 -1.861884 -22.861845 -6.168107 1e-06 -1e-06 2e-06 153.727478 -3.118239 -14.170852 20.566847 0.070276 -0.138751 -74.546982 5.355272 2.177748 -4.491002 1.392115 2.127434 -1.000003 -0.0 -0.0 -25.625502 -4.970241 -14.9333 15.98632 0.110567 -0.127351 -68.143051 5.565104 -2.459343 -4.512306 0.710031 1.689348 -1.000005 -0.0 -0.0 
0.0 0.0 0.0 0.0 -0.0 0.0 3.378713 99.955582 -5.696351 88.934952 -10.700648 88.328178 11.965146 -1.302298 0.32235 -5.644158 -0.464796 0.242399 32.206024 -0.905084 -1.309282 12.415759 5.139971 2.711444 -2.341479 -0.950818 -0.756984 -27.472033 1.604312 -1.92027 5e-06 0.0 -1e-06 -0.138953 -0.004876 0.037654 -0.197535 -0.040954 -0.026855 -0.176251 0.025302 0.107554 127.444717 -75.518272 -115.226906 50.470757 -13.095945 -40.363514 24.041275 -0.22263 -0.189973 -3.001593 7.063299 -47.68269 17.636797 -26.323011 52.412037 -19.467073 -14.395821 29.410994 -2e-06 -8.775007 2e-06 15.833363 -17.972795 5.952074 -0.609787 -1.795681 -3.889385 -4.807171 -11.046985 -2.937929 3.4e-05 -20.976429 -7.3e-05 -5.020012 -25.034197 -4.032094 5e-06 -6e-06 0.0 -10.634682 -5.687055 -3.565644 10.573476 -17.923227 -3.114017 2.3e-05 -13.821469 -3.9e-05 -0.501671 -31.182327 -4.027249 -11.013496 -59.417278 6.89685 -13.982904 -7.150301 -2.875088 13.772966 -8.401619 -3.218329 0.34781 -34.212273 0.771554 -0.963014 -17.733784 2.62105 -1e-06 -0.0 0.0 -17.346657 -20.095497 -4.201873 21.757927 -1.638398 3.866488 5e-06 -6.338936 -1.3e-05 -1.697567 -22.592304 -6.194268 -3e-06 -5e-06 -3e-06 -76.586952 -80.213249 -93.987572 61.050117 -21.452591 -40.472534 23.733212 -0.631072 -0.10547 0.686482 6.486366 -43.18261 22.182302 -20.376057 49.933941 -16.702156 -16.743757 28.477032 -5e-06 -12.690822 1.4e-05 16.816727 -17.991488 2.682603 -0.105917 -1.513881 -4.275936 -5.03911 -5.612967 -2.953607 5e-06 -11.020732 -3.4e-05 -6.111404 -15.895732 -3.840598 -1e-06 -0.0 -1e-06 -10.283485 -5.680372 -4.341889 11.028454 -11.302569 -2.372708 -1.384271 -14.238858 -6.32028 -0.625368 -26.92485 -3.8278 -5.050582 -50.822098 -2.864888 -13.708688 -7.363583 -3.72098 18.14142 -14.052943 -3.242781 2.7e-05 -18.787622 -6.2e-05 -0.429711 -8.456226 2.555536 -1e-06 4e-06 -0.0 -15.923729 -20.094767 -5.473665 30.419647 -7.190918 1.735908 6e-06 -8.163061 -2.1e-05 -1.861874 -22.861996 -6.168172 -3e-06 -3e-06 -3e-06 154.785873 -3.158595 -14.33969 20.293617 0.069696 -0.119251 -74.53624 5.583866 2.297492 -4.412933 1.374387 2.126883 -1.000001 0.0 -0.0 -24.560551 -4.917355 -15.114487 15.750994 0.113286 -0.145929 -68.155746 5.619112 -2.368222 -4.461624 0.694605 1.68588 -1.000008 -1e-06 -0.0 
0.0 0.0 0.0 0.0 -0.0 0.0 3.354824 99.988068 -5.491841 88.838066 -9.967923 88.431526 11.37443 -1.181981 0.373506 -5.90697 -0.413967 0.209907 31.568468 -0.842778 -1.278107 11.856913 5.037749 2.719444 -2.350568 -0.959483 -1.055289 -28.349707 1.370416 -2.280466 3e-06 -0.0 0.0 -0.131367 0.007738 0.026017 -0.16466 -0.027278 -0.021141 -0.147255 0.036899 0.078601 130.56781 -75.668068 -118.202492 50.36417 -14.340947 -39.378139 23.617344 -0.208389 -0.203129 -3.08894 6.438859 -47.355606 17.636705 -26.322966 52.411736 -19.466877 -14.395727 29.410769 3e-06 -8.774925 2e-06 15.828205 -17.968563 5.953014 -0.609786 -1.795667 -3.889362 -4.807133 -11.046912 -2.93789 4e-06 -20.976263 -2.4e-05 -5.020018 -25.033953 -4.031992 5e-06 -2e-06 -1e-06 -10.634609 -5.687019 -3.565622 10.573369 -17.923105 -3.113954 1e-06 -13.821363 -9e-06 -0.50175 -31.182007 -4.02713 -11.022498 -59.40139 6.93592 -13.982817 -7.150261 -2.87507 13.772855 -8.40156 -3.218284 0.34773 -34.212009 0.771641 -0.96305 -17.733656 2.621056 -2e-06 -0.0 -1e-06 -17.346556 -20.095381 -4.201828 21.75775 -1.638378 3.866464 3e-06 -6.338895 -3e-06 -1.697592 -22.592104 -6.194155 -3e-06 -3e-06 -1e-06 -74.679878 -80.839233 -95.83107 61.402924 -22.885412 -40.135098 23.35248 -0.680708 -0.120574 0.658787 6.194937 -42.900097 22.182268 -20.376127 49.933846 -16.702032 -16.743713 28.476927 -1.2e-05 -12.690763 1.2e-05 16.842287 -17.980627 2.6587 -0.105919 -1.513869 -4.275924 -5.039088 -5.612931 -2.953596 1e-05 -11.02068 -1.1e-05 -6.11137 -15.89563 -3.840561 0.0 1e-06 0.0 -10.28345 -5.680335 -4.341881 11.028415 -11.302525 -2.372673 -1.384266 -14.238783 -6.320232 -0.625396 -26.924707 -3.827708 -5.047505 -50.730698 -2.889056 -13.708632 -7.363537 -3.720977 18.14135 -14.052891 -3.242734 1.6e-05 -18.787535 -8e-06 -0.42972 -8.456195 2.555552 3e-06 0.0 3e-06 -15.923659 -20.094652 -5.473645 30.419521 -7.190904 1.735919 4e-06 -8.163035 2e-06 -1.861901 -22.861883 -6.168061 -0.0 0.0 -1e-06 155.74884 -3.242417 -14.449579 20.214453 0.068909 -0.098372 -74.636154 5.802584 2.416475 -4.343653 1.358873 2.12762 -1.000003 -0.0 -0.0 -23.480883 -4.823285 -15.319571 15.515446 0.115585 -0.151293 -68.287666 5.631868 -2.300605 -4.39296 0.680697 1.684976 -1.000005 0.0 -0.0 
0.0 0.0 0.0 0.0 -0.0 0.0 3.315973 100.006172 -5.269191 88.726761 -9.22851 88.555466 10.752056 -1.050377 0.418827 -6.185322 -0.358743 0.168267 30.873411 -0.784504 -1.248536 11.304588 4.87747 2.718579 -2.359841 -0.958821 -1.35666 -29.223572 1.092081 -2.617408 5e-06 -0.0 0.0 -0.12007 0.018585 0.012852 -0.129874 -0.012268 -0.01678 -0.120184 0.043595 0.048194 133.80835 -75.846161 -121.275505 50.22398 -15.596573 -38.233055 23.330788 -0.224122 -0.220333 -3.324771 5.829657 -46.74987 17.636683 -26.322882 52.411392 -19.46677 -14.395706 29.410557 -2e-06 -8.774899 2e-06 15.820752 -17.991644 5.959293 -0.609777 -1.795658 -3.889341 -4.807114 -11.046864 -2.937856 3e-06 -20.976171 1.6e-05 -5.020035 -25.033806 -4.031903 5e-06 -0.0 2e-06 -10.634577 -5.68699 -3.565592 10.573339 -17.923044 -3.113915 -2e-06 -13.821313 1.2e-05 -0.501802 -31.181866 -4.02703 -11.028262 -59.384705 6.968675 -13.982771 -7.150222 -2.875041 13.772816 -8.401535 -3.218264 0.347719 -34.211849 0.771695 -0.963052 -17.733566 2.621069 1e-06 1e-06 4e-06 -17.346498 -20.095287 -4.201775 21.75769 -1.638384 3.866438 2e-06 -6.338873 6e-06 -1.69761 -22.591993 -6.194057 -0.0 -4e-06 1e-06 -72.774658 -81.504974 -97.693359 61.719223 -24.367498 -39.704277 23.050005 -0.752823 -0.14005 0.594303 5.88463 -42.384598 22.182234 -20.375961 49.933517 -16.701948 -16.74367 28.476728 5e-06 -12.690747 1e-06 16.819593 -17.953104 2.650841 -0.105918 -1.513863 -4.2759 -5.039085 -5.612913 -2.953573 -1e-06 -11.020624 -1e-05 -6.111387 -15.895542 -3.84054 -1e-06 -1e-06 1e-06 -10.283432 -5.68032 -4.34185 11.028377 -11.302468 -2.372657 -1.384291 -14.238716 -6.32019 -0.625429 -26.924545 -3.827691 -5.073647 -50.655983 -2.875266 -13.70861 -7.363518 -3.720945 18.1413 -14.052817 -3.24271 3e-06 -18.787447 -1.7e-05 -0.429719 -8.45615 2.555531 -3e-06 2e-06 0.0 -15.923647 -20.094591 -5.473598 30.41946 -7.190858 1.735937 -2e-06 -8.162993 -4e-06 -1.861924 -22.861759 -6.168054 -3e-06 -1e-06 -2e-06 156.673401 -3.356104 -14.505111 20.252645 0.070038 -0.081882 -74.903641 6.028352 2.504605 -4.251462 1.350531 2.131137 -1.000002 0.0 0.0 -22.360325 -4.704004 -15.555394 15.270041 0.117778 -0.143229 -68.512741 5.63902 -2.268482 -4.318355 0.668688 1.685026 -1.000006 0.0 0.0 
0.0 0.0 0.0 0.0 -0.0 0.0 3.257871 100.019478 -5.035649 88.607239 -8.480023 88.696228 10.112545 -0.913722 0.465792 -6.471672 -0.307887 0.118462 30.134197 -0.718613 -1.218503 10.796841 4.674367 2.692423 -2.369586 -0.970712 -1.639751 -30.093264 0.801605 -2.903873 7e-06 0.0 -0.0 -0.106438 0.02517 0.001584 -0.106148 0.000898 -0.013637 -0.104342 0.043558 0.022948 137.125977 -76.045837 -124.431564 50.033962 -16.84981 -36.922287 23.264278 -0.277784 -0.228928 -3.661929 5.196167 -45.849613 17.636707 -26.322962 52.411713 -19.466885 -14.395744 29.410761 -3e-06 -8.774932 3e-06 15.841774 -18.038759 5.952622 -0.609778 -1.795667 -3.889359 -4.807134 -11.046909 -2.937887 1.5e-05 -20.976269 -1.7e-05 -5.020014 -25.033958 -4.03198 5e-06 -5e-06 0.0 -10.634607 -5.687011 -3.565618 10.573388 -17.923109 -3.113955 7e-06 -13.821368 -6e-06 -0.501747 -31.182028 -4.027107 -10.987193 -59.344933 6.959015 -13.982813 -7.150249 -2.875067 13.772863 -8.401565 -3.21829 0.347749 -34.212006 0.771659 -0.963049 -17.733652 2.621077 1e-06 -2e-06 2e-06 -17.34654 -20.095364 -4.201828 21.757759 -1.638392 3.866457 6e-06 -6.338898 0.0 -1.697589 -22.592119 -6.194143 1e-06 -5e-06 -2e-06 -70.676613 -82.215126 -99.745682 61.976242 -25.840242 -39.174416 22.871181 -0.853768 -0.164511 0.514995 5.525878 -41.618523 22.182274 -20.376099 49.933811 -16.701994 -16.74369 28.476883 -7e-06 -12.690749 5e-06 16.772388 -17.930229 2.650159 -0.10592 -1.513867 -4.275919 -5.039084 -5.612924 -2.953595 7e-06 -11.020655 -9e-06 -6.111366 -15.895583 -3.840563 0.0 -1e-06 -0.0 -10.283444 -5.680333 -4.341879 11.028399 -11.302505 -2.372665 -1.384272 -14.238751 -6.320225 -0.625405 -26.924641 -3.827698 -5.110096 -50.597351 -2.860069 -13.708626 -7.363534 -3.720977 18.141323 -14.052862 -3.242719 8e-06 -18.787498 -0.0 -0.429723 -8.456177 2.555556 0.0 1e-06 -1e-06 -15.923656 -20.094639 -5.473645 30.419487 -7.190892 1.735933 4e-06 -8.163021 5e-06 -1.861917 -22.861835 -6.168044 -1e-06 3e-06 -0.0 157.602386 -3.48541 -14.509762 20.323631 0.069636 -0.074227 -75.133232 6.230128 2.56029 -4.159281 1.35005 2.136588 -1.000001 0.0 -0.0 -21.216545 -4.651016 -15.800972 15.064129 0.116449 -0.134792 -68.747139 5.655214 -2.29405 -4.248141 0.660234 1.686787 -1.000003 0.0 0.0 
0.0 0.0 0.0 0.0 -0.0 0.0 3.179562 100.029945 -4.770495 88.494156 -7.71668 88.860237 9.445083 -0.780369 0.501065 -6.77139 -0.264401 0.063062 29.33709 -0.637237 -1.18807 10.319378 4.407246 2.645147 -2.385161 -0.982927 -1.895619 -31.005907 0.532997 -3.141302 4e-06 0.0 1e-06 -0.094081 0.028483 -0.0066 -0.096291 0.01135 -0.009169 -0.100802 0.039549 0.002756 140.753357 -76.282181 -127.906319 49.821144 -18.138538 -35.532887 23.443357 -0.353164 -0.230226 -4.046875 4.612611 -44.715611 17.636778 -26.322882 52.411819 -19.467012 -14.395758 29.410866 -6e-06 -8.774969 -2e-06 15.880709 -18.09477 5.936446 -0.609784 -1.795678 -3.889373 -4.807153 -11.046946 -2.937922 4.8e-05 -20.976334 -7.9e-05 -5.019967 -25.034054 -4.032082 7e-06 -2e-06 1e-06 -10.634654 -5.687036 -3.565635 10.573445 -17.923166 -3.114004 2.8e-05 -13.82141 -4.1e-05 -0.50165 -31.182158 -4.027227 -10.938219 -59.287914 6.937095 -13.982871 -7.150279 -2.875084 13.772919 -8.401594 -3.218312 0.347837 -34.212109 0.771539 -0.962997 -17.733702 2.621044 -1e-06 -0.0 1e-06 -17.346605 -20.095434 -4.201869 21.757849 -1.638402 3.86648 1.2e-05 -6.338907 -1.7e-05 -1.697542 -22.592178 -6.194243 0.0 -3e-06 -2e-06 -68.262405 -82.960991 -102.124565 62.171318 -27.366962 -38.585278 22.850725 -0.963065 -0.192966 0.394585 5.190382 -40.747654 22.182325 -20.375988 49.933846 -16.702093 -16.743727 28.476936 -3e-06 -12.690813 -2e-06 16.725111 -17.899343 2.647143 -0.10592 -1.513876 -4.275924 -5.039111 -5.612944 -2.953604 7e-06 -11.020685 -3.1e-05 -6.111404 -15.895656 -3.840607 1e-06 1e-06 -0.0 -10.283484 -5.680354 -4.341882 11.028444 -11.302523 -2.37269 -1.384281 -14.238797 -6.320269 -0.625366 -26.924723 -3.827784 -5.142395 -50.530834 -2.840411 -13.708673 -7.36356 -3.720978 18.141401 -14.052886 -3.242751 2.7e-05 -18.787537 -4.9e-05 -0.429709 -8.456192 2.555541 -2e-06 2e-06 -2e-06 -15.92372 -20.094696 -5.473661 30.419624 -7.190908 1.735944 6e-06 -8.163027 -1.4e-05 -1.861889 -22.861885 -6.168137 1e-06 -1e-06 -0.0 158.562805 -3.607904 -14.487122 20.401228 0.06441 -0.070668 -75.3909 6.416972 2.593832 -4.081206 1.355317 2.142831 -1.000004 -0.0 0.0 -20.090981 -4.554241 -16.093575 14.932117 0.115284 -0.126286 -69.029434 5.660315 -2.234082 -4.199172 0.655196 1.688656 -1.000004 1e-06 -0.0 
0.0 0.0 0.0 0.0 -0.0 0.0 3.083563 100.037109 -4.467463 88.397102 -6.944125 89.031471 8.742285 -0.656209 0.52159 -7.081632 -0.230625 0.016947 28.507402 -0.537366 -1.169239 9.838778 4.09584 2.596449 -2.400674 -0.980348 -2.093247 -31.95668 0.291146 -3.339881 5e-06 -0.0 0.0 -0.081353 0.03051 -0.012866 -0.094222 0.019171 -0.004532 -0.102742 0.035551 -0.013596 144.766678 -76.532288 -131.793427 49.617485 -19.465361 -34.193352 23.82 -0.428728 -0.239003 -4.46982 4.171764 -43.454811 17.636856 -26.322962 52.411839 -19.467043 -14.395812 29.410881 1e-06 -8.775005 -6e-06 15.924113 -18.147142 5.923337 -0.609783 -1.795681 -3.889375 -4.807174 -11.046978 -2.937916 3e-05 -20.976402 -6.5e-05 -5.020032 -25.034155 -4.032086 6e-06 -3e-06 2e-06 -10.634684 -5.687052 -3.565629 10.573475 -17.92321 -3.113998 1.7e-05 -13.821446 -3.3e-05 -0.501699 -31.182241 -4.027227 -10.922962 -59.266571 6.938397 -13.982916 -7.150296 -2.875074 13.772973 -8.401611 -3.218313 0.347811 -34.212212 0.771563 -0.96301 -17.733747 2.621048 -1e-06 2e-06 1e-06 -17.346682 -20.095493 -4.201846 21.757942 -1.6384 3.866493 4e-06 -6.33893 -1.5e-05 -1.697584 -22.592266 -6.194255 -2e-06 -4e-06 -1e-06 -65.147598 -83.68618 -105.187416 62.265427 -28.901175 -38.085396 22.99267 -1.085699 -0.230033 0.224747 5.017507 -39.936562 22.182484 -20.376123 49.93399 -16.702177 -16.743803 28.47703 -5e-06 -12.69089 -1.5e-05 16.692549 -17.843666 2.62935 -0.105921 -1.513882 -4.275939 -5.039137 -5.612974 -2.953611 1.2e-05 -11.020762 -2.4e-05 -6.111442 -15.895768 -3.840607 1e-06 1e-06 1e-06 -10.283532 -5.68038 -4.341897 11.02851 -11.302605 -2.372691 -1.384292 -14.238899 -6.320283 -0.62539 -26.924963 -3.82777 -5.153717 -50.450764 -2.806426 -13.70874 -7.363591 -3.72099 18.141502 -14.052991 -3.242754 3e-05 -18.787682 -4.1e-05 -0.429703 -8.456265 2.555558 1e-06 -2e-06 1e-06 -15.923802 -20.094801 -5.473669 30.419785 -7.19097 1.735968 1.2e-05 -8.163091 -1.5e-05 -1.861891 -22.862087 -6.168174 -1e-06 -2e-06 0.0 159.629257 -3.692579 -14.472573 20.481197 0.0542 -0.064952 -75.781143 6.601037 2.616698 -4.033213 1.355594 2.147409 -1.000004 -0.0 -0.0 -18.969908 -4.485763 -16.470442 14.892292 0.119781 -0.110133 -69.370789 5.733498 -2.134256 -4.201251 0.653119 1.689918 -1.000005 0.0 0.0 
0.0 0.0 0.0 0.0 -0.0 0.0 2.981341 100.037071 -4.126707 88.334206 -6.156681 89.199699 8.016335 -0.552554 0.526259 -7.414382 -0.208889 -0.019983 27.63245 -0.43608 -1.147273 9.399273 3.783891 2.527756 -2.407906 -0.976903 -2.208221 -32.993099 0.082416 -3.47706 6e-06 -0.0 -0.0 -0.065728 0.031631 -0.025915 -0.092856 0.02355 -0.011525 -0.104182 0.033269 -0.032045 149.184357 -76.811615 -136.121231 49.449265 -20.884314 -32.918793 24.420916 -0.502961 -0.249893 -4.931953 3.949058 -42.128136 17.636721 -26.322851 52.411617 -19.466879 -14.395656 29.410696 -1e-06 -8.774902 -5e-06 15.963687 -18.181946 5.917503 -0.60978 -1.795673 -3.889357 -4.807125 -11.046912 -2.9379 2e-05 -20.97625 -5.1e-05 -5.019961 -25.03392 -4.032008 7e-06 -2e-06 -2e-06 -10.634604 -5.687026 -3.565622 10.573358 -17.923111 -3.113966 1.4e-05 -13.821362 -3.2e-05 -0.501682 -31.181999 -4.027173 -10.898347 -59.236935 6.963717 -13.982801 -7.150265 -2.875075 13.772824 -8.401565 -3.218281 0.347792 -34.211971 0.771569 -0.96301 -17.733618 2.62103 -2e-06 2e-06 1e-06 -17.346531 -20.095396 -4.201841 21.75771 -1.63838 3.866469 5e-06 -6.33889 -1.2e-05 -1.697558 -22.592075 -6.194173 1e-06 -3e-06 -2e-06 -61.043983 -84.425003 -109.208237 62.321419 -30.484221 -37.650787 23.239935 -1.156756 -0.258517 0.004503 4.929989 -39.231255 22.182302 -20.376045 49.933819 -16.702091 -16.743748 28.476933 -4e-06 -12.690815 5e-06 16.644682 -17.785688 2.623756 -0.105923 -1.513875 -4.275924 -5.039107 -5.612947 -2.953597 6e-06 -11.020695 -2.4e-05 -6.111406 -15.895662 -3.840584 -0.0 -2e-06 -0.0 -10.283481 -5.680353 -4.341876 11.028452 -11.302537 -2.372689 -1.384285 -14.238808 -6.320248 -0.625388 -26.924746 -3.827752 -5.167248 -50.349384 -2.749133 -13.708667 -7.36356 -3.72097 18.141407 -14.052904 -3.242751 2e-05 -18.787561 -3.6e-05 -0.429712 -8.456201 2.555541 -2e-06 0.0 -1e-06 -15.923714 -20.094704 -5.473643 30.419628 -7.19091 1.735925 7e-06 -8.163042 -1.3e-05 -1.861895 -22.861906 -6.168124 -4e-06 -2e-06 -2e-06 160.667633 -3.789797 -14.49346 20.56539 0.041332 -0.049242 -76.097633 6.826487 2.627034 -4.018865 1.357512 2.151301 -1.000004 -0.0 0.0 -17.836582 -4.467518 -16.961906 14.919119 0.122666 -0.090048 -69.786316 5.919204 -2.019017 -4.228083 0.65626 1.690715 -1.000006 0.0 -0.0 
0.0 0.0 0.0 0.0 -0.0 0.0 2.876604 100.030479 -3.761971 88.29673 -5.379449 89.386909 7.269153 -0.464218 0.515159 -7.758399 -0.194664 -0.034143 26.721066 -0.329349 -1.147158 9.04174 3.50578 2.437824 -2.4115 -0.97246 -2.231853 -34.063358 -0.0841 -3.540029 6e-06 -0.0 0.0 -0.049185 0.029889 -0.044052 -0.088841 0.022497 -0.02957 -0.104361 0.030977 -0.049764 153.822769 -77.118065 -140.703217 49.301331 -22.418352 -31.746733 25.260962 -0.547295 -0.254651 -5.424552 3.946745 -40.807465 17.636768 -26.322895 52.411602 -19.466848 -14.395693 29.410675 1.1e-05 -8.774923 -9e-06 15.998016 -18.196375 5.907489 -0.60978 -1.795667 -3.889355 -4.807151 -11.046914 -2.937886 -9e-06 -20.976263 -2.7e-05 -5.020028 -25.033962 -4.03201 3e-06 3e-06 1e-06 -10.634617 -5.687024 -3.565615 10.57336 -17.923101 -3.113938 -8e-06 -13.821368 -1.2e-05 -0.501772 -31.182028 -4.027142 -10.851749 -59.19445 6.987628 -13.98282 -7.150264 -2.875066 13.772846 -8.401554 -3.218271 0.347733 -34.211987 0.771616 -0.96304 -17.733641 2.621039 0.0 -1e-06 0.0 -17.346573 -20.095383 -4.201818 21.757767 -1.63837 3.866481 -3e-06 -6.338894 -5e-06 -1.697616 -22.59211 -6.194157 -1e-06 -3e-06 -3e-06 -55.438171 -85.179443 -114.741631 62.33728 -32.158638 -37.245831 23.584261 -1.151073 -0.268938 -0.282663 4.88362 -38.654694 22.182241 -20.375984 49.933624 -16.701984 -16.743685 28.476791 -6e-06 -12.690747 6e-06 16.597248 -17.742033 2.630172 -0.105919 -1.513866 -4.275908 -5.039085 -5.612913 -2.953583 9e-06 -11.020625 -1.8e-05 -6.111362 -15.895539 -3.840551 0.0 -0.0 0.0 -10.283441 -5.680324 -4.341861 11.028395 -11.302475 -2.372669 -1.384273 -14.238709 -6.320206 -0.62539 -26.924528 -3.827702 -5.183283 -50.251221 -2.690393 -13.708617 -7.36352 -3.720957 18.141315 -14.052826 -3.242723 1.8e-05 -18.787432 -2e-05 -0.429711 -8.45614 2.555534 4e-06 -0.0 0.0 -15.923654 -20.094604 -5.47362 30.419483 -7.190876 1.735924 3e-06 -8.162992 -3e-06 -1.861902 -22.861744 -6.16805 2e-06 -1e-06 -0.0 161.706787 -3.862346 -14.513099 20.650051 0.027048 -0.027227 -76.426033 7.068374 2.619258 -4.036108 1.362274 2.154826 -1.000001 -0.0 -0.0 -16.710766 -4.487933 -17.530148 14.982956 0.124607 -0.066043 -70.253708 6.204739 -1.914497 -4.263072 0.662135 1.690036 -1.000008 -0.0 0.0 
0.0 0.0 0.0 0.0 -0.0 0.0 2.767634 100.035843 -3.38628 88.256393 -4.644028 89.580063 6.473917 -0.382194 0.489702 -8.101187 -0.187679 -0.034073 25.807774 -0.200241 -1.184027 8.783892 3.247734 2.361946 -2.424059 -0.96218 -2.151937 -35.034504 -0.194572 -3.515107 6e-06 -0.0 -0.0 -0.034892 0.025815 -0.057556 -0.079343 0.016333 -0.047914 -0.101068 0.029474 -0.058157 158.662872 -77.413612 -145.521866 49.12627 -24.022543 -30.66 26.264565 -0.571932 -0.251014 -5.948035 4.059523 -39.448986 17.636753 -26.322832 52.411606 -19.46693 -14.395721 29.410706 -8e-06 -8.77493 -5e-06 16.03932 -18.180128 5.895194 -0.609778 -1.795673 -3.889359 -4.807137 -11.046914 -2.937896 4.2e-05 -20.976263 -5.5e-05 -5.019964 -25.033934 -4.032011 7e-06 1e-06 1e-06 -10.634624 -5.687023 -3.565616 10.573405 -17.923124 -3.113975 2.7e-05 -13.821363 -2.9e-05 -0.501683 -31.182007 -4.027154 -10.821016 -59.14954 7.029459 -13.982834 -7.150262 -2.875065 13.772882 -8.401578 -3.218293 0.347822 -34.211987 0.771571 -0.962998 -17.733637 2.621044 -2e-06 0.0 -1e-06 -17.346571 -20.095396 -4.201832 21.757788 -1.638402 3.866465 7e-06 -6.338891 -1.2e-05 -1.697553 -22.592091 -6.194168 -0.0 -4e-06 -3e-06 -47.905373 -85.900124 -122.191772 62.323395 -33.878529 -36.91227 23.996868 -1.098601 -0.264475 -0.707542 4.930843 -38.126389 22.182379 -20.376043 49.933971 -16.702156 -16.743742 28.477024 -4e-06 -12.690844 -6e-06 16.586708 -17.727125 2.638879 -0.105919 -1.513883 -4.275936 -5.039127 -5.612966 -2.953614 8e-06 -11.020729 -3.7e-05 -6.111415 -15.895727 -3.840623 3e-06 1e-06 0.0 -10.2835 -5.680374 -4.341897 11.028467 -11.302569 -2.372699 -1.384282 -14.238854 -6.320291 -0.625364 -26.924845 -3.827805 -5.215828 -50.21854 -2.624416 -13.708703 -7.363587 -3.720992 18.141445 -14.052943 -3.242764 3.4e-05 -18.787613 -5.8e-05 -0.429706 -8.456222 2.555546 2e-06 -3e-06 1e-06 -15.923748 -20.094772 -5.473684 30.419682 -7.190933 1.735947 1.1e-05 -8.163058 -1.9e-05 -1.861874 -22.861982 -6.168176 -0.0 -1e-06 0.0 162.752365 -3.931396 -14.515081 20.635973 0.012108 -0.002893 -76.707985 7.291018 2.602153 -4.072852 1.36622 2.158246 -1.000002 -0.0 -0.0 -15.605965 -4.494282 -18.123611 15.014501 0.126816 -0.054495 -70.650536 6.58289 -1.833681 -4.312512 0.665551 1.685544 -1.000005 0.0 0.0 
0.0 0.0 0.0 0.0 -0.0 0.0 2.645493 100.044754 -2.998567 88.205086 -3.967987 89.782814 5.641271 -0.308788 0.447508 -8.450984 -0.192707 -0.045409 24.886721 -0.061541 -1.248238 8.66034 3.009769 2.297694 -2.448131 -0.941699 -1.963799 -35.841095 -0.252674 -3.401428 6e-06 -0.0 -1e-06 -0.021649 0.020897 -0.068636 -0.058386 0.006864 -0.06564 -0.086465 0.029755 -0.062758 163.511978 -77.721367 -150.37323 48.919521 -25.692556 -29.61076 27.336525 -0.566411 -0.238234 -6.546957 4.201987 -37.981968 17.636734 -26.322901 52.411636 -19.466906 -14.395749 29.41074 1e-05 -8.774949 2e-06 16.068693 -18.16279 5.916552 -0.609776 -1.79567 -3.889361 -4.807157 -11.046936 -2.93789 -9e-06 -20.976318 -3.7e-05 -5.020047 -25.034048 -4.032022 6e-06 -2e-06 -1e-06 -10.634627 -5.687031 -3.565612 10.573391 -17.923136 -3.113965 -7e-06 -13.821404 -2e-05 -0.501765 -31.182133 -4.027171 -10.808204 -59.11541 7.085044 -13.982834 -7.150271 -2.875059 13.772875 -8.401567 -3.218293 0.347728 -34.212097 0.771608 -0.963044 -17.733707 2.621037 -1e-06 -2e-06 -2e-06 -17.34659 -20.095413 -4.201813 21.757816 -1.638369 3.866466 -5e-06 -6.338912 -8e-06 -1.697625 -22.592201 -6.194181 -3e-06 -3e-06 -2e-06 -37.964989 -86.617363 -132.065735 62.373779 -35.714378 -36.705921 24.450455 -1.011673 -0.258 -1.288582 5.073956 -37.624363 22.182268 -20.376011 49.933739 -16.702055 -16.743734 28.476898 -1e-05 -12.690788 1.2e-05 16.599741 -17.739847 2.65313 -0.105917 -1.513871 -4.275918 -5.039094 -5.612928 -2.953591 1.1e-05 -11.020658 -2.2e-05 -6.111379 -15.895597 -3.840571 -1e-06 0.0 0.0 -10.28346 -5.680337 -4.341871 11.02842 -11.302509 -2.372687 -1.38427 -14.238762 -6.320239 -0.625367 -26.924656 -3.827746 -5.239002 -50.225639 -2.586191 -13.708642 -7.363538 -3.720965 18.141369 -14.05287 -3.242749 2.4e-05 -18.787498 -2.9e-05 -0.429712 -8.456169 2.555541 1e-06 -1e-06 0.0 -15.923677 -20.09465 -5.473636 30.419569 -7.190897 1.735915 5e-06 -8.163018 -6e-06 -1.861901 -22.861828 -6.168084 -4e-06 -4e-06 -4e-06 163.747208 -4.022815 -14.498366 20.602045 -0.001202 0.017582 -76.979813 7.50994 2.572335 -4.084153 1.366837 2.160954 -1.000001 -0.0 0.0 -14.535007 -4.465903 -18.714891 14.999871 0.129334 -0.052078 -71.015541 6.960465 -1.75323 -4.328306 0.663032 1.680506 -1.000006 -0.0 0.0 
0.0 0.0 0.0 0.0 -0.0 0.0 2.510583 100.059151 -2.601497 88.164352 -3.32282 90.000542 4.798617 -0.259374 0.395334 -8.806621 -0.207207 -0.072007 23.972786 0.071865 -1.341358 8.656331 2.769152 2.234293 -2.472636 -0.924158 -1.680157 -36.477859 -0.2689 -3.254572 6e-06 -0.0 0.0 -0.009801 0.017005 -0.067084 -0.028751 -0.005656 -0.069794 -0.063444 0.035179 -0.05603 168.247818 -78.039429 -155.105835 48.69746 -27.387926 -28.651398 28.37076 -0.537469 -0.209735 -7.259294 4.310828 -36.482616 17.636808 -26.322876 52.411484 -19.466892 -14.395818 29.410641 1e-06 -8.774981 -4e-06 16.08671 -18.1523 5.953322 -0.609779 -1.795666 -3.889352 -4.807155 -11.046903 -2.937871 2.1e-05 -20.97625 -1.4e-05 -5.020055 -25.033911 -4.031973 6e-06 -1e-06 -0.0 -10.634654 -5.687011 -3.565594 10.573436 -17.9231 -3.113952 1.2e-05 -13.821356 -7e-06 -0.501762 -31.181973 -4.027103 -10.821326 -59.107708 7.141965 -13.982876 -7.150248 -2.875037 13.772929 -8.40156 -3.218287 0.347772 -34.211956 0.771642 -0.963022 -17.73362 2.621061 -0.0 -3e-06 1e-06 -17.34664 -20.095364 -4.201781 21.757881 -1.638399 3.86646 6e-06 -6.338891 -2e-06 -1.697619 -22.592077 -6.194122 -2e-06 -2e-06 -2e-06 -23.987104 -87.320877 -146.021194 62.474827 -37.696457 -36.696682 24.969561 -0.938515 -0.246259 -2.00831 5.272875 -37.179329 22.182404 -20.375982 49.933582 -16.702005 -16.743725 28.476734 -5e-06 -12.690804 -2.2e-05 16.592373 -17.769369 2.668596 -0.10592 -1.513866 -4.275906 -5.039107 -5.612917 -2.953578 1.3e-05 -11.020638 -8e-06 -6.111401 -15.89555 -3.840544 1e-06 1e-06 0.0 -10.28349 -5.680329 -4.341859 11.028442 -11.302495 -2.372655 -1.38429 -14.238725 -6.320194 -0.625409 -26.924561 -3.827667 -5.241824 -50.208416 -2.585063 -13.708682 -7.363528 -3.720954 18.141403 -14.05286 -3.242701 2.9e-05 -18.78747 -1.2e-05 -0.429699 -8.456163 2.555543 1e-06 1e-06 -0.0 -15.923733 -20.094622 -5.473612 30.419624 -7.190921 1.735978 1.7e-05 -8.163011 -2e-06 -1.861908 -22.861792 -6.168056 1e-06 -5e-06 -0.0 164.664856 -4.121472 -14.444056 20.499023 -0.010424 0.038182 -77.118553 7.723354 2.537222 -4.090367 1.362711 2.162357 -1.000007 -0.0 -0.0 -13.485518 -4.425586 -19.243732 14.970711 0.133154 -0.050823 -71.360512 7.253523 -1.671896 -4.328213 0.662874 1.677825 -1.000009 1e-06 -0.0 
0.0 0.0 0.0 0.0 -0.0 0.0 2.371562 100.061348 -2.200872 88.151512 -2.677866 90.206734 3.996437 -0.23295 0.34621 -9.160704 -0.227347 -0.107194 23.065781 0.187678 -1.473387 8.769476 2.492106 2.1586 -2.482157 -0.891567 -1.337425 -36.953194 -0.245771 -3.074373 7e-06 0.0 0.0 0.000782 0.014179 -0.060528 0.005771 -0.018942 -0.06716 -0.031959 0.043157 -0.04637 172.866486 -78.392235 -159.727402 48.473705 -29.149899 -27.767296 29.359013 -0.487654 -0.165702 -8.08918 4.437958 -35.016926 17.636793 -26.322809 52.411488 -19.466894 -14.395756 29.410658 5e-06 -8.774961 -9e-06 16.077093 -18.153387 6.003942 -0.609779 -1.795667 -3.889352 -4.80715 -11.046907 -2.937886 1.9e-05 -20.976255 -4.4e-05 -5.020022 -25.033958 -4.032031 7e-06 1e-06 2e-06 -10.634637 -5.687016 -3.565604 10.573414 -17.923098 -3.113961 1.2e-05 -13.82136 -2.7e-05 -0.501721 -31.18202 -4.027178 -10.876633 -59.121887 7.214308 -13.982857 -7.150255 -2.87505 13.772906 -8.401557 -3.218286 0.347779 -34.211975 0.771594 -0.963014 -17.733641 2.621037 -1e-06 -0.0 -0.0 -17.346611 -20.095367 -4.201806 21.757847 -1.63839 3.866474 5e-06 -6.338892 -1.1e-05 -1.697602 -22.5921 -6.194176 1e-06 -4e-06 -2e-06 -2.507611 -87.946907 -167.554764 62.614525 -39.861561 -36.787025 25.627783 -0.84775 -0.22155 -2.873273 5.543153 -36.888824 22.18235 -20.376003 49.933651 -16.702038 -16.743746 28.476812 -1.7e-05 -12.690808 -7e-06 16.5469 -17.797853 2.694414 -0.105914 -1.513867 -4.275911 -5.039103 -5.612915 -2.953584 2.1e-05 -11.020646 -1.3e-05 -6.111386 -15.89557 -3.840559 1e-06 1e-06 -1e-06 -10.283476 -5.680324 -4.341863 11.028457 -11.302503 -2.372669 -1.384276 -14.238736 -6.320216 -0.625374 -26.924612 -3.827691 -5.226275 -50.174084 -2.590328 -13.708665 -7.36352 -3.720959 18.141411 -14.052863 -3.242724 3.6e-05 -18.787472 -1e-05 -0.429698 -8.456164 2.55555 1e-06 -2e-06 -1e-06 -15.923705 -20.094608 -5.473626 30.419621 -7.190927 1.735948 1.7e-05 -8.163011 -0.0 -1.861892 -22.861797 -6.168061 1e-06 -4e-06 -1e-06 165.661469 -4.189455 -14.379082 20.431808 -0.018606 0.058407 -77.399147 7.921926 2.449287 -4.084242 1.362429 2.164672 -1.000003 -0.0 0.0 -12.460445 -4.404458 -19.719101 14.987192 0.134978 -0.044742 -71.763145 7.485122 -1.581219 -4.316149 0.662305 1.676474 -1.000006 0.0 -0.0 
0.0 0.0 0.0 0.0 -0.0 0.0 2.233911 100.055786 -1.796049 88.182411 -2.03555 90.398567 3.23965 -0.22501 0.293935 -9.501672 -0.249326 -0.144849 22.186352 0.271366 -1.642665 8.967744 2.18375 2.099203 -2.480963 -0.851758 -0.999513 -37.256771 -0.224721 -2.887645 6e-06 0.0 -0.0 0.012905 0.01365 -0.053611 0.045274 -0.02783 -0.061262 0.008318 0.050924 -0.03934 177.439896 -78.736 -164.337326 48.247444 -30.945213 -26.903614 30.276217 -0.457165 -0.121381 -8.969911 4.620207 -33.482738 17.636805 -26.322916 52.411507 -19.466862 -14.395819 29.410641 1e-06 -8.774966 -2e-06 16.041395 -18.138437 6.057101 -0.609776 -1.795662 -3.889352 -4.807152 -11.046888 -2.937863 1.2e-05 -20.976221 7e-06 -5.020061 -25.03388 -4.031943 7e-06 -2e-06 -0.0 -10.634652 -5.687004 -3.565593 10.573426 -17.923082 -3.113936 9e-06 -13.821338 1e-05 -0.501792 -31.181925 -4.027055 -10.91406 -59.114891 7.241619 -13.98287 -7.15024 -2.875037 13.772923 -8.401552 -3.218283 0.347746 -34.211933 0.771682 -0.963043 -17.73361 2.621082 -2e-06 -2e-06 -2e-06 -17.346636 -20.095341 -4.201775 21.757866 -1.638399 3.866458 6e-06 -6.338884 4e-06 -1.697627 -22.592031 -6.194088 1e-06 -7e-06 -2e-06 29.652279 -88.23941 160.172241 62.703255 -42.108597 -36.836323 26.419199 -0.765449 -0.191193 -3.800319 5.932719 -36.619438 22.182465 -20.376093 49.933727 -16.702093 -16.743862 28.476879 -8e-06 -12.690901 -8e-06 16.488503 -17.816175 2.733653 -0.105911 -1.513867 -4.275919 -5.039136 -5.612934 -2.953582 1.2e-05 -11.020693 2e-06 -6.111464 -15.895639 -3.84055 3e-06 2e-06 1e-06 -10.283527 -5.680337 -4.34186 11.028515 -11.30254 -2.37267 -1.384305 -14.238799 -6.320218 -0.62543 -26.924759 -3.827673 -5.206397 -50.151817 -2.577572 -13.708733 -7.363541 -3.720953 18.141514 -14.052912 -3.242727 1.9e-05 -18.787573 8e-06 -0.429707 -8.456216 2.555566 1e-06 -1e-06 -0.0 -15.923802 -20.094666 -5.473607 30.419811 -7.190949 1.735965 9e-06 -8.163052 2e-06 -1.861944 -22.86194 -6.168084 -2e-06 -4e-06 -2e-06 166.667694 -4.221456 -14.343727 20.345919 -0.02567 0.081134 -77.610786 8.124593 2.352354 -4.093485 1.368588 2.167981 -1.000003 0.0 -0.0 -11.467416 -4.427032 -20.146029 15.061194 0.134322 -0.036706 -72.214409 7.6738 -1.505979 -4.333325 0.66084 1.676001 -1.000006 -1e-06 0.0 
0.0 0.0 0.0 0.0 -0.0 0.0 2.102339 100.044044 -1.381503 88.256966 -1.395365 90.591255 2.510721 -0.229979 0.245102 -9.817419 -0.273073 -0.189427 21.333483 0.334985 -1.844359 9.231485 1.831738 2.060145 -2.472776 -0.802296 -0.700892 -37.411552 -0.229297 -2.70105 6e-06 -0.0 -0.0 0.028874 0.013442 -0.05067 0.08806 -0.034183 -0.057631 0.054282 0.056604 -0.037816 -177.900604 -79.075058 -169.050217 48.073792 -32.784515 -26.04838 31.119705 -0.431459 -0.082003 -9.895137 4.819325 -31.761299 17.636728 -26.322807 52.41151 -19.466873 -14.395732 29.410658 0.0 -8.774933 -2e-06 15.985947 -18.12657 6.120497 -0.609778 -1.795666 -3.889354 -4.807133 -11.046891 -2.937887 2.3e-05 -20.976217 -4.3e-05 -5.019996 -25.033897 -4.032004 6e-06 2e-06 0.0 -10.634618 -5.687012 -3.565604 10.573387 -17.923077 -3.11396 1e-05 -13.821337 -2e-05 -0.501721 -31.181934 -4.027144 -10.94959 -59.088356 7.237145 -13.982822 -7.150248 -2.875052 13.772873 -8.401548 -3.218288 0.347772 -34.211914 0.771604 -0.96302 -17.733599 2.621039 -3e-06 2e-06 -5e-06 -17.346567 -20.095346 -4.20181 21.757776 -1.638386 3.866455 6e-06 -6.338876 -8e-06 -1.697586 -22.592026 -6.194145 -0.0 -3e-06 -1e-06 63.06319 -88.009041 126.594795 62.700851 -44.392502 -36.792343 27.301172 -0.730579 -0.154161 -4.72541 6.365036 -36.296814 22.182285 -20.375994 49.933697 -16.702013 -16.743677 28.476831 4e-06 -12.690763 -4e-06 16.416985 -17.823154 2.778811 -0.105919 -1.513872 -4.275913 -5.0391 -5.612932 -2.95359 -0.0 -11.020666 -2.2e-05 -6.111389 -15.895617 -3.840572 0.0 1e-06 0.0 -10.283455 -5.680341 -4.34187 11.0284 -11.302505 -2.372671 -1.384283 -14.238767 -6.320232 -0.625405 -26.924656 -3.827738 -5.180258 -50.145359 -2.551616 -13.708641 -7.363544 -3.720966 18.14134 -14.052861 -3.242728 1.3e-05 -18.787498 -3.6e-05 -0.429711 -8.45617 2.555532 2e-06 -2e-06 -1e-06 -15.923683 -20.09466 -5.473634 30.419525 -7.190885 1.735943 4e-06 -8.163016 -1.1e-05 -1.861895 -22.861841 -6.168109 -1e-06 -3e-06 -1e-06 167.68988 -4.212095 -14.354776 20.228188 -0.029884 0.100936 -77.971832 8.386852 2.2112 -4.13608 1.375297 2.170942 -1.000003 0.0 -0.0 -10.498895 -4.503759 -20.540899 15.195484 0.135746 -0.030415 -72.711411 7.854411 -1.46113 -4.394442 0.658914 1.676447 -1.000007 -1e-06 0.0 
0.0 0.0 0.0 0.0 -0.0 0.0 1.988292 100.029037 -0.968047 88.382156 -0.772617 90.785889 1.812752 -0.25896 0.195852 -10.109719 -0.294588 -0.246772 20.51696 0.388324 -2.035794 9.51812 1.423003 2.043127 -2.457404 -0.74803 -0.487328 -37.417244 -0.243383 -2.516812 8e-06 0.0 0.0 0.049293 0.013628 -0.049135 0.136364 -0.038487 -0.054574 0.10619 0.060977 -0.038322 -173.146027 -79.348557 -173.901749 47.921497 -34.648342 -25.257334 31.946861 -0.400358 -0.03757 -10.873184 4.993054 -29.845718 17.636786 -26.322989 52.411777 -19.466978 -14.395851 29.410839 2e-06 -8.775009 4e-06 15.936462 -18.107954 6.159625 -0.60978 -1.795671 -3.889369 -4.807168 -11.046948 -2.937894 1.6e-05 -20.976349 -2.9e-05 -5.020068 -25.034084 -4.032024 6e-06 -3e-06 1e-06 -10.634665 -5.687032 -3.565615 10.573462 -17.923168 -3.113981 1.1e-05 -13.821426 -1.3e-05 -0.50175 -31.182207 -4.027164 -10.964038 -59.041817 7.185938 -13.982889 -7.150273 -2.875058 13.772964 -8.401587 -3.218313 0.347759 -34.212162 0.771635 -0.963042 -17.73374 2.621069 -0.0 -2e-06 -1e-06 -17.346649 -20.095427 -4.201815 21.757923 -1.638395 3.866467 1e-06 -6.338921 -4e-06 -1.697613 -22.592213 -6.194187 2e-06 -3e-06 -1e-06 85.535477 -87.396919 103.986641 62.577217 -46.608822 -36.672745 28.29776 -0.685569 -0.100741 -5.648746 6.759256 -36.076084 22.182348 -20.376049 49.933834 -16.702076 -16.743731 28.476921 -3e-06 -12.69081 -4e-06 16.343397 -17.826674 2.825193 -0.105917 -1.513873 -4.275924 -5.039112 -5.612941 -2.953599 6e-06 -11.020686 -2.2e-05 -6.111396 -15.895648 -3.840591 -1e-06 -0.0 1e-06 -10.283481 -5.680349 -4.341881 11.028448 -11.302533 -2.372683 -1.38428 -14.238797 -6.320256 -0.625378 -26.92473 -3.82776 -5.141005 -50.14156 -2.539588 -13.708673 -7.363556 -3.720977 18.141405 -14.052899 -3.242741 2.7e-05 -18.787548 -3.5e-05 -0.429711 -8.456195 2.555545 2e-06 -2e-06 -1e-06 -15.923717 -20.094692 -5.473652 30.419621 -7.190916 1.735948 6e-06 -8.163036 -8e-06 -1.861892 -22.861904 -6.168124 -2e-06 -2e-06 -3e-06 168.716843 -4.148146 -14.435962 20.048626 -0.032414 0.11522 -78.128662 8.670183 2.088981 -4.196895 1.38646 2.172743 -0.999999 0.0 -0.0 -9.578231 -4.655243 -20.945225 15.393782 0.136044 -0.031181 -73.231033 8.07471 -1.434925 -4.485776 0.660604 1.678271 -1.000006 1e-06 0.0 
0.0 0.0 0.0 0.0 -0.0 0.0 1.895607 100.007675 -0.548922 88.547791 -0.155609 91.000938 1.152181 -0.291828 0.141619 -10.37663 -0.319122 -0.305057 19.731567 0.438979 -2.204188 9.784508 0.94507 2.040821 -2.437815 -0.69994 -0.362116 -37.324566 -0.283863 -2.345734 5e-06 0.0 0.0 0.068294 0.012397 -0.04914 0.183325 -0.045431 -0.052746 0.156831 0.06516 -0.040387 -168.326828 -79.584366 -178.821503 47.832218 -36.563297 -24.743233 32.813931 -0.381783 0.011712 -11.913148 5.220425 -27.8234 17.636751 -26.322916 52.411488 -19.466793 -14.395754 29.410597 1e-06 -8.774929 -3e-06 15.898795 -18.096827 6.188116 -0.609777 -1.795659 -3.889347 -4.807134 -11.04687 -2.937862 1e-05 -20.976194 1.1e-05 -5.020039 -25.033852 -4.031934 6e-06 -0.0 2e-06 -10.634614 -5.686994 -3.565595 10.573382 -17.923052 -3.11392 4e-06 -13.821319 1.2e-05 -0.501793 -31.181883 -4.027046 -10.974596 -58.980721 7.121648 -13.98282 -7.150228 -2.875044 13.772861 -8.401542 -3.218268 0.347739 -34.211887 0.771693 -0.96305 -17.733597 2.621082 -1e-06 1e-06 -1e-06 -17.34656 -20.095299 -4.201783 21.757771 -1.638394 3.866455 4e-06 -6.338876 6e-06 -1.697611 -22.592016 -6.19408 1e-06 -4e-06 -2e-06 99.733528 -86.647362 89.685013 62.339355 -48.772114 -36.509109 29.367075 -0.628758 -0.02514 -6.540819 7.098206 -36.026684 22.182322 -20.37606 49.933628 -16.702017 -16.743729 28.476788 -1.3e-05 -12.690786 -4e-06 16.248085 -17.817999 2.878201 -0.105918 -1.513864 -4.275909 -5.039095 -5.612918 -2.953577 1.6e-05 -11.020655 -4e-06 -6.111386 -15.895578 -3.840536 -1e-06 0.0 -0.0 -10.283463 -5.680321 -4.341858 11.028434 -11.302508 -2.372661 -1.38428 -14.238747 -6.320199 -0.625401 -26.924644 -3.827673 -5.094933 -50.126549 -2.549163 -13.708649 -7.363518 -3.720953 18.141378 -14.052877 -3.242717 2.3e-05 -18.787502 -4e-06 -0.429707 -8.456177 2.555545 2e-06 1e-06 -1e-06 -15.923695 -20.094614 -5.473606 30.419586 -7.19092 1.73594 1e-05 -8.163021 -0.0 -1.861903 -22.861835 -6.168055 3e-06 -2e-06 1e-06 169.742599 -4.036587 -14.560658 19.84078 -0.037533 0.129667 -78.30986 8.974645 1.967236 -4.253812 1.39807 2.1719 -1.0 -0.0 0.0 -8.684107 -4.882408 -21.410582 15.661814 0.136246 -0.028436 -73.765709 8.351225 -1.428961 -4.581601 0.668383 1.682056 -1.000005 -0.0 0.0 
0.0 0.0 0.0 0.0 -0.0 0.0 1.810861 99.986778 -0.14746 88.73114 0.44287 91.240936 0.534434 -0.318355 0.093355 -10.618147 -0.335035 -0.34859 19.017483 0.488127 -2.363558 9.970016 0.414731 2.063971 -2.417478 -0.678 -0.308438 -37.140423 -0.357261 -2.217398 5e-06 0.0 0.0 0.080255 0.014884 -0.040431 0.223333 -0.04871 -0.042004 0.19732 0.073243 -0.03376 -163.510315 -79.737892 176.246628 47.786892 -38.468433 -24.568417 33.708374 -0.378639 0.062625 -12.976408 5.536131 -25.887867 17.636759 -26.322786 52.411491 -19.466921 -14.39576 29.410688 4e-06 -8.774968 -3e-06 15.872878 -18.09584 6.21302 -0.609776 -1.795669 -3.889354 -4.807153 -11.046912 -2.937889 1.7e-05 -20.976255 -5e-05 -5.020022 -25.033949 -4.032025 8e-06 -1e-06 2e-06 -10.634639 -5.687023 -3.565601 10.573415 -17.923101 -3.113974 1.2e-05 -13.821362 -3e-05 -0.501718 -31.18202 -4.027179 -11.013752 -58.939056 7.093135 -13.982855 -7.150261 -2.875048 13.772904 -8.401558 -3.218296 0.347792 -34.211971 0.771565 -0.963004 -17.733633 2.621024 -4e-06 1e-06 -5e-06 -17.346609 -20.095381 -4.201805 21.757837 -1.638384 3.866463 5e-06 -6.338891 -1.3e-05 -1.697594 -22.592098 -6.194178 1e-06 -3e-06 -1e-06 108.602615 -85.951454 80.758652 61.887012 -50.776611 -36.280922 30.466417 -0.615823 0.059189 -7.322804 7.382667 -36.205387 22.18236 -20.376087 49.933899 -16.70211 -16.743763 28.476982 -9e-06 -12.690829 1e-06 16.150042 -17.805927 2.909784 -0.105919 -1.513877 -4.27593 -5.039114 -5.612951 -2.953605 1.1e-05 -11.020713 -2.1e-05 -6.111404 -15.895689 -3.840594 -1e-06 -1e-06 -1e-06 -10.283489 -5.680355 -4.341887 11.028461 -11.302555 -2.372687 -1.384276 -14.238826 -6.320259 -0.625393 -26.924803 -3.827742 -5.032919 -50.069824 -2.596046 -13.708687 -7.363562 -3.72098 18.141426 -14.05293 -3.242749 2.6e-05 -18.787594 -2.9e-05 -0.429712 -8.456221 2.555555 2e-06 0.0 1e-06 -15.923731 -20.094717 -5.473659 30.419659 -7.190933 1.735937 1e-05 -8.163057 -6e-06 -1.861897 -22.861967 -6.168119 2e-06 -1e-06 0.0 170.828369 -3.826596 -14.702996 19.585808 -0.043069 0.143896 -78.533752 9.270002 1.910385 -4.310784 1.412168 2.170921 -1.000002 -0.0 0.0 -7.81906 -5.136344 -21.897068 15.94001 0.138365 -0.018374 -74.37838 8.619632 -1.469128 -4.68704 0.68172 1.68596 -1.000004 1e-06 -0.0 
0.0 0.0 0.0 0.0 -0.0 0.0 1.713085 99.965981 0.243402 88.941498 1.025336 91.480553 -0.055163 -0.354186 0.059688 -10.836561 -0.346835 -0.383283 18.365868 0.536539 -2.501086 10.064801 -0.170458 2.093409 -2.400985 -0.676857 -0.291758 -36.889057 -0.454632 -2.152524 7e-06 -0.0 0.0 0.085842 0.018818 -0.033207 0.25648 -0.04809 -0.032733 0.229335 0.080319 -0.028715 -158.758698 -79.835579 171.372894 47.754517 -40.387299 -24.696384 34.637581 -0.39451 0.124415 -14.117924 5.880373 -23.894852 17.636728 -26.322813 52.411346 -19.466793 -14.395712 29.410536 -1e-06 -8.774911 -6e-06 15.861628 -18.11804 6.235285 -0.609774 -1.795661 -3.889341 -4.807124 -11.046864 -2.937862 1.4e-05 -20.976168 -6e-06 -5.020014 -25.033808 -4.031938 7e-06 -4e-06 2e-06 -10.634596 -5.686993 -3.565591 10.57336 -17.923044 -3.113925 8e-06 -13.821305 0.0 -0.501771 -31.181839 -4.027057 -11.061361 -58.915264 7.08309 -13.9828 -7.150225 -2.87504 13.772842 -8.401536 -3.218265 0.347758 -34.211842 0.771654 -0.963027 -17.733566 2.621055 -3e-06 -2e-06 -1e-06 -17.346535 -20.095293 -4.201782 21.757723 -1.63839 3.866448 6e-06 -6.338866 0.0 -1.697591 -22.591974 -6.194084 1e-06 -3e-06 -1e-06 114.75206 -85.334236 74.570084 61.243664 -52.621014 -35.924103 31.527925 -0.647407 0.133813 -8.006923 7.580817 -36.581062 22.182253 -20.375891 49.933411 -16.701952 -16.743628 28.476641 -1.1e-05 -12.690717 -1e-05 16.036562 -17.787016 2.942866 -0.105915 -1.513864 -4.275894 -5.039081 -5.612899 -2.953568 1.6e-05 -11.020599 -1.7e-05 -6.111341 -15.895483 -3.840533 -1e-06 -3e-06 -1e-06 -10.283432 -5.680311 -4.341844 11.028384 -11.302462 -2.372656 -1.384275 -14.23868 -6.320177 -0.625379 -26.924459 -3.827682 -4.962831 -49.971996 -2.637761 -13.708606 -7.363503 -3.720942 18.1413 -14.052813 -3.242706 3.1e-05 -18.787394 -2.8e-05 -0.42969 -8.456115 2.555518 -1e-06 -0.0 1e-06 -15.923642 -20.094561 -5.473596 30.419453 -7.19089 1.735943 1.7e-05 -8.162972 -1e-05 -1.861864 -22.86167 -6.168046 -2e-06 -5e-06 -0.0 171.85704 -3.646187 -14.782066 19.273819 -0.046588 0.155988 -78.651894 9.547626 1.813843 -4.361034 1.431905 2.169979 -1.000004 0.0 -0.0 -6.966697 -5.407707 -22.407213 16.202631 0.14457 0.001688 -74.825447 8.88095 -1.505965 -4.79093 0.70058 1.689594 -1.000004 0.0 -0.0 
0.0 0.0 0.0 0.0 -0.0 0.0 1.60327 99.939606 0.620007 89.183563 1.57749 91.711784 -0.621354 -0.404999 0.039165 -11.03506 -0.361119 -0.410998 17.77372 0.577672 -2.597551 10.044728 -0.767745 2.133713 -2.390342 -0.681747 -0.298407 -36.571663 -0.552561 -2.134023 5e-06 0.0 0.0 0.090289 0.02049 -0.033808 0.291189 -0.047421 -0.03086 0.265011 0.082693 -0.031906 -154.271881 -79.849915 166.778793 47.670216 -42.229904 -24.903111 35.602043 -0.418539 0.199358 -15.304745 6.193019 -21.971695 17.636663 -26.322866 52.411449 -19.466797 -14.39568 29.410604 5e-06 -8.774892 5e-06 15.888535 -18.154301 6.234903 -0.609777 -1.795664 -3.889346 -4.807118 -11.046891 -2.93787 -1e-05 -20.976227 -9e-06 -5.020027 -25.033905 -4.031942 5e-06 -4e-06 -0.0 -10.634581 -5.687005 -3.5656 10.573333 -17.923067 -3.113935 -6e-06 -13.821342 -7e-06 -0.501779 -31.181959 -4.027095 -11.082042 -58.91312 7.061694 -13.982779 -7.150244 -2.875048 13.772807 -8.40154 -3.218273 0.347713 -34.211929 0.771652 -0.963054 -17.733616 2.621045 -2e-06 -0.0 -2e-06 -17.346504 -20.095331 -4.201791 21.757685 -1.638368 3.866439 -2e-06 -6.338882 -2e-06 -1.697603 -22.592064 -6.194106 3e-06 -4e-06 -2e-06 119.456841 -84.814087 69.870087 60.512978 -54.283413 -35.438263 32.467411 -0.656677 0.202427 -8.546166 7.618367 -37.172729 22.182186 -20.375988 49.933369 -16.701862 -16.743628 28.476595 -6e-06 -12.690676 6e-06 15.910583 -17.753429 2.977482 -0.105921 -1.513856 -4.275887 -5.039064 -5.612888 -2.953556 7e-06 -11.020591 1.1e-05 -6.11135 -15.895462 -3.840473 -3e-06 1e-06 -0.0 -10.283406 -5.680296 -4.341835 11.028348 -11.302449 -2.372636 -1.384284 -14.238659 -6.320133 -0.625462 -26.924438 -3.827592 -4.885365 -49.837296 -2.689248 -13.70857 -7.363487 -3.720931 18.141243 -14.052793 -3.24268 -3e-06 -18.787392 2.2e-05 -0.429715 -8.456128 2.555534 2e-06 1e-06 0.0 -15.923594 -20.094524 -5.473565 30.419365 -7.190856 1.735927 2e-06 -8.162981 5e-06 -1.861929 -22.861702 -6.167971 0.0 -3e-06 -0.0 172.849152 -3.432806 -14.788763 18.94828 -0.047385 0.158046 -78.754776 9.754181 1.708736 -4.400309 1.451878 2.170018 -1.000002 0.0 0.0 -6.158446 -5.698992 -22.893291 16.469522 0.150635 0.024383 -75.364708 9.132529 -1.568519 -4.884155 0.721977 1.693193 -1.000004 -1e-06 -0.0 
0.0 0.0 0.0 0.0 -0.0 0.0 1.496267 99.914864 0.972238 89.425896 2.104701 91.914345 -1.143524 -0.447257 0.038944 -11.209825 -0.367845 -0.403903 17.252394 0.602611 -2.664967 9.896304 -1.345308 2.191206 -2.386874 -0.687714 -0.317003 -36.232124 -0.627062 -2.163855 5e-06 0.0 -0.0 0.091965 0.021247 -0.036352 0.317591 -0.044443 -0.030604 0.295199 0.080734 -0.037462 -150.27153 -79.739983 162.662491 47.438976 -43.9156 -24.972544 36.620308 -0.448824 0.276383 -16.432411 6.449482 -20.329912 17.636803 -26.323097 52.411854 -19.466951 -14.395803 29.410847 -0.0 -8.774976 2e-06 15.95842 -18.178259 6.187592 -0.609784 -1.795675 -3.889371 -4.807155 -11.046961 -2.937889 5e-06 -20.976389 2e-06 -5.020077 -25.034119 -4.031967 7e-06 -2e-06 2e-06 -10.634654 -5.687036 -3.565623 10.573434 -17.923199 -3.113956 2e-06 -13.821445 3e-06 -0.501778 -31.182236 -4.027107 -11.078096 -58.925613 7.029183 -13.982875 -7.15028 -2.875067 13.772925 -8.401603 -3.218296 0.347734 -34.212231 0.771682 -0.963062 -17.733776 2.621093 -2e-06 -2e-06 -0.0 -17.346628 -20.095448 -4.201818 21.757862 -1.638397 3.866475 3e-06 -6.33893 4e-06 -1.697616 -22.592241 -6.194142 0.0 -5e-06 -2e-06 122.774048 -84.404381 66.58284 59.668491 -55.726593 -34.813004 33.296471 -0.643432 0.274137 -8.941523 7.541027 -37.941078 22.182339 -20.376093 49.933678 -16.702013 -16.743717 28.476803 -1.4e-05 -12.690773 -2e-06 15.806089 -17.727659 3.01376 -0.105915 -1.513866 -4.275915 -5.039096 -5.612923 -2.953579 1.6e-05 -11.020664 3e-06 -6.111382 -15.895575 -3.84052 -3e-06 1e-06 1e-06 -10.283468 -5.68033 -4.341865 11.028435 -11.302524 -2.372658 -1.384282 -14.238754 -6.320186 -0.625425 -26.924635 -3.827638 -4.819016 -49.711784 -2.746356 -13.708653 -7.363528 -3.720958 18.141376 -14.052893 -3.242713 1.7e-05 -18.787518 6e-06 -0.429707 -8.456181 2.555551 -1e-06 -0.0 0.0 -15.923692 -20.094645 -5.473611 30.419565 -7.190926 1.73594 1.1e-05 -8.163032 2e-06 -1.861914 -22.861855 -6.168024 2e-06 -2e-06 -3e-06 173.815231 -3.215939 -14.775931 18.593519 -0.047642 0.15317 -78.830528 9.910721 1.603281 -4.451063 1.474132 2.170287 -1.000004 0.0 0.0 -5.371192 -5.96043 -23.279854 16.667805 0.154032 0.037338 -75.860863 9.351418 -1.647913 -4.955547 0.741685 1.693965 -1.000006 0.0 0.0 
0.0 0.0 0.0 0.0 -0.0 0.0 1.39271 99.887917 1.28281 89.654404 2.597672 92.092239 -1.600973 -0.478774 0.048243 -11.354092 -0.369395 -0.366389 16.820177 0.602677 -2.712449 9.648969 -1.853972 2.252554 -2.393835 -0.700532 -0.352903 -35.931423 -0.641633 -2.229051 7e-06 0.0 0.0 0.090681 0.022031 -0.03794 0.328317 -0.042262 -0.030582 0.314188 0.079369 -0.041234 -147.018051 -79.559448 159.333481 47.098373 -45.3573 -24.87911 37.590313 -0.48636 0.34865 -17.410696 6.688593 -19.066425 17.636724 -26.322729 52.41143 -19.466873 -14.395682 29.410635 8e-06 -8.774921 -7e-06 16.041328 -18.202763 6.13527 -0.609781 -1.795671 -3.889349 -4.807145 -11.046908 -2.937892 6e-06 -20.976236 -6.4e-05 -5.019993 -25.033945 -4.032046 8e-06 0.0 1e-06 -10.634617 -5.687025 -3.565604 10.573366 -17.923084 -3.113967 1.1e-05 -13.821346 -4.1e-05 -0.501691 -31.181986 -4.027209 -11.056955 -58.932709 7.004384 -13.982823 -7.150266 -2.875052 13.772849 -8.401548 -3.218284 0.347786 -34.211948 0.771542 -0.963 -17.733614 2.621003 -2e-06 -1e-06 -2e-06 -17.346571 -20.095379 -4.20181 21.757767 -1.638368 3.866467 5e-06 -6.338883 -1.8e-05 -1.697577 -22.592077 -6.194199 -0.0 -2e-06 -2e-06 125.359337 -84.076752 64.044838 58.889004 -56.955555 -34.189125 33.974529 -0.531782 0.360826 -9.218436 7.399458 -38.818474 22.182245 -20.37586 49.933384 -16.702009 -16.743689 28.476677 -2.7e-05 -12.690752 1e-06 15.740238 -17.70429 3.052636 -0.105913 -1.513866 -4.275894 -5.039077 -5.612892 -2.953568 3.1e-05 -11.020594 -1.9e-05 -6.111337 -15.895469 -3.840528 -2e-06 0.0 -0.0 -10.283438 -5.680304 -4.341839 11.028419 -11.302465 -2.372672 -1.384258 -14.238672 -6.320179 -0.625347 -26.924452 -3.827673 -4.797961 -49.636944 -2.758117 -13.708612 -7.363494 -3.720938 18.141352 -14.052821 -3.242728 5.4e-05 -18.787388 -2.7e-05 -0.429685 -8.45612 2.555524 3e-06 -1e-06 0.0 -15.923638 -20.094542 -5.473595 30.419518 -7.190911 1.735915 2.1e-05 -8.162969 -1e-05 -1.861863 -22.861654 -6.168025 3e-06 -2e-06 -1e-06 174.703583 -3.017112 -14.749907 18.269749 -0.04796 0.144637 -78.89431 10.040338 1.495518 -4.533159 1.495055 2.168678 -1.000003 0.0 -0.0 -4.630468 -6.180717 -23.577438 16.804739 0.153634 0.039137 -76.315834 9.557135 -1.742085 -5.037318 0.757934 1.690877 -1.000006 0.0 0.0 
0.0 0.0 0.0 0.0 -0.0 0.0 1.281762 99.859123 1.552304 89.864922 3.051193 92.266914 -2.007396 -0.502655 0.054761 -11.476733 -0.366253 -0.332795 16.467808 0.572586 -2.753328 9.327183 -2.272856 2.301359 -2.400918 -0.711347 -0.399164 -35.719852 -0.598395 -2.32887 6e-06 0.0 0.0 0.089432 0.022203 -0.039412 0.340361 -0.04221 -0.027305 0.335687 0.078742 -0.048366 -144.569763 -79.32534 156.824722 46.666386 -46.525295 -24.582251 38.408257 -0.511108 0.423832 -18.236261 6.881138 -18.159431 17.636702 -26.322992 52.411655 -19.466866 -14.395689 29.410717 -2e-06 -8.774909 4e-06 16.120003 -18.210114 6.091394 -0.609779 -1.795666 -3.889357 -4.807122 -11.046925 -2.937882 -0.0 -20.976301 -1e-05 -5.020021 -25.03401 -4.031955 7e-06 -1e-06 -2e-06 -10.63459 -5.687014 -3.565618 10.573351 -17.923136 -3.113943 2e-06 -13.821393 -6e-06 -0.501748 -31.182098 -4.027112 -11.048607 -58.957401 6.991898 -13.982782 -7.150251 -2.875067 13.77282 -8.401573 -3.218279 0.347738 -34.212063 0.771646 -0.963048 -17.733679 2.621053 -1e-06 -1e-06 0.0 -17.346514 -20.095381 -4.201816 21.757708 -1.638385 3.866454 0.0 -6.338908 -0.0 -1.697588 -22.592165 -6.194131 -3e-06 -5e-06 -2e-06 127.560898 -83.791771 61.858475 58.174137 -58.055584 -33.72076 34.556683 -0.389168 0.456123 -9.446622 7.268773 -39.67078 22.182217 -20.376047 49.933689 -16.701931 -16.74361 28.476774 -3e-06 -12.690697 3e-06 15.723943 -17.69187 3.071026 -0.105925 -1.513867 -4.275908 -5.039073 -5.612918 -2.953584 6e-06 -11.020639 -7e-06 -6.111343 -15.895553 -3.840533 -0.0 1e-06 0.0 -10.28342 -5.680329 -4.341867 11.028353 -11.302484 -2.372652 -1.384274 -14.238718 -6.320194 -0.625418 -26.924547 -3.827675 -4.791726 -49.568165 -2.769346 -13.708583 -7.363528 -3.72097 18.141249 -14.052838 -3.242701 5e-06 -18.787457 -3e-06 -0.429722 -8.456152 2.555539 1e-06 1e-06 -2e-06 -15.923616 -20.094624 -5.473629 30.419371 -7.190863 1.735933 1e-06 -8.163003 -0.0 -1.861897 -22.861778 -6.168034 1e-06 -3e-06 1e-06 175.497238 -2.84228 -14.66693 17.990458 -0.049096 0.13487 -78.950119 10.142953 1.341636 -4.603889 1.511866 2.167124 -1.000003 -1e-06 0.0 -3.955778 -6.355902 -23.785706 16.916876 0.149422 0.027824 -76.802483 9.72751 -1.815064 -5.092631 0.76514 1.684583 -1.000006 0.0 -0.0 
0.0 0.0 0.0 0.0 -0.0 0.0 1.165819 99.837044 1.756624 90.051117 3.459417 92.450386 -2.34144 -0.523535 0.052797 -11.573853 -0.366608 -0.323475 16.193167 0.51622 -2.779065 8.95326 -2.579555 2.346506 -2.413227 -0.725239 -0.454663 -35.645828 -0.540074 -2.491701 5e-06 0.0 -0.0 0.087075 0.02081 -0.043119 0.354437 -0.048408 -0.023787 0.356732 0.081504 -0.060199 -142.891098 -79.069977 155.109161 46.222542 -47.397278 -24.257078 39.027401 -0.516073 0.501578 -18.895197 7.048408 -17.541559 17.636778 -26.322897 52.411552 -19.466936 -14.395799 29.410717 1e-06 -8.774978 1e-06 16.165091 -18.208145 6.057714 -0.60978 -1.795669 -3.889357 -4.807156 -11.046931 -2.937881 1.3e-05 -20.976315 -2.8e-05 -5.02005 -25.034019 -4.032001 6e-06 -0.0 2e-06 -10.634648 -5.687024 -3.5656 10.57343 -17.923141 -3.113968 1.1e-05 -13.821397 -1.7e-05 -0.50174 -31.182108 -4.027148 -11.06687 -58.987175 6.96974 -13.982866 -7.150264 -2.875045 13.772928 -8.401578 -3.2183 0.347769 -34.212097 0.771614 -0.963022 -17.733709 2.621048 -3e-06 2e-06 -2e-06 -17.34663 -20.095404 -4.201789 21.757868 -1.638391 3.866459 4e-06 -6.338911 -6e-06 -1.69761 -22.592176 -6.194157 1e-06 -3e-06 -1e-06 129.442688 -83.542015 59.927269 57.430771 -59.077175 -33.451008 35.136581 -0.290222 0.549904 -9.667941 7.21186 -40.189194 22.182301 -20.37598 49.933628 -16.702078 -16.743729 28.476843 -2.6e-05 -12.690798 3e-06 15.731069 -17.684864 3.053159 -0.105917 -1.513868 -4.275912 -5.039092 -5.612921 -2.953587 2.9e-05 -11.020661 -2.1e-05 -6.111358 -15.895591 -3.840564 -3e-06 0.0 -2e-06 -10.28346 -5.680324 -4.341861 11.028449 -11.302519 -2.372682 -1.384256 -14.23875 -6.32022 -0.625351 -26.924637 -3.827702 -4.75835 -49.478413 -2.820639 -13.708647 -7.36352 -3.720959 18.141397 -14.052888 -3.242744 5.2e-05 -18.787497 -2.8e-05 -0.429697 -8.456176 2.555538 1e-06 -0.0 1e-06 -15.923675 -20.09462 -5.473625 30.419594 -7.190938 1.735916 2e-05 -8.163016 -7e-06 -1.861864 -22.86182 -6.168075 2e-06 -2e-06 -1e-06 176.19574 -2.692575 -14.526807 17.70681 -0.04493 0.122104 -78.952408 10.244365 1.187711 -4.648582 1.523545 2.167852 -1.000002 0.0 -0.0 -3.376832 -6.48903 -23.918898 17.025566 0.143697 0.009489 -77.114731 9.839698 -1.854109 -5.12434 0.76634 1.678949 -1.000005 0.0 -0.0 
0.0 0.0 0.0 0.0 -0.0 0.0 1.038313 99.815155 1.888109 90.211723 3.815195 92.650826 -2.604541 -0.541094 0.045843 -11.643858 -0.36882 -0.320238 15.976578 0.443167 -2.796174 8.547505 -2.806929 2.383162 -2.417405 -0.733563 -0.532741 -35.728931 -0.486536 -2.708733 6e-06 -0.0 0.0 0.086001 0.019512 -0.046401 0.376495 -0.054132 -0.016798 0.384207 0.084196 -0.074304 -141.819321 -78.856873 154.01564 45.811642 -48.039383 -23.991703 39.531139 -0.504664 0.562868 -19.473507 7.232191 -17.119398 17.636845 -26.323065 52.411869 -19.46707 -14.395827 29.410912 2e-06 -8.775017 2e-06 16.189621 -18.198671 6.03111 -0.60978 -1.795685 -3.889379 -4.807175 -11.047012 -2.937903 6e-06 -20.976486 -2.9e-05 -5.020087 -25.034262 -4.03202 5e-06 -1e-06 1e-06 -10.634677 -5.687061 -3.565628 10.573471 -17.923271 -3.11399 6e-06 -13.821509 -2.1e-05 -0.501742 -31.182419 -4.027194 -11.097468 -59.003014 6.948971 -13.982908 -7.150312 -2.875069 13.772977 -8.401636 -3.218319 0.347764 -34.212402 0.771606 -0.963036 -17.733864 2.621058 -0.0 -2e-06 -2e-06 -17.346676 -20.095535 -4.201824 21.757935 -1.638394 3.86648 0.0 -6.338959 -1e-05 -1.697607 -22.59239 -6.194225 2e-06 -5e-06 -1e-06 131.011292 -83.290421 58.228271 56.576054 -60.05357 -33.156013 35.7859 -0.229824 0.630178 -9.898602 7.195787 -40.356842 22.182444 -20.376131 49.934032 -16.702171 -16.743774 28.477053 -5e-06 -12.690878 -1.3e-05 15.746344 -17.677893 3.025049 -0.10592 -1.513884 -4.275939 -5.039136 -5.612974 -2.953615 1e-05 -11.020758 -2.6e-05 -6.111426 -15.895771 -3.840623 -3e-06 -0.0 2e-06 -10.28352 -5.68038 -4.3419 11.028492 -11.302597 -2.372692 -1.384282 -14.238891 -6.320296 -0.625372 -26.924938 -3.827799 -4.716092 -49.422947 -2.864833 -13.708722 -7.363592 -3.720997 18.141479 -14.052979 -3.242755 3.4e-05 -18.787672 -4.7e-05 -0.429706 -8.456251 2.555558 -0.0 0.0 -1e-06 -15.923777 -20.094801 -5.47368 30.419733 -7.190956 1.73596 1.3e-05 -8.163085 -1.6e-05 -1.861876 -22.862068 -6.16818 3e-06 -1e-06 -0.0 176.751999 -2.586491 -14.37469 17.489828 -0.040684 0.114259 -78.928009 10.37994 1.053072 -4.672411 1.536142 2.169076 -1.000004 -0.0 0.0 -2.91268 -6.596152 -24.080135 17.161341 0.138712 -0.001133 -77.367386 9.914453 -1.859937 -5.137718 0.764925 1.676157 -1.000007 0.0 0.0 
0.0 0.0 0.0 0.0 -0.0 0.0 0.892532 99.793983 1.955677 90.35321 4.112868 92.873337 -2.808686 -0.562304 0.036125 -11.705139 -0.370276 -0.305586 15.814642 0.353967 -2.819747 8.133073 -2.955453 2.418436 -2.4069 -0.741862 -0.624204 -35.903118 -0.444735 -2.972433 6e-06 0.0 -0.0 0.088342 0.018594 -0.047555 0.410764 -0.057183 -0.005785 0.420801 0.085208 -0.087541 -141.133896 -78.680382 153.320694 45.468929 -48.464069 -23.756073 39.961643 -0.480018 0.591805 -19.954647 7.453984 -16.796469 17.636831 -26.32287 52.411705 -19.467113 -14.395887 29.410881 1.1e-05 -8.775055 2e-06 16.190237 -18.192982 6.029183 -0.609777 -1.795687 -3.889375 -4.807203 -11.047009 -2.937907 8e-06 -20.97646 -7.5e-05 -5.020096 -25.034243 -4.032095 9e-06 -3e-06 0.0 -10.634718 -5.687074 -3.565605 10.573503 -17.923239 -3.114024 8e-06 -13.82148 -5e-05 -0.501713 -31.182348 -4.02728 -11.144311 -59.004528 6.952043 -13.982961 -7.150327 -2.875042 13.773026 -8.401615 -3.218339 0.347794 -34.212311 0.771517 -0.963005 -17.733807 2.621009 -0.0 -1e-06 -1e-06 -17.346767 -20.095552 -4.201797 21.758039 -1.638376 3.866476 -1e-06 -6.338943 -2.3e-05 -1.697626 -22.592331 -6.194273 -2e-06 -6e-06 -2e-06 131.931366 -83.053131 57.173183 55.563911 -60.867882 -32.671337 36.479053 -0.218999 0.701228 -10.114662 7.198189 -40.18446 22.182514 -20.376019 49.934093 -16.702354 -16.743879 28.477186 -3e-05 -12.69096 -7e-06 15.755604 -17.667175 3.011147 -0.105917 -1.513894 -4.275949 -5.039147 -5.612987 -2.953631 3.4e-05 -11.020779 -6.1e-05 -6.111433 -15.895807 -3.840681 1e-06 -1e-06 0.0 -10.283566 -5.680391 -4.341906 11.028584 -11.302631 -2.37274 -1.384259 -14.238928 -6.32035 -0.625264 -26.925014 -3.827875 -4.677532 -49.429382 -2.883562 -13.708788 -7.363606 -3.720999 18.141624 -14.053025 -3.242822 9e-05 -18.787695 -9.6e-05 -0.429678 -8.456264 2.555548 0.0 4e-06 0.0 -15.92384 -20.094839 -5.473713 30.419949 -7.191025 1.735932 3.5e-05 -8.16309 -3e-05 -1.861815 -22.862082 -6.168251 -1e-06 -3e-06 -1e-06 177.167786 -2.517789 -14.204572 17.33271 -0.03894 0.113509 -78.879601 10.530708 0.916195 -4.687582 1.545876 2.168228 -1.000009 0.0 0.0 -2.562332 -6.680381 -24.271204 17.323589 0.134174 -0.005367 -77.586136 9.957504 -1.817985 -5.14452 0.758225 1.675398 -1.000005 1e-06 0.0 
0.0 0.0 0.0 0.0 -0.0 0.0 0.736117 99.778954 1.964224 90.480568 4.350379 93.108063 -2.95832 -0.592233 0.027276 -11.760806 -0.371973 -0.288492 15.705264 0.264664 -2.841519 7.759782 -3.027338 2.451693 -2.392676 -0.756311 -0.703366 -36.144962 -0.424343 -3.231879 3e-06 -0.0 -0.0 0.090203 0.018307 -0.046515 0.429872 -0.057244 0.005748 0.439293 0.084727 -0.096612 -140.652771 -78.517784 152.853699 45.248379 -48.693718 -23.545935 40.318867 -0.447211 0.592779 -20.312851 7.687215 -16.505075 17.636703 -26.322931 52.411484 -19.466801 -14.395717 29.410593 -1e-06 -8.774907 4e-06 16.15921 -18.181692 6.051668 -0.609777 -1.795661 -3.889347 -4.807119 -11.046885 -2.937861 4e-06 -20.976208 1.3e-05 -5.020043 -25.033857 -4.031906 7e-06 -3e-06 1e-06 -10.63459 -5.686999 -3.565598 10.573353 -17.923077 -3.113922 -1e-06 -13.821332 1.1e-05 -0.501799 -31.181908 -4.027037 -11.198658 -58.983849 6.969579 -13.982786 -7.150235 -2.875047 13.772833 -8.401546 -3.218271 0.347726 -34.21191 0.771686 -0.963053 -17.733597 2.621066 -4e-06 0.0 -3e-06 -17.346519 -20.095324 -4.201783 21.757713 -1.638388 3.86644 -1e-06 -6.338885 5e-06 -1.697607 -22.592039 -6.194071 -2e-06 -5e-06 -2e-06 132.20668 -82.885635 56.804466 54.412834 -61.415779 -31.9368 37.129555 -0.263873 0.763038 -10.276887 7.218695 -39.852196 22.182278 -20.376036 49.933731 -16.702005 -16.743649 28.476839 -2e-06 -12.690737 -2e-06 15.774208 -17.665747 3.006248 -0.105921 -1.51387 -4.275914 -5.039089 -5.612933 -2.953592 5e-06 -11.020668 -1.9e-05 -6.111366 -15.895619 -3.840571 2e-06 -1e-06 -2e-06 -10.283445 -5.68034 -4.341873 11.028389 -11.302512 -2.372664 -1.384278 -14.238767 -6.320227 -0.625401 -26.924652 -3.827728 -4.644279 -49.493523 -2.899566 -13.708621 -7.363544 -3.720973 18.141308 -14.052876 -3.242718 1.7e-05 -18.787514 -3.1e-05 -0.429711 -8.456182 2.555538 2e-06 -2e-06 1e-06 -15.923656 -20.094662 -5.47364 30.419468 -7.190886 1.735944 6e-06 -8.163022 -8e-06 -1.861884 -22.861851 -6.168093 2e-06 -4e-06 -1e-06 177.472 -2.469189 -14.029491 17.181534 -0.039586 0.124088 -78.785957 10.661984 0.778156 -4.736632 1.548871 2.166083 -1.000003 -0.0 0.0 -2.321496 -6.743203 -24.429991 17.494577 0.133248 -0.010745 -77.791672 9.971181 -1.758887 -5.151546 0.749077 1.675047 -1.000005 -1e-06 0.0 
0.0 0.0 0.0 0.0 -0.0 0.0 0.579607 99.768364 1.926051 90.59227 4.542013 93.325348 -3.061069 -0.629505 0.025152 -11.802799 -0.378166 -0.276993 15.63633 0.187478 -2.862347 7.427927 -3.051111 2.478942 -2.381177 -0.761181 -0.770688 -36.408276 -0.397385 -3.463458 6e-06 -0.0 0.0 0.089432 0.016625 -0.047015 0.42886 -0.057615 0.01168 0.437897 0.081854 -0.103291 -140.127304 -78.400146 152.373688 45.193867 -48.834404 -23.387938 40.606705 -0.373838 0.604507 -20.608295 7.88432 -16.282188 17.636816 -26.323042 52.411888 -19.467089 -14.395905 29.410942 2e-06 -8.775043 9e-06 16.127058 -18.179588 6.08286 -0.609782 -1.795683 -3.88938 -4.807189 -11.047001 -2.937903 1.4e-05 -20.976467 -4.1e-05 -5.020091 -25.034246 -4.032042 8e-06 -2e-06 0.0 -10.6347 -5.687061 -3.565616 10.573498 -17.923252 -3.114006 8e-06 -13.821495 -2.3e-05 -0.501741 -31.182386 -4.027207 -11.245502 -58.969254 6.997456 -13.982941 -7.150307 -2.875055 13.773013 -8.401625 -3.218335 0.347775 -34.212353 0.771598 -0.963036 -17.733839 2.621063 -2e-06 0.0 0.0 -17.346729 -20.095524 -4.201809 21.758005 -1.638393 3.866468 3e-06 -6.338951 -1.1e-05 -1.697612 -22.592348 -6.194234 1e-06 -3e-06 -1e-06 132.158386 -82.805412 56.787487 53.256023 -61.738338 -30.984219 37.669861 -0.273404 0.822786 -10.400945 7.204508 -39.612804 22.182438 -20.37612 49.93399 -16.702217 -16.743832 28.477077 -2.8e-05 -12.690885 4e-06 15.776542 -17.665611 3.018637 -0.105919 -1.51388 -4.27594 -5.039125 -5.612958 -2.953612 2.9e-05 -11.020739 -3.1e-05 -6.111403 -15.89572 -3.840616 3e-06 -0.0 1e-06 -10.283525 -5.680366 -4.341889 11.028523 -11.302592 -2.372706 -1.384261 -14.238861 -6.320289 -0.625326 -26.924877 -3.827778 -4.627855 -49.568581 -2.908481 -13.708734 -7.363573 -3.720985 18.141523 -14.052979 -3.242777 5.8e-05 -18.787632 -3.9e-05 -0.429697 -8.456239 2.555561 -1e-06 2e-06 1e-06 -15.923775 -20.094755 -5.473673 30.419788 -7.190984 1.735923 2.3e-05 -8.163067 -1.1e-05 -1.861862 -22.86198 -6.168139 2e-06 -2e-06 -1e-06 177.690216 -2.433575 -13.851491 17.04089 -0.043723 0.137465 -78.66642 10.748445 0.644488 -4.808726 1.550649 2.165609 -1.000005 -0.0 -0.0 -2.164921 -6.78223 -24.530403 17.65476 0.132178 -0.017326 -77.957436 9.915287 -1.670301 -5.16603 0.746043 1.676819 -1.000005 0.0 -0.0 
0.0 0.0 0.0 0.0 -0.0 0.0 0.426877 99.766602 1.848321 90.691208 4.6995 93.511414 -3.137121 -0.668438 0.02621 -11.827396 -0.391389 -0.267793 15.594833 0.121253 -2.87522 7.126456 -3.046851 2.500415 -2.378412 -0.747319 -0.847164 -36.639431 -0.351496 -3.660088 4e-06 0.0 -0.0 0.08994 0.013181 -0.049719 0.424328 -0.057311 0.014677 0.435085 0.074695 -0.111498 -139.5289 -78.305061 151.829758 45.246464 -48.946091 -23.302616 40.837429 -0.319673 0.613354 -20.88018 8.026209 -16.012056 17.636728 -26.322947 52.411514 -19.466827 -14.395768 29.410645 5e-06 -8.774942 2e-06 16.126005 -18.187454 6.085394 -0.609779 -1.795663 -3.889349 -4.807144 -11.046908 -2.937861 -1.2e-05 -20.976284 2.1e-05 -5.020092 -25.033991 -4.031926 9e-06 -2e-06 2e-06 -10.634614 -5.687001 -3.565595 10.57338 -17.923098 -3.113925 -7e-06 -13.821371 1.4e-05 -0.501827 -31.182047 -4.027057 -11.249857 -58.936924 6.986504 -13.982822 -7.15024 -2.875041 13.772874 -8.401554 -3.218277 0.3477 -34.212025 0.771704 -0.96307 -17.733679 2.621079 -2e-06 3e-06 -2e-06 -17.346571 -20.095339 -4.201775 21.757786 -1.638381 3.866452 -5e-06 -6.338899 7e-06 -1.697641 -22.592119 -6.194092 -0.0 -3e-06 -2e-06 131.776047 -82.788795 57.150501 52.21299 -61.863865 -29.980562 38.083382 -0.21267 0.87241 -10.448724 7.130548 -39.383568 22.182215 -20.375948 49.933441 -16.701965 -16.743643 28.476683 -3.1e-05 -12.690707 5e-06 15.762488 -17.666042 3.049161 -0.105917 -1.513863 -4.275896 -5.039063 -5.612891 -2.953571 2.9e-05 -11.020594 -1.2e-05 -6.111307 -15.89546 -3.840519 1e-06 1e-06 1e-06 -10.283413 -5.680299 -4.341847 11.028385 -11.30247 -2.37266 -1.384245 -14.238666 -6.320173 -0.625342 -26.924448 -3.827656 -4.633444 -49.635372 -2.891422 -13.708587 -7.363487 -3.720944 18.141293 -14.052823 -3.242714 5e-05 -18.787384 -1.2e-05 -0.429692 -8.456116 2.555531 1e-06 2e-06 1e-06 -15.923595 -20.094532 -5.473602 30.419416 -7.190908 1.735908 2.1e-05 -8.162972 -4e-06 -1.861845 -22.861656 -6.168007 0.0 -2e-06 -3e-06 177.870377 -2.407285 -13.719913 16.856642 -0.045678 0.148358 -78.499237 10.801872 0.521054 -4.854868 1.554007 2.165626 -1.000002 0.0 -0.0 -2.071694 -6.803255 -24.590826 17.792871 0.128663 -0.025184 -77.980721 9.805195 -1.543276 -5.1731 0.751287 1.681072 -1.000006 0.0 0.0 
0.0 0.0 0.0 0.0 -0.0 0.0 0.275695 99.767708 1.737628 90.792877 4.818448 93.672531 -3.196761 -0.718051 0.030746 -11.841278 -0.407742 -0.261555 15.573839 0.061921 -2.885334 6.878467 -3.023724 2.512985 -2.382899 -0.725842 -0.95672 -36.886356 -0.258882 -3.799007 6e-06 0.0 -0.0 0.092685 0.007531 -0.054042 0.418376 -0.05657 0.016659 0.432183 0.062646 -0.122057 -138.944046 -78.210747 151.287415 45.371513 -49.038193 -23.26001 40.953968 -0.295031 0.60918 -21.138845 8.083284 -15.597279 17.636679 -26.32287 52.41151 -19.466841 -14.395672 29.410648 2e-06 -8.774902 2e-06 16.134632 -18.200863 6.071477 -0.609779 -1.795669 -3.889349 -4.807121 -11.04691 -2.937878 0.0 -20.976274 -1.4e-05 -5.020019 -25.033981 -4.031952 5e-06 3e-06 -0.0 -10.634579 -5.687011 -3.565608 10.573339 -17.923103 -3.113943 1e-06 -13.82137 -1e-05 -0.501757 -31.182055 -4.027117 -11.23276 -58.879852 6.950182 -13.982776 -7.15025 -2.875058 13.772809 -8.401561 -3.218277 0.347739 -34.212013 0.771628 -0.963041 -17.733669 2.621046 -1e-06 1e-06 -3e-06 -17.346504 -20.095356 -4.201807 21.757689 -1.638376 3.866451 -2e-06 -6.338898 -4e-06 -1.697589 -22.592127 -6.19413 2e-06 -3e-06 -2e-06 130.765854 -82.82988 58.174026 51.312416 -61.806404 -29.024076 38.372028 -0.133185 0.900346 -10.463478 7.013276 -39.035599 22.182219 -20.375971 49.93359 -16.701893 -16.743568 28.476704 8e-06 -12.690677 -1.2e-05 15.737461 -17.650694 3.092116 -0.105926 -1.513865 -4.275898 -5.039075 -5.612907 -2.953582 -2e-06 -11.020613 -1e-05 -6.111343 -15.895529 -3.840547 1e-06 0.0 -0.0 -10.283411 -5.680324 -4.341864 11.028336 -11.302462 -2.372645 -1.384278 -14.238702 -6.320197 -0.625421 -26.924513 -3.827699 -4.659459 -49.687729 -2.831387 -13.708576 -7.363523 -3.720968 18.141216 -14.05281 -3.242685 4e-06 -18.787428 -1.7e-05 -0.429717 -8.456137 2.55553 0.0 2e-06 0.0 -15.923612 -20.094593 -5.473626 30.419323 -7.190845 1.735959 0.0 -8.162986 -4e-06 -1.861893 -22.861729 -6.168049 1e-06 -2e-06 -3e-06 177.998169 -2.375397 -13.619867 16.657232 -0.045893 0.150134 -78.302811 10.821373 0.422887 -4.874422 1.562657 2.166591 -1.000006 -0.0 -0.0 -2.048177 -6.830503 -24.621456 17.930498 0.127631 -0.034812 -78.018433 9.672148 -1.4048 -5.167775 0.75552 1.685311 -1.000006 1e-06 0.0 
0.0 0.0 0.0 0.0 -0.0 0.0 0.123942 99.764587 1.599231 90.889809 4.912605 93.800797 -3.241913 -0.773556 0.045036 -11.843451 -0.425308 -0.249039 15.577216 0.008826 -2.90473 6.687362 -2.984974 2.505175 -2.394277 -0.70353 -1.049166 -37.177765 -0.139664 -3.927702 4e-06 0.0 0.0 0.093571 0.003591 -0.054976 0.409084 -0.054407 0.021842 0.423049 0.052918 -0.128901 -138.431778 -78.097488 150.815445 45.543503 -49.074902 -23.266821 40.927551 -0.31062 0.603139 -21.409538 8.027141 -14.99761 17.636698 -26.32284 52.411461 -19.466856 -14.395741 29.410635 3e-06 -8.774931 3e-06 16.114634 -18.224382 6.066033 -0.609776 -1.795663 -3.889349 -4.807138 -11.046894 -2.937872 7e-06 -20.976223 -2.3e-05 -5.020026 -25.033901 -4.031969 7e-06 1e-06 1e-06 -10.634612 -5.68701 -3.565595 10.573378 -17.92308 -3.113951 6e-06 -13.821343 -1.2e-05 -0.501757 -31.181959 -4.027117 -11.226985 -58.798813 6.910624 -13.982817 -7.150245 -2.875042 13.772862 -8.401547 -3.218286 0.347752 -34.211945 0.771622 -0.963031 -17.733616 2.621043 -1e-06 0.0 -4e-06 -17.346556 -20.095345 -4.201787 21.757761 -1.638378 3.866445 -0.0 -6.338882 -5e-06 -1.697596 -22.592049 -6.194133 2e-06 -7e-06 -2e-06 129.110657 -82.933006 59.86887 50.580227 -61.564442 -28.229004 38.504539 -0.110622 0.913263 -10.432292 6.833652 -38.472687 22.182331 -20.376068 49.933777 -16.70211 -16.743773 28.47694 -2e-05 -12.690844 6e-06 15.719949 -17.62977 3.115105 -0.105918 -1.513872 -4.275923 -5.039107 -5.612938 -2.953595 2.2e-05 -11.020701 -1.7e-05 -6.111395 -15.895662 -3.840573 -2e-06 1e-06 -0.0 -10.283478 -5.680339 -4.341872 11.028464 -11.302547 -2.372686 -1.384267 -14.238805 -6.32024 -0.625365 -26.924765 -3.827722 -4.668839 -49.731705 -2.777878 -13.708671 -7.363542 -3.720966 18.141436 -14.052918 -3.242751 3.7e-05 -18.787567 -1.7e-05 -0.429706 -8.45621 2.555556 1e-06 2e-06 1e-06 -15.923703 -20.094671 -5.473637 30.419655 -7.190942 1.735919 1.4e-05 -8.163046 -4e-06 -1.86189 -22.861921 -6.168093 2e-06 -0.0 -1e-06 178.060791 -2.357614 -13.552625 16.509794 -0.040678 0.14126 -78.114357 10.838064 0.350819 -4.904392 1.577033 2.167051 -1.000003 -0.0 -0.0 -2.085734 -6.852561 -24.596075 18.080826 0.127369 -0.040272 -78.058296 9.523853 -1.263641 -5.145164 0.756002 1.687823 -1.000005 0.0 0.0 
0.0 0.0 0.0 0.0 -0.0 0.0 -0.028646 99.758751 1.442647 90.971893 4.987838 93.86496 -3.282112 -0.822494 0.070394 -11.845111 -0.43924 -0.227962 15.62301 -0.033259 -2.925306 6.540322 -2.937265 2.469798 -2.40163 -0.681285 -1.080772 -37.477448 0.000576 -4.058615 8e-06 -0.0 0.0 0.090297 0.003393 -0.04997 0.40296 -0.050803 0.033272 0.41358 0.049423 -0.130066 -138.1362 -77.921745 150.540451 45.710182 -49.045712 -23.292509 40.793362 -0.339449 0.59494 -21.695986 7.896072 -14.33279 17.63674 -26.322756 52.41143 -19.466965 -14.395768 29.410696 1.4e-05 -8.774975 1e-06 16.120487 -18.247465 6.045141 -0.609775 -1.795679 -3.889355 -4.807169 -11.046962 -2.937888 -5e-06 -20.976358 -6.4e-05 -5.020065 -25.034119 -4.032048 8e-06 0.0 2e-06 -10.634655 -5.687045 -3.56559 10.573415 -17.923155 -3.11399 0.0 -13.821418 -4.6e-05 -0.501726 -31.182184 -4.027238 -11.219404 -58.75193 6.874093 -13.982872 -7.15029 -2.875032 13.772914 -8.401571 -3.218308 0.347759 -34.212147 0.771532 -0.963011 -17.73373 2.620995 -5e-06 1e-06 0.0 -17.346653 -20.095448 -4.201777 21.757875 -1.638359 3.866458 -3e-06 -6.338919 -2.2e-05 -1.697618 -22.592249 -6.19423 -1e-06 -6e-06 -2e-06 126.874725 -83.060249 62.147762 50.051922 -61.193161 -27.64533 38.485435 -0.147918 0.905027 -10.355796 6.583761 -37.651672 22.182302 -20.375927 49.933556 -16.70211 -16.743738 28.476812 -3.3e-05 -12.690804 2e-06 15.717961 -17.611376 3.116714 -0.105908 -1.513871 -4.275911 -5.039097 -5.612921 -2.953581 3.1e-05 -11.020657 -2.7e-05 -6.111362 -15.895578 -3.840556 -0.0 1e-06 -0.0 -10.283463 -5.680325 -4.341855 11.02846 -11.302519 -2.372689 -1.384249 -14.238745 -6.320217 -0.625321 -26.924625 -3.827714 -4.687473 -49.76947 -2.730091 -13.708659 -7.363522 -3.720947 18.141434 -14.052893 -3.242757 6.9e-05 -18.787489 -4.4e-05 -0.429679 -8.456165 2.555531 -1e-06 1e-06 -0.0 -15.92369 -20.094622 -5.473616 30.419624 -7.190949 1.73591 2.5e-05 -8.163005 -1.5e-05 -1.861842 -22.86179 -6.168085 3e-06 -0.0 0.0 178.100403 -2.423907 -13.499854 16.407455 -0.034055 0.139435 -77.953255 10.853553 0.213573 -4.939384 1.598055 2.168738 -1.000003 -0.0 0.0 -2.176874 -6.863356 -24.54752 18.245758 0.124839 -0.047542 -78.087456 9.388356 -1.107481 -5.129575 0.748601 1.686628 -1.000011 -0.0 -0.0 
0.0 0.0 0.0 0.0 -0.0 0.0 -0.180477 99.736435 1.284923 91.061394 5.046042 93.867226 -3.309668 -0.882329 0.095975 -11.843294 -0.450647 -0.214745 15.695536 -0.080418 -2.909428 6.446271 -2.864986 2.419519 -2.408737 -0.66343 -1.085233 -37.84005 0.135045 -4.201819 4e-06 -0.0 0.0 0.087466 0.00104 -0.046592 0.404146 -0.049525 0.042823 0.41159 0.044181 -0.132296 -138.009201 -77.727097 150.402649 45.841145 -49.008629 -23.408669 40.644386 -0.366669 0.601327 -21.951014 7.77641 -13.834825 17.636641 -26.322851 52.4114 -19.466764 -14.3957 29.41057 4e-06 -8.774897 7e-06 16.123737 -18.242586 6.02212 -0.609778 -1.795657 -3.889341 -4.807119 -11.046865 -2.937857 -1e-05 -20.97617 8e-06 -5.020047 -25.033831 -4.031913 8e-06 -1e-06 1e-06 -10.634575 -5.686991 -3.565591 10.573334 -17.923037 -3.113924 -8e-06 -13.821316 6e-06 -0.501808 -31.181883 -4.02706 -11.17213 -58.69825 6.824433 -13.982768 -7.150224 -2.875039 13.77281 -8.401525 -3.21827 0.3477 -34.211868 0.771687 -0.963066 -17.733585 2.62106 -2e-06 1e-06 4e-06 -17.346495 -20.095287 -4.201776 21.757687 -1.638371 3.866432 -0.0 -6.338872 4e-06 -1.697614 -22.592009 -6.194074 -1e-06 -4e-06 -2e-06 124.624741 -83.157684 64.401588 49.715614 -60.867996 -27.278336 38.388763 -0.194519 0.899873 -10.284288 6.333437 -36.776012 22.182167 -20.375959 49.933422 -16.701878 -16.743612 28.476639 -5e-06 -12.690682 4e-06 15.711399 -17.575415 3.094223 -0.10592 -1.513861 -4.27589 -5.039059 -5.612887 -2.953566 5e-06 -11.020585 -1e-06 -6.111338 -15.895468 -3.840507 0.0 4e-06 0.0 -10.283394 -5.680298 -4.341843 11.028342 -11.30244 -2.372643 -1.384277 -14.238654 -6.320156 -0.62543 -26.924423 -3.827637 -4.672185 -49.770504 -2.728552 -13.708554 -7.36349 -3.720943 18.141228 -14.052786 -3.24269 8e-06 -18.787373 2e-06 -0.429715 -8.456115 2.555531 -1e-06 -0.0 -1e-06 -15.923577 -20.094522 -5.473589 30.419327 -7.190845 1.735926 3e-06 -8.162968 3e-06 -1.861914 -22.861658 -6.167987 5e-06 -1e-06 -1e-06 178.071442 -2.399814 -13.464478 16.439316 -0.028739 0.138743 -77.891281 10.80087 0.13725 -4.938119 1.615138 2.170956 -0.999999 0.0 0.0 -2.326859 -6.912644 -24.545168 18.484356 0.12525 -0.042285 -78.18409 9.342136 -0.932901 -5.077158 0.738888 1.686523 -1.000003 -1e-06 0.0 
0.0 0.0 0.0 0.0 -0.0 0.0 -0.319785 99.708603 1.145586 91.149033 5.085323 93.804794 -3.329151 -0.949862 0.115041 -11.840694 -0.456234 -0.204849 15.777742 -0.125538 -2.88091 6.415956 -2.79145 2.373892 -2.415729 -0.653779 -1.091341 -38.219296 0.290677 -4.34942 5e-06 0.0 0.0 0.085284 -0.00195 -0.043785 0.407933 -0.051023 0.04856 0.411812 0.040558 -0.132035 -138.064468 -77.5075 150.435654 45.868183 -48.935104 -23.54394 40.536945 -0.395962 0.621324 -22.117079 7.736648 -13.563174 17.636621 -26.322832 52.411377 -19.466753 -14.395619 29.410557 2e-06 -8.774854 2e-06 16.115948 -18.207403 5.99848 -0.60978 -1.79566 -3.889338 -4.807104 -11.046874 -2.937866 -9e-06 -20.976194 -8e-06 -5.02 -25.033867 -4.031928 6e-06 1e-06 -1e-06 -10.634542 -5.686995 -3.565599 10.573294 -17.923052 -3.113924 -8e-06 -13.821324 -5e-06 -0.50177 -31.181925 -4.027086 -11.086514 -58.633404 6.773807 -13.982728 -7.150225 -2.875051 13.772753 -8.40153 -3.21826 0.347715 -34.211891 0.771648 -0.963053 -17.733603 2.621038 -1e-06 0.0 0.0 -17.346443 -20.095299 -4.201791 21.757607 -1.638366 3.866437 -1e-06 -6.338877 -1e-06 -1.697587 -22.592041 -6.1941 1e-06 -5e-06 -2e-06 122.495384 -83.222855 66.507416 49.527824 -60.606693 -27.039644 38.25021 -0.225944 0.906891 -10.263956 6.151962 -36.031296 22.182161 -20.376022 49.933491 -16.701883 -16.743624 28.476696 -0.0 -12.690683 1.1e-05 15.694303 -17.539671 3.078985 -0.105919 -1.513859 -4.275895 -5.039062 -5.6129 -2.953567 4e-06 -11.02061 4e-06 -6.111346 -15.895507 -3.8405 -1e-06 1e-06 -0.0 -10.283398 -5.680304 -4.341847 11.02834 -11.302461 -2.372644 -1.384277 -14.238688 -6.320165 -0.625449 -26.924498 -3.827638 -4.672032 -49.796944 -2.720932 -13.708558 -7.363498 -3.720946 18.141224 -14.052805 -3.242693 -6e-06 -18.787416 1.1e-05 -0.429727 -8.456137 2.555536 3e-06 -2e-06 -1e-06 -15.923584 -20.094549 -5.473587 30.419344 -7.190846 1.735918 -6e-06 -8.162992 4e-06 -1.861925 -22.861744 -6.168003 -2e-06 -6e-06 -1e-06 178.013702 -2.370114 -13.466968 16.518198 -0.029664 0.141565 -77.869492 10.729066 0.060198 -4.933676 1.623153 2.170053 -0.999999 0.0 -0.0 -2.505958 -6.985852 -24.577059 18.751888 0.127594 -0.036126 -78.347145 9.415012 -0.753081 -5.032357 0.730889 1.686029 -1.000006 1e-06 -0.0 
0.0 0.0 0.0 0.0 -0.0 0.0 -0.429738 99.683395 1.027402 91.221161 5.110328 93.696152 -3.348979 -1.015773 0.116522 -11.833239 -0.459665 -0.190569 15.855072 -0.165433 -2.851023 6.451669 -2.72121 2.329192 -2.423526 -0.649445 -1.089873 -38.548569 0.468681 -4.515508 6e-06 -0.0 -0.0 0.086906 -0.006588 -0.045224 0.415557 -0.055366 0.047987 0.414743 0.036552 -0.134187 -138.089874 -77.291809 150.435272 45.840267 -48.841618 -23.639725 40.466221 -0.414609 0.632092 -22.17314 7.710673 -13.360606 17.636774 -26.322983 52.411701 -19.466959 -14.395725 29.410784 0.0 -8.774944 -1e-06 16.130009 -18.166157 5.974823 -0.609782 -1.795674 -3.889364 -4.807143 -11.046972 -2.937897 3e-06 -20.97641 -3e-05 -5.020041 -25.034166 -4.032003 8e-06 -2e-06 -0.0 -10.634626 -5.687039 -3.565621 10.573401 -17.923206 -3.113968 8e-06 -13.821459 -2.1e-05 -0.501729 -31.182301 -4.027174 -10.97718 -58.596653 6.716581 -13.982838 -7.150283 -2.875067 13.772888 -8.401605 -3.218293 0.347761 -34.212254 0.771606 -0.963033 -17.733791 2.621051 -0.0 -4e-06 -1e-06 -17.346582 -20.095461 -4.201822 21.757801 -1.638386 3.866472 2e-06 -6.338937 -1e-05 -1.697578 -22.592299 -6.1942 0.0 -3e-06 -2e-06 120.61393 -83.23941 68.360054 49.497181 -60.420593 -26.900301 38.092747 -0.212566 0.920232 -10.302545 6.017328 -35.463837 22.182301 -20.376034 49.933746 -16.702044 -16.743685 28.476862 -2e-06 -12.690774 -2e-06 15.675694 -17.516155 3.09413 -0.105921 -1.513875 -4.275918 -5.039097 -5.612942 -2.953591 5e-06 -11.020687 -1.5e-05 -6.111392 -15.895647 -3.840562 4e-06 -1e-06 0.0 -10.283464 -5.680348 -4.341875 11.028419 -11.302533 -2.372675 -1.384282 -14.238802 -6.320234 -0.625402 -26.924736 -3.827736 -4.725557 -49.867405 -2.662796 -13.708649 -7.363554 -3.72097 18.141357 -14.052898 -3.242731 1.6e-05 -18.787544 -2.7e-05 -0.429714 -8.456194 2.555539 -0.0 2e-06 -1e-06 -15.923694 -20.094696 -5.473636 30.419546 -7.190904 1.735939 5e-06 -8.163036 -1.3e-05 -1.861886 -22.861906 -6.168113 2e-06 -2e-06 -0.0 177.861145 -2.358661 -13.513766 16.596546 -0.035005 0.14886 -77.769859 10.679713 -0.014583 -4.935039 1.624313 2.166801 -1.000004 0.0 -0.0 -2.683985 -7.063055 -24.623272 18.998869 0.129775 -0.031615 -78.372948 9.564122 -0.567109 -4.996683 0.727552 1.684807 -1.000006 0.0 0.0 
0.0 0.0 0.0 0.0 -0.0 0.0 -0.493068 99.661469 0.930034 91.28022 5.127501 93.549461 -3.358115 -1.077882 0.102416 -11.826146 -0.463029 -0.178157 15.910465 -0.208286 -2.828069 6.597343 -2.650033 2.290301 -2.427785 -0.641681 -1.074308 -38.83292 0.652532 -4.680601 7e-06 -0.0 -0.0 0.088651 -0.005371 -0.040555 0.427964 -0.055723 0.052825 0.419822 0.040293 -0.129855 -137.936234 -77.097946 150.305328 45.86211 -48.676739 -23.707659 40.344986 -0.424307 0.635843 -22.152882 7.654209 -13.216361 17.636702 -26.322744 52.411335 -19.466898 -14.395717 29.410606 2e-06 -8.774929 1e-06 16.12252 -18.128195 5.963554 -0.609776 -1.79567 -3.889345 -4.807135 -11.046911 -2.937876 1e-05 -20.976261 -4.4e-05 -5.020025 -25.03396 -4.031988 4e-06 -3e-06 -1e-06 -10.63461 -5.687021 -3.565589 10.573379 -17.923105 -3.113967 9e-06 -13.821363 -3.1e-05 -0.501724 -31.182024 -4.02716 -10.904206 -58.573067 6.679538 -13.982818 -7.150259 -2.875034 13.772861 -8.401561 -3.218291 0.347787 -34.21199 0.77156 -0.963004 -17.733644 2.62101 -0.0 1e-06 -3e-06 -17.346569 -20.095379 -4.201778 21.757774 -1.638375 3.866442 2e-06 -6.338891 -1.5e-05 -1.697587 -22.592102 -6.194156 1e-06 -1e-06 -2e-06 118.946541 -83.222198 69.994232 49.595394 -60.271004 -26.935556 37.920635 -0.230233 0.921871 -10.355835 5.916425 -34.794956 22.182236 -20.375872 49.933456 -16.701988 -16.743629 28.476677 -1.7e-05 -12.690716 -5e-06 15.67951 -17.511179 3.107196 -0.105919 -1.51387 -4.275898 -5.039074 -5.612905 -2.95357 2.3e-05 -11.020605 -2.1e-05 -6.111336 -15.895486 -3.840527 -3e-06 1e-06 0.0 -10.283435 -5.680317 -4.341849 11.028394 -11.302472 -2.372669 -1.384266 -14.238682 -6.320182 -0.625357 -26.924465 -3.827682 -4.786964 -49.944386 -2.603555 -13.708611 -7.363513 -3.720945 18.14131 -14.052825 -3.242725 5e-05 -18.787392 -4.3e-05 -0.429686 -8.456113 2.555513 -0.0 4e-06 1e-06 -15.923638 -20.094587 -5.473609 30.419456 -7.190896 1.735925 1.7e-05 -8.162972 -1.5e-05 -1.861849 -22.861666 -6.168047 4e-06 -2e-06 1e-06 177.802475 -2.343646 -13.616943 16.668156 -0.040444 0.161777 -77.75647 10.666512 -0.096967 -4.956759 1.616086 2.161695 -1.000002 -0.0 0.0 -2.869527 -7.157845 -24.639263 19.257561 0.131486 -0.026802 -78.393784 9.745978 -0.421987 -4.94465 0.725396 1.68251 -1.000005 1e-06 -0.0 
0.0 0.0 0.0 0.0 -0.0 0.0 -0.52067 99.651779 0.855276 91.328285 5.155491 93.342133 -3.363324 -1.130665 0.084628 -11.831286 -0.465407 -0.163918 15.959608 -0.257708 -2.826895 6.874267 -2.56847 2.260332 -2.424514 -0.628453 -1.028681 -39.07692 0.841363 -4.839405 2e-06 0.0 -0.0 0.088893 -0.000505 -0.031436 0.448886 -0.055706 0.062762 0.435628 0.050589 -0.122129 -137.542465 -76.948479 150.007324 45.9748 -48.423367 -23.761595 40.128799 -0.404704 0.643948 -22.086349 7.568716 -13.078794 17.636738 -26.322918 52.411728 -19.467093 -14.395723 29.410891 -6e-06 -8.774962 8e-06 16.096409 -18.09572 5.956738 -0.609781 -1.795686 -3.889371 -4.807144 -11.04702 -2.93792 2.7e-05 -20.976509 -8.2e-05 -5.02 -25.034325 -4.032059 6e-06 1e-06 1e-06 -10.634629 -5.687062 -3.565627 10.573426 -17.923281 -3.114021 2.2e-05 -13.821516 -5.7e-05 -0.501636 -31.18247 -4.027286 -10.903766 -58.560055 6.691448 -13.982839 -7.150307 -2.875072 13.772901 -8.401643 -3.218325 0.347826 -34.212399 0.771501 -0.962997 -17.733862 2.62101 -4e-06 3e-06 -2e-06 -17.346588 -20.095531 -4.201837 21.757816 -1.638387 3.866461 8e-06 -6.338957 -2.7e-05 -1.697537 -22.592402 -6.194281 -2e-06 -3e-06 -2e-06 117.579765 -83.18045 71.325478 49.83662 -60.149509 -27.135136 37.715443 -0.25395 0.917134 -10.413482 5.796552 -34.032784 22.182329 -20.375929 49.933857 -16.702131 -16.743654 28.476948 7e-06 -12.690798 -1.6e-05 15.705481 -17.537415 3.097141 -0.10592 -1.513885 -4.275928 -5.039116 -5.612974 -2.953615 2e-06 -11.020735 -5e-05 -6.111403 -15.895746 -3.840632 -2e-06 1e-06 -0.0 -10.283482 -5.680386 -4.341892 11.028434 -11.302566 -2.372701 -1.384289 -14.238877 -6.320302 -0.62536 -26.924881 -3.82786 -4.812771 -49.979778 -2.588178 -13.708668 -7.363601 -3.720989 18.141378 -14.052933 -3.242763 3.5e-05 -18.787605 -9.7e-05 -0.429698 -8.456219 2.555517 -1e-06 0.0 0.0 -15.923722 -20.09479 -5.473679 30.419586 -7.190904 1.735959 1e-05 -8.163054 -3.7e-05 -1.861843 -22.861986 -6.168232 0.0 -3e-06 -1e-06 177.830597 -2.304156 -13.739164 16.633785 -0.0451 0.177035 -77.717697 10.637006 -0.184927 -4.988979 1.607993 2.157343 -1.000003 0.0 0.0 -3.002134 -7.239073 -24.617371 19.426903 0.126502 -0.029248 -78.471291 9.944049 -0.363187 -4.907707 0.718987 1.678228 -1.000007 -0.0 0.0 
0.0 0.0 0.0 0.0 -0.0 0.0 -0.525475 99.658241 0.797463 91.354263 5.20537 93.065857 -3.366629 -1.161464 0.074577 -11.850902 -0.469152 -0.148326 16.015038 -0.296776 -2.8333 7.277456 -2.490266 2.263615 -2.424149 -0.614476 -0.967606 -39.230618 1.005381 -4.959927 4e-06 0.0 0.0 0.087339 0.00837 -0.019415 0.46259 -0.054043 0.073321 0.44884 0.066728 -0.109732 -137.047043 -76.821465 149.644348 46.09911 -48.128643 -23.81876 39.864365 -0.388128 0.655172 -22.012518 7.507545 -12.828155 17.636723 -26.322859 52.411533 -19.466888 -14.395712 29.410671 -0.0 -8.774929 -1e-06 16.05567 -18.091768 5.955798 -0.609779 -1.795668 -3.889354 -4.807135 -11.046918 -2.937885 1.3e-05 -20.976282 -3.7e-05 -5.020013 -25.033991 -4.031996 6e-06 -1e-06 1e-06 -10.634608 -5.687018 -3.565607 10.57338 -17.923119 -3.113959 9e-06 -13.821376 -1.9e-05 -0.501735 -31.18206 -4.027139 -10.974748 -58.539291 6.737657 -13.98281 -7.150254 -2.875056 13.772859 -8.401566 -3.218287 0.347774 -34.212013 0.771595 -0.96302 -17.733656 2.621034 -2e-06 1e-06 1e-06 -17.34655 -20.095379 -4.201809 21.757765 -1.638384 3.866455 5e-06 -6.338899 -9e-06 -1.697583 -22.592127 -6.194156 -2e-06 -6e-06 -3e-06 116.47216 -83.125595 72.411095 50.194241 -60.018356 -27.426914 37.485115 -0.264598 0.920801 -10.492663 5.674632 -33.204323 22.182222 -20.37602 49.933666 -16.701954 -16.743631 28.476791 -2e-06 -12.690714 5e-06 15.745004 -17.60108 3.070956 -0.105921 -1.513868 -4.275908 -5.039075 -5.612917 -2.953586 5e-06 -11.020636 -1e-05 -6.111353 -15.895555 -3.840543 0.0 -2e-06 -0.0 -10.283428 -5.680328 -4.341868 11.028362 -11.302482 -2.372658 -1.384277 -14.23872 -6.3202 -0.625418 -26.924549 -3.827689 -4.790567 -49.951225 -2.636728 -13.708603 -7.363526 -3.720965 18.14127 -14.052835 -3.24271 6e-06 -18.787453 -1.3e-05 -0.429718 -8.456146 2.555535 -1e-06 0.0 -1e-06 -15.923634 -20.094618 -5.473627 30.419409 -7.190866 1.735933 2e-06 -8.163003 -3e-06 -1.861904 -22.861778 -6.168047 -2e-06 -5e-06 -2e-06 177.964386 -2.248869 -13.80774 16.466305 -0.045138 0.189251 -77.640533 10.538888 -0.279951 -5.020372 1.595488 2.153547 -1.000003 1e-06 -0.0 -3.082306 -7.294805 -24.580738 19.52564 0.118047 -0.037924 -78.388512 10.169439 -0.345936 -4.881795 0.701885 1.671782 -1.000005 1e-06 0.0 
0.0 0.0 0.0 0.0 -0.0 0.0 -0.529569 99.665726 0.7619 91.367027 5.285946 92.729195 -3.3825 -1.174298 0.07634 -11.8837 -0.472158 -0.135327 16.085644 -0.314187 -2.834676 7.806312 -2.450141 2.280758 -2.429063 -0.602041 -0.887706 -39.230804 1.124966 -5.025667 8e-06 -0.0 -0.0 0.084025 0.014414 -0.012843 0.459081 -0.055431 0.075359 0.44507 0.080222 -0.099416 -136.6427 -76.709373 149.371338 46.135818 -47.869976 -23.864952 39.637051 -0.408078 0.649052 -21.961258 7.560525 -12.43275 17.636753 -26.322958 52.411507 -19.466789 -14.395712 29.410589 2e-06 -8.774911 -5e-06 16.012943 -18.123804 5.976324 -0.60978 -1.795661 -3.889349 -4.807128 -11.046889 -2.937861 -3e-06 -20.976234 2.3e-05 -5.020061 -25.033899 -4.031907 9e-06 -3e-06 2e-06 -10.634603 -5.687 -3.565603 10.573359 -17.92309 -3.113911 -1e-06 -13.821358 1.5e-05 -0.501814 -31.181993 -4.027035 -11.058786 -58.50473 6.76992 -13.982801 -7.150235 -2.875052 13.77284 -8.401552 -3.218259 0.347715 -34.211956 0.771703 -0.963058 -17.733633 2.621078 -1e-06 -2e-06 -2e-06 -17.346535 -20.095327 -4.201788 21.75773 -1.638387 3.86646 1e-06 -6.338891 8e-06 -1.697625 -22.592075 -6.194069 0.0 -6e-06 -1e-06 115.415298 -83.084206 73.461014 50.577579 -59.86047 -27.634186 37.227512 -0.24159 0.931589 -10.605803 5.555784 -32.413849 22.182262 -20.376093 49.933617 -16.701977 -16.743713 28.476784 -2.5e-05 -12.690749 1.1e-05 15.772973 -17.664177 3.062155 -0.105919 -1.513863 -4.275908 -5.039078 -5.612903 -2.953575 2.3e-05 -11.020631 5e-06 -6.111348 -15.89552 -3.840513 2e-06 -1e-06 1e-06 -10.283437 -5.680307 -4.341858 11.028411 -11.302492 -2.372656 -1.384259 -14.238699 -6.320174 -0.625396 -26.924532 -3.827616 -4.74519 -49.91523 -2.689615 -13.708609 -7.3635 -3.720954 18.141336 -14.052855 -3.242712 2.7e-05 -18.787457 2.4e-05 -0.429713 -8.45616 2.555558 -1e-06 1e-06 -2e-06 -15.923638 -20.09457 -5.473605 30.419508 -7.190914 1.735912 1.2e-05 -8.163006 1.2e-05 -1.861909 -22.861771 -6.167983 1e-06 -2e-06 -1e-06 178.160233 -2.196416 -13.817252 16.280998 -0.041899 0.199787 -77.587418 10.316944 -0.385664 -5.022415 1.58247 2.152648 -1.000004 -0.0 -0.0 -3.128382 -7.335943 -24.516195 19.628271 0.112631 -0.045612 -78.237579 10.403707 -0.308499 -4.857904 0.678922 1.666582 -1.000004 -0.0 0.0 
0.0 0.0 0.0 0.0 -0.0 0.0 -0.524646 99.671455 0.752736 91.371689 5.397799 92.330635 -3.421165 -1.180118 0.083674 -11.919907 -0.467324 -0.13329 16.163376 -0.298541 -2.815045 8.45298 -2.483646 2.331058 -2.435857 -0.581204 -0.82983 -38.994686 1.197643 -5.050139 5e-06 0.0 -0.0 0.083347 0.018076 -0.009099 0.443818 -0.06142 0.070569 0.429721 0.093519 -0.087155 -136.478195 -76.531326 149.297546 45.981308 -47.663971 -23.679287 39.52338 -0.399263 0.625239 -21.92317 7.685622 -11.981605 17.63674 -26.322996 52.411888 -19.467064 -14.395744 29.410938 -4e-06 -8.774964 8e-06 15.965333 -18.15925 6.013752 -0.609782 -1.795687 -3.889379 -4.80715 -11.047008 -2.937922 2.1e-05 -20.976471 -6.9e-05 -5.020006 -25.034264 -4.032063 7e-06 -1e-06 -0.0 -10.634639 -5.687061 -3.565635 10.573424 -17.923258 -3.114008 1.5e-05 -13.821499 -3.9e-05 -0.501682 -31.182419 -4.02724 -11.12355 -58.473591 6.775589 -13.982855 -7.15031 -2.87508 13.772904 -8.40163 -3.21832 0.347795 -34.212353 0.771547 -0.963019 -17.733837 2.621039 -2e-06 0.0 -3e-06 -17.346603 -20.095524 -4.201852 21.757832 -1.638384 3.866468 6e-06 -6.33895 -1.8e-05 -1.697557 -22.59236 -6.194257 2e-06 -4e-06 -1e-06 113.776031 -83.085732 75.160645 50.884903 -59.601692 -27.706003 36.994858 -0.232734 0.92916 -10.705396 5.47591 -31.66641 22.182346 -20.376032 49.934063 -16.702179 -16.743711 28.477085 2e-06 -12.690835 -4e-06 15.769237 -17.703863 3.073722 -0.105927 -1.513886 -4.27594 -5.039123 -5.612981 -2.953626 5e-06 -11.02075 -5.1e-05 -6.111413 -15.895779 -3.840658 -4e-06 1e-06 -1e-06 -10.283502 -5.680389 -4.341907 11.028457 -11.30258 -2.372711 -1.38428 -14.238895 -6.320327 -0.625338 -26.924932 -3.827881 -4.69128 -49.867798 -2.729949 -13.708696 -7.363605 -3.721001 18.14143 -14.052955 -3.242783 3.6e-05 -18.787638 -9e-05 -0.429703 -8.456234 2.555532 -1e-06 -0.0 -1e-06 -15.923741 -20.09481 -5.473705 30.419655 -7.190921 1.735944 9e-06 -8.163071 -3.1e-05 -1.861845 -22.86204 -6.168247 -1e-06 -6e-06 -2e-06 178.414551 -2.136378 -13.773173 16.094084 -0.037291 0.201574 -77.571251 9.937304 -0.488677 -4.98073 1.573139 2.154957 -1.000004 0.0 -0.0 -3.117367 -7.35819 -24.397129 19.68576 0.106441 -0.047429 -78.184418 10.611372 -0.219844 -4.833377 0.660593 1.666283 -1.000006 1e-06 0.0 
0.0 0.0 0.0 0.0 -0.0 0.0 -0.493741 99.67868 0.767726 91.377174 5.531413 91.896957 -3.497827 -1.184629 0.099481 -11.957756 -0.464436 -0.141385 16.268806 -0.249236 -2.780892 9.179994 -2.583876 2.385083 -2.448503 -0.551468 -0.809397 -38.545914 1.23771 -5.011845 7e-06 0.0 -0.0 0.085968 0.017695 -0.008444 0.428606 -0.074424 0.061354 0.41686 0.105515 -0.076088 -136.54747 -76.264801 149.476639 45.710155 -47.471169 -23.354414 39.513668 -0.349002 0.590062 -21.896305 7.805426 -11.580955 17.636713 -26.322775 52.411297 -19.466866 -14.39576 29.410563 1e-06 -8.77494 3e-06 15.934013 -18.189436 6.044528 -0.609773 -1.795665 -3.889341 -4.807137 -11.046897 -2.937862 1.3e-05 -20.976236 -2.1e-05 -5.020041 -25.033916 -4.031956 5e-06 1e-06 -0.0 -10.634613 -5.687009 -3.565581 10.573391 -17.923084 -3.113952 5e-06 -13.821347 -1.5e-05 -0.501756 -31.181976 -4.02711 -11.151077 -58.446686 6.763909 -13.982823 -7.150242 -2.875022 13.772882 -8.401551 -3.218288 0.34777 -34.211948 0.771609 -0.963011 -17.733633 2.621032 -3e-06 1e-06 0.0 -17.346575 -20.095346 -4.201758 21.757797 -1.638383 3.866436 3e-06 -6.338887 -8e-06 -1.697608 -22.592075 -6.19412 -2e-06 -3e-06 -2e-06 111.183647 -83.096382 77.88961 51.119122 -59.209293 -27.688931 36.768333 -0.276688 0.886065 -10.760287 5.421334 -30.831915 22.182259 -20.375895 49.933556 -16.702021 -16.743664 28.476765 -1.5e-05 -12.690746 -2e-06 15.72781 -17.68824 3.10352 -0.105915 -1.513872 -4.275907 -5.039085 -5.612916 -2.953583 2.3e-05 -11.020629 -2.9e-05 -6.111347 -15.895542 -3.840562 -4e-06 -1e-06 -1e-06 -10.283446 -5.680332 -4.341856 11.028413 -11.302489 -2.37268 -1.384265 -14.238719 -6.320213 -0.625348 -26.924545 -3.827725 -4.66916 -49.821281 -2.707132 -13.708629 -7.363528 -3.720954 18.141342 -14.052844 -3.242737 3.9e-05 -18.787434 -4.2e-05 -0.429696 -8.456136 2.555525 0.0 2e-06 -1e-06 -15.923668 -20.094622 -5.47362 30.419521 -7.190899 1.735929 1.5e-05 -8.162992 -1.5e-05 -1.861861 -22.861736 -6.168077 1e-06 -0.0 -1e-06 178.731506 -2.049945 -13.735093 15.869999 -0.034298 0.200168 -77.563477 9.473121 -0.5579 -4.915865 1.575412 2.16054 -1.000001 -0.0 0.0 -3.04263 -7.374348 -24.21172 19.666801 0.099534 -0.042768 -78.156593 10.74827 -0.079525 -4.825586 0.647894 1.668957 -1.000009 0.0 0.0 
0.0 0.0 0.0 0.0 -0.0 0.0 -0.431621 99.686005 0.798015 91.394669 5.677931 91.445045 -3.607309 -1.197752 0.130519 -11.988307 -0.461409 -0.158069 16.396126 -0.181614 -2.750711 9.993072 -2.737605 2.409942 -2.459306 -0.51731 -0.809883 -37.908745 1.265065 -4.916888 6e-06 -0.0 0.0 0.088861 0.01778 -0.005712 0.422641 -0.085844 0.056131 0.413582 0.116801 -0.064431 -136.854706 -75.891968 149.915878 45.30761 -47.243156 -22.922298 39.587257 -0.309131 0.550863 -21.897476 7.904253 -11.221391 17.6367 -26.322882 52.411537 -19.466925 -14.39576 29.410709 -2e-06 -8.774943 8e-06 15.925431 -18.206419 6.066389 -0.609775 -1.795671 -3.889357 -4.807134 -11.046926 -2.937881 1.7e-05 -20.976299 -2.7e-05 -5.020027 -25.033997 -4.031971 6e-06 1e-06 -0.0 -10.634613 -5.687022 -3.565601 10.573403 -17.923138 -3.113971 1.2e-05 -13.82139 -1.7e-05 -0.501734 -31.182095 -4.027132 -11.131307 -58.422653 6.728502 -13.982818 -7.150259 -2.875046 13.772875 -8.401575 -3.218301 0.347772 -34.212048 0.771608 -0.963027 -17.733665 2.621045 -4e-06 -1e-06 -5e-06 -17.346561 -20.095396 -4.201795 21.757788 -1.638387 3.86644 5e-06 -6.338904 -8e-06 -1.697584 -22.592138 -6.194144 -1e-06 -2e-06 -1e-06 107.153992 -83.069725 82.117287 51.193851 -58.644463 -27.410818 36.552948 -0.355274 0.809888 -10.790073 5.278542 -29.796318 22.182251 -20.375978 49.933701 -16.702045 -16.743675 28.476862 -1e-06 -12.690763 5e-06 15.689191 -17.641899 3.138769 -0.105918 -1.513874 -4.275915 -5.039095 -5.612939 -2.953592 5e-06 -11.020679 -2.4e-05 -6.111384 -15.895639 -3.840572 -2e-06 1e-06 1e-06 -10.283451 -5.680347 -4.341869 11.028402 -11.302519 -2.372681 -1.38428 -14.238788 -6.320236 -0.62539 -26.924702 -3.827753 -4.672968 -49.798126 -2.648795 -13.70863 -7.363551 -3.720967 18.141336 -14.052877 -3.242742 1.8e-05 -18.787521 -4.5e-05 -0.429707 -8.45618 2.555529 -1e-06 2e-06 -0.0 -15.923671 -20.094677 -5.473634 30.419508 -7.190886 1.735925 6e-06 -8.163028 -1.7e-05 -1.861884 -22.861879 -6.168121 0.0 -3e-06 -0.0 179.093323 -1.923246 -13.72741 15.609269 -0.0351 0.184 -77.55101 9.022866 -0.594047 -4.835075 1.587152 2.167202 -1.000001 0.0 -0.0 -2.92797 -7.415086 -23.998642 19.603458 0.09478 -0.028558 -78.130386 10.869009 0.073081 -4.83181 0.640029 1.672456 -1.000006 -1e-06 -0.0 
0.0 0.0 0.0 0.0 -0.0 0.0 -0.344068 99.691994 0.833944 91.395302 5.831 91.00367 -3.735516 -1.20693 0.160958 -12.021338 -0.458209 -0.187214 16.547108 -0.089284 -2.747212 10.84625 -2.90118 2.391885 -2.456802 -0.48851 -0.789783 -37.157494 1.26851 -4.779627 7e-06 -0.0 -0.0 0.090765 0.0186 -0.001988 0.418427 -0.097125 0.051135 0.409039 0.129927 -0.050802 -137.31192 -75.440529 150.501328 44.785564 -47.006432 -22.401617 39.709019 -0.28313 0.522611 -21.947113 8.007236 -10.916003 17.636778 -26.323015 52.411797 -19.46706 -14.395818 29.410881 1e-06 -8.774996 7e-06 15.919126 -18.223566 6.094684 -0.609782 -1.795684 -3.889375 -4.807169 -11.047009 -2.937901 7e-06 -20.976479 -3.9e-05 -5.020072 -25.034254 -4.032019 8e-06 1e-06 2e-06 -10.634667 -5.687062 -3.565617 10.573453 -17.92326 -3.113995 6e-06 -13.821501 -2.6e-05 -0.501739 -31.182405 -4.027193 -11.101692 -58.457314 6.696195 -13.982896 -7.150311 -2.875058 13.772952 -8.401632 -3.218321 0.347768 -34.212387 0.771591 -0.963033 -17.73386 2.621051 -4e-06 -1e-06 -1e-06 -17.346663 -20.095528 -4.20181 21.75791 -1.638387 3.866462 1e-06 -6.338954 -1.2e-05 -1.697601 -22.592367 -6.194214 -4e-06 -3e-06 -3e-06 101.952232 -82.989861 87.51963 51.018452 -57.920475 -26.775429 36.378635 -0.447274 0.716531 -10.852455 5.021912 -28.573063 22.182383 -20.375967 49.933857 -16.70216 -16.743715 28.476963 -8e-06 -12.69083 -1.2e-05 15.686249 -17.589613 3.1518 -0.105921 -1.513885 -4.275929 -5.03912 -5.612963 -2.95361 1.5e-05 -11.020716 -4.5e-05 -6.111397 -15.8957 -3.840626 1e-06 0.0 1e-06 -10.283498 -5.680375 -4.341887 11.028463 -11.30256 -2.3727 -1.384276 -14.238838 -6.320283 -0.625332 -26.924788 -3.827818 -4.689162 -49.817627 -2.577044 -13.708702 -7.363583 -3.720983 18.141434 -14.052936 -3.242764 4.6e-05 -18.787575 -7.6e-05 -0.429692 -8.4562 2.555528 -2e-06 -0.0 0.0 -15.923751 -20.094767 -5.473673 30.419664 -7.190939 1.735951 1.9e-05 -8.163043 -2.8e-05 -1.861839 -22.861923 -6.168185 -1e-06 -4e-06 1e-06 179.448349 -1.806015 -13.778192 15.383634 -0.039122 0.16141 -77.554855 8.685615 -0.610773 -4.787815 1.600861 2.171704 -1.000007 -0.0 0.0 -2.798266 -7.454468 -23.767782 19.533171 0.095826 -0.012064 -78.071068 11.004554 0.161124 -4.845357 0.63958 1.675406 -1.000008 0.0 0.0 
0.0 0.0 0.0 0.0 -0.0 0.0 -0.240594 99.684998 0.861474 91.38662 5.970451 90.576042 -3.859631 -1.21191 0.176998 -12.066267 -0.451343 -0.222516 16.716642 0.01529 -2.765896 11.669202 -3.035014 2.38012 -2.4461 -0.484338 -0.771504 -36.432018 1.250878 -4.642646 5e-06 -0.0 -0.0 0.089998 0.02125 0.002859 0.415726 -0.100303 0.046644 0.406469 0.138702 -0.035391 -137.66713 -74.980431 150.935394 44.256866 -46.823349 -21.942192 39.827198 -0.290609 0.512693 -22.009008 8.117621 -10.616384 17.636776 -26.322981 52.411766 -19.467045 -14.395842 29.410883 8e-06 -8.77501 8e-06 15.921834 -18.22217 6.110424 -0.609783 -1.795681 -3.889373 -4.807183 -11.047005 -2.937898 -8e-06 -20.976469 -3.8e-05 -5.020102 -25.034256 -4.032039 7e-06 -0.0 1e-06 -10.634677 -5.687062 -3.565612 10.573451 -17.923244 -3.113995 -3e-06 -13.821496 -2.7e-05 -0.501757 -31.182405 -4.027208 -11.063235 -58.516376 6.684224 -13.982911 -7.150311 -2.87505 13.772968 -8.401616 -3.218323 0.347747 -34.212353 0.77159 -0.963039 -17.733843 2.621048 -2e-06 -3e-06 -3e-06 -17.346684 -20.095512 -4.2018 21.757942 -1.638377 3.866467 -4e-06 -6.338953 -1e-05 -1.697631 -22.592377 -6.194219 -1e-06 -1e-06 -3e-06 96.993622 -82.837822 92.654137 50.717381 -57.182308 -25.956593 36.335754 -0.471895 0.642007 -10.972197 4.798569 -27.36569 22.182352 -20.375938 49.933758 -16.702152 -16.743763 28.476912 -3e-06 -12.69085 -4e-06 15.67079 -17.522398 3.163191 -0.105916 -1.513881 -4.275924 -5.039125 -5.612957 -2.953596 1e-05 -11.020707 -3.6e-05 -6.111424 -15.895684 -3.840592 0.0 -0.0 0.0 -10.283504 -5.68037 -4.341873 11.028475 -11.302554 -2.372703 -1.384287 -14.238836 -6.320263 -0.625366 -26.924795 -3.82779 -4.721443 -49.838318 -2.488361 -13.70871 -7.363577 -3.720963 18.141462 -14.052919 -3.242772 3.5e-05 -18.787573 -6.8e-05 -0.429693 -8.4562 2.555526 2e-06 -0.0 0.0 -15.92377 -20.094744 -5.473642 30.419712 -7.190922 1.735938 1.3e-05 -8.16304 -2.9e-05 -1.86187 -22.861919 -6.16818 0.0 -4e-06 -0.0 179.708115 -1.712027 -13.875568 15.311752 -0.039932 0.147247 -77.62355 8.424041 -0.618999 -4.761714 1.610432 2.173284 -1.000003 0.0 0.0 -2.719591 -7.519075 -23.568102 19.540266 0.100904 0.008529 -78.005966 11.177613 0.201855 -4.862181 0.642035 1.675106 -1.000002 -1e-06 -1e-06 
0.0 0.0 0.0 0.0 -0.0 0.0 -0.137246 99.666367 0.88182 91.395905 6.085265 90.204765 -3.958761 -1.220535 0.180932 -12.108723 -0.437301 -0.257023 16.866741 0.099798 -2.791001 12.385833 -3.167715 2.381109 -2.440972 -0.494256 -0.765433 -35.854134 1.236855 -4.568588 5e-06 0.0 0.0 0.086765 0.024059 0.007084 0.412228 -0.097758 0.042036 0.402807 0.142146 -0.021524 -137.789688 -74.573235 151.132782 43.864334 -46.683136 -21.587051 39.917355 -0.287853 0.528673 -22.05414 8.200079 -10.331964 17.636751 -26.322966 52.411686 -19.466965 -14.395803 29.410788 4e-06 -8.774976 6e-06 15.929883 -18.212475 6.12816 -0.609783 -1.795673 -3.889364 -4.807162 -11.04696 -2.937885 1e-06 -20.976377 -2.1e-05 -5.020072 -25.034124 -4.03199 7e-06 3e-06 -0.0 -10.634651 -5.687037 -3.565607 10.57343 -17.923176 -3.113975 -3e-06 -13.821433 -1.3e-05 -0.501766 -31.182215 -4.027152 -11.041569 -58.563496 6.705277 -13.982868 -7.150281 -2.875051 13.772923 -8.401589 -3.218307 0.347739 -34.212189 0.771628 -0.963046 -17.733753 2.621053 -3e-06 -1e-06 -1e-06 -17.346636 -20.095448 -4.201796 21.75787 -1.63838 3.866458 -1e-06 -6.338924 -5e-06 -1.697619 -22.592243 -6.19417 0.0 -4e-06 -2e-06 93.507668 -82.631264 96.253044 50.401703 -56.620571 -25.129326 36.419579 -0.40781 0.612552 -11.115021 4.672937 -26.454475 22.182293 -20.376078 49.933784 -16.702026 -16.743727 28.476889 -4e-06 -12.690779 7e-06 15.631778 -17.475449 3.184209 -0.105917 -1.51387 -4.275921 -5.039099 -5.612931 -2.953591 6e-06 -11.020666 -1e-05 -6.111387 -15.8956 -3.840557 -0.0 -1e-06 -0.0 -10.283463 -5.680338 -4.341874 11.028422 -11.302513 -2.372672 -1.38428 -14.238763 -6.320221 -0.625417 -26.924644 -3.827693 -4.760444 -49.877129 -2.409406 -13.708649 -7.363544 -3.720967 18.141363 -14.052874 -3.24273 3e-06 -18.787512 -4e-06 -0.429721 -8.45618 2.555555 1e-06 -0.0 0.0 -15.923698 -20.094662 -5.473632 30.419552 -7.190892 1.735931 3e-06 -8.163028 -1e-06 -1.86192 -22.861853 -6.16806 -0.0 -6e-06 -0.0 179.87616 -1.61224 -13.964797 15.348083 -0.041962 0.143071 -77.730515 8.196028 -0.631421 -4.748056 1.61333 2.173836 -1.000003 0.0 -0.0 -2.700014 -7.622605 -23.395792 19.631405 0.105159 0.030956 -77.95192 11.313115 0.243358 -4.852309 0.645418 1.671979 -1.000007 1e-06 0.0 
0.0 0.0 0.0 0.0 -0.0 0.0 -0.04034 99.650772 0.905467 91.418587 6.161352 89.915298 -4.031513 -1.218222 0.176691 -12.149798 -0.414675 -0.276825 16.987358 0.160905 -2.829092 13.009665 -3.292038 2.391339 -2.441247 -0.51846 -0.7686 -35.446735 1.224028 -4.559941 7e-06 -0.0 -0.0 0.081568 0.027819 0.012705 0.403462 -0.094166 0.039441 0.393303 0.146274 -0.007588 -137.857986 -74.213448 151.269943 43.61277 -46.536392 -21.381046 39.967278 -0.324608 0.555578 -22.097376 8.294244 -9.93859 17.636765 -26.322943 52.411674 -19.466997 -14.395836 29.410822 6e-06 -8.775002 6e-06 15.922993 -18.200787 6.148323 -0.609781 -1.795676 -3.889366 -4.807172 -11.046968 -2.937891 1e-06 -20.9764 -3.4e-05 -5.020082 -25.03417 -4.032032 7e-06 0.0 1e-06 -10.634663 -5.68704 -3.565605 10.573449 -17.923189 -3.113983 -1e-06 -13.821451 -2.1e-05 -0.501764 -31.182283 -4.027182 -11.026853 -58.571503 6.743467 -13.982885 -7.150284 -2.875046 13.772951 -8.401592 -3.218314 0.347746 -34.212227 0.771612 -0.963043 -17.73378 2.621054 -3e-06 -1e-06 1e-06 -17.346661 -20.095455 -4.201795 21.757921 -1.638381 3.866466 2e-06 -6.338934 -9e-06 -1.697618 -22.5923 -6.194212 -3e-06 -1e-06 -2e-06 91.240898 -82.417961 98.636276 50.134514 -56.159279 -24.39851 36.529011 -0.28752 0.614465 -11.223228 4.574543 -25.808132 22.182301 -20.375978 49.933613 -16.702038 -16.743742 28.476809 -2e-06 -12.690812 3e-06 15.599816 -17.481272 3.18835 -0.105915 -1.51387 -4.275909 -5.039108 -5.612929 -2.953577 2e-06 -11.020664 -1.1e-05 -6.111417 -15.895607 -3.840544 0.0 -2e-06 -1e-06 -10.283475 -5.680337 -4.341853 11.028441 -11.302506 -2.372675 -1.384294 -14.23877 -6.320213 -0.625416 -26.924671 -3.827711 -4.801262 -49.919456 -2.369573 -13.708666 -7.363537 -3.720946 18.14139 -14.052867 -3.242733 1.3e-05 -18.78751 -2.6e-05 -0.429709 -8.456178 2.555532 -0.0 -1e-06 -0.0 -15.923718 -20.094646 -5.473602 30.419617 -7.190895 1.735936 7e-06 -8.163022 -1.1e-05 -1.861918 -22.861858 -6.16809 1e-06 -4e-06 -2e-06 -179.998962 -1.501191 -14.015594 15.366319 -0.043566 0.142887 -77.814568 7.996411 -0.629831 -4.732168 1.607671 2.172288 -0.999999 0.0 -0.0 -2.725274 -7.739243 -23.23448 19.762781 0.104951 0.040267 -78.018135 11.397658 0.266215 -4.822759 0.645475 1.667845 -1.000007 1e-06 0.0 
0.0 0.0 0.0 0.0 -0.0 0.0 0.064158 99.639862 0.93293 91.453026 6.194966 89.687874 -4.092247 -1.197429 0.162676 -12.198092 -0.392589 -0.295158 17.092911 0.212297 -2.855716 13.578995 -3.403326 2.4029 -2.45287 -0.547089 -0.772351 -35.152061 1.192762 -4.56316 6e-06 0.0 0.0 0.078417 0.030933 0.017762 0.393246 -0.089019 0.038803 0.380956 0.147524 0.00269 -137.906128 -73.877159 151.384583 43.487545 -46.366596 -21.276817 40.019035 -0.375315 0.595097 -22.126753 8.40422 -9.443254 17.63669 -26.322792 52.411278 -19.466793 -14.395674 29.410507 -2e-06 -8.774887 -2e-06 15.888941 -18.179903 6.162304 -0.609779 -1.795664 -3.889338 -4.807117 -11.046876 -2.93786 1.3e-05 -20.976183 -1.3e-05 -5.020003 -25.033829 -4.031929 6e-06 1e-06 -1e-06 -10.634578 -5.686996 -3.565588 10.57334 -17.923058 -3.11393 6e-06 -13.821314 -8e-06 -0.501755 -31.181864 -4.027072 -11.017398 -58.532589 6.775466 -13.982771 -7.150229 -2.875037 13.772806 -8.401538 -3.218265 0.347752 -34.211849 0.771633 -0.963027 -17.733561 2.621037 -2e-06 -1e-06 -1e-06 -17.346504 -20.095314 -4.201773 21.757681 -1.638384 3.866437 2e-06 -6.338871 -4e-06 -1.697583 -22.591988 -6.194082 2e-06 -1e-06 -1e-06 89.553696 -82.227791 100.447464 49.902996 -55.712704 -23.872547 36.587543 -0.221351 0.609485 -11.294762 4.539731 -25.20891 22.182222 -20.375986 49.933594 -16.701971 -16.743649 28.476767 -7e-06 -12.690716 7e-06 15.587986 -17.512037 3.159855 -0.10592 -1.513867 -4.275906 -5.039076 -5.612915 -2.953578 9e-06 -11.020629 -1.3e-05 -6.111341 -15.895535 -3.840537 0.0 0.0 -1e-06 -10.283427 -5.680326 -4.341859 11.028375 -11.302485 -2.372662 -1.384267 -14.238713 -6.32019 -0.625408 -26.924543 -3.827674 -4.813791 -49.914516 -2.393369 -13.708605 -7.363523 -3.720958 18.141285 -14.05284 -3.24272 1.7e-05 -18.787447 -1.8e-05 -0.429711 -8.456141 2.555531 0.0 1e-06 1e-06 -15.923628 -20.094612 -5.473615 30.419422 -7.190874 1.735923 9e-06 -8.162998 -7e-06 -1.861891 -22.861773 -6.168048 -2e-06 -4e-06 -1e-06 -179.911835 -1.375933 -14.078717 15.35584 -0.044104 0.140658 -77.873138 7.844097 -0.597842 -4.711404 1.589471 2.165785 -1.000004 0.0 -0.0 -2.781245 -7.865665 -23.063633 19.885489 0.103663 0.032885 -78.051964 11.45048 0.269917 -4.776882 0.637663 1.662764 -1.000003 0.0 -0.0 
0.0 0.0 0.0 0.0 -0.0 0.0 0.176597 99.630692 0.960263 91.509148 6.229399 89.499855 -4.144124 -1.170704 0.138281 -12.240482 -0.378441 -0.321979 17.186663 0.256458 -2.846546 14.130128 -3.517979 2.406394 -2.478091 -0.557431 -0.771105 -34.92054 1.188188 -4.540403 6e-06 0.0 -0.0 0.076222 0.029013 0.015874 0.371422 -0.088511 0.031625 0.361625 0.142998 0.005391 -137.909927 -73.565765 151.47261 43.417313 -46.179665 -21.225843 40.145679 -0.395525 0.623386 -22.04862 8.583557 -8.938424 17.636684 -26.322832 52.411236 -19.466698 -14.39566 29.410446 -3e-06 -8.774863 -3e-06 15.861023 -18.158682 6.1545 -0.609774 -1.795654 -3.88933 -4.8071 -11.046834 -2.937843 2e-06 -20.976116 3.3e-05 -5.020025 -25.033733 -4.031863 8e-06 1e-06 1e-06 -10.634553 -5.686974 -3.565585 10.573308 -17.922998 -3.113891 1e-06 -13.821272 2.2e-05 -0.501817 -31.181744 -4.026976 -11.005108 -58.492157 6.769376 -13.98274 -7.150197 -2.875036 13.772772 -8.401513 -3.218243 0.34771 -34.211742 0.771722 -0.96306 -17.733519 2.621076 -3e-06 2e-06 -2e-06 -17.346447 -20.095232 -4.201768 21.75762 -1.638386 3.866435 1e-06 -6.338852 1.1e-05 -1.697607 -22.591906 -6.19402 -2e-06 -1e-06 -3e-06 88.227539 -82.090218 101.911888 49.709064 -55.274529 -23.577177 36.596729 -0.220266 0.59642 -11.359271 4.527203 -24.638033 22.182163 -20.375942 49.933445 -16.701899 -16.743578 28.47666 -6e-06 -12.690663 3e-06 15.596206 -17.531963 3.105617 -0.105921 -1.513862 -4.275892 -5.039059 -5.612899 -2.953568 7e-06 -11.020601 -9e-06 -6.111323 -15.895496 -3.84052 1e-06 -0.0 0.0 -10.283393 -5.680307 -4.341847 11.028325 -11.302456 -2.372646 -1.384266 -14.23868 -6.320168 -0.625419 -26.924467 -3.827658 -4.794693 -49.83744 -2.470097 -13.708554 -7.363501 -3.720948 18.141211 -14.052804 -3.242694 1.1e-05 -18.787401 -1.2e-05 -0.42971 -8.456126 2.555523 0.0 -1e-06 -0.0 -15.923573 -20.094549 -5.473596 30.41931 -7.190851 1.735927 4e-06 -8.162978 -4e-06 -1.861889 -22.8617 -6.168015 0.0 -2e-06 2e-06 -179.805389 -1.222492 -14.168443 15.297107 -0.044235 0.141921 -77.900818 7.722856 -0.570637 -4.678933 1.568638 2.162278 -1.000002 0.0 -0.0 -2.824194 -8.012131 -22.88806 19.991318 0.097633 0.014217 -78.094101 11.489883 0.27635 -4.727699 0.619234 1.655625 -1.000002 0.0 -0.0 
0.0 0.0 0.0 0.0 -0.0 0.0 0.292301 99.626312 0.993292 91.579742 6.288553 89.340263 -4.194624 -1.13588 0.11996 -12.279429 -0.365034 -0.349768 17.292912 0.297201 -2.812231 14.692984 -3.668631 2.415647 -2.502264 -0.556421 -0.789222 -34.740688 1.22828 -4.539276 6e-06 -0.0 0.0 0.075535 0.023656 0.008716 0.341452 -0.088439 0.020879 0.338361 0.131599 0.000922 -137.932129 -73.260986 151.563629 43.29055 -46.002182 -21.121685 40.477985 -0.365922 0.612725 -21.933588 8.842254 -8.46165 17.636709 -26.322868 52.411579 -19.466913 -14.395715 29.410719 -3e-06 -8.774926 4e-06 15.880219 -18.136326 6.1206 -0.609779 -1.795675 -3.889356 -4.807131 -11.04692 -2.937892 1.9e-05 -20.976278 -4.7e-05 -5.019992 -25.033978 -4.032007 7e-06 1e-06 -0.0 -10.634604 -5.687023 -3.565611 10.573378 -17.92312 -3.113968 1.1e-05 -13.821375 -2.6e-05 -0.50171 -31.182047 -4.027164 -10.997985 -58.499046 6.746012 -13.982808 -7.150263 -2.875058 13.772858 -8.401568 -3.218294 0.347784 -34.212013 0.77158 -0.963016 -17.733648 2.621034 -4e-06 1e-06 -2e-06 -17.346546 -20.095388 -4.201815 21.757753 -1.638383 3.866452 4e-06 -6.338894 -1e-05 -1.697572 -22.592108 -6.19417 -0.0 -4e-06 -3e-06 86.9328 -81.989204 103.354477 49.486725 -54.834721 -23.333635 36.631344 -0.255662 0.589595 -11.440736 4.534468 -24.24477 22.182264 -20.376062 49.9338 -16.702007 -16.74366 28.476873 3e-06 -12.690738 4e-06 15.61482 -17.553284 3.052273 -0.105923 -1.513873 -4.275918 -5.039092 -5.61294 -2.953594 -1e-06 -11.020683 -1.3e-05 -6.111382 -15.895638 -3.840561 -1e-06 3e-06 1e-06 -10.283446 -5.680349 -4.341882 11.028385 -11.302523 -2.372668 -1.384281 -14.238787 -6.320233 -0.625415 -26.92469 -3.827729 -4.768218 -49.716248 -2.56012 -13.708629 -7.363556 -3.720976 18.141312 -14.052885 -3.242725 2e-06 -18.787535 -2.3e-05 -0.429722 -8.45619 2.555542 2e-06 -2e-06 1e-06 -15.92366 -20.094696 -5.473644 30.419474 -7.19088 1.735937 0.0 -8.163036 -6e-06 -1.861911 -22.861898 -6.168087 -2e-06 -3e-06 -1e-06 -179.629776 -1.042669 -14.256609 15.149884 -0.042723 0.140788 -77.886414 7.612277 -0.581683 -4.641633 1.550639 2.162337 -0.999999 0.0 0.0 -2.828448 -8.181516 -22.76992 20.095428 0.086703 -0.000479 -78.121857 11.549486 0.305203 -4.691551 0.59841 1.648857 -1.000003 0.0 -1e-06 
0.0 0.0 0.0 0.0 -0.0 0.0 0.406849 99.61853 1.044756 91.647163 6.375971 89.198593 -4.252925 -1.093858 0.123325 -12.316012 -0.355817 -0.365591 17.412802 0.352524 -2.775414 15.26465 -3.834809 2.443204 -2.515368 -0.542542 -0.824103 -34.5737 1.262345 -4.555693 4e-06 0.0 0.0 0.077094 0.017989 0.00108 0.308249 -0.089677 0.010409 0.309811 0.120871 -0.004634 -137.987549 -72.949562 151.657379 43.084686 -45.840298 -21.026545 40.943756 -0.368436 0.57197 -21.854109 9.172538 -8.113409 17.636673 -26.322851 52.411404 -19.466778 -14.39572 29.410572 1e-06 -8.774902 5e-06 15.912437 -18.140751 6.081891 -0.609776 -1.795656 -3.88934 -4.807119 -11.046863 -2.937862 3e-06 -20.976168 4e-06 -5.020032 -25.033819 -4.031925 7e-06 2e-06 -1e-06 -10.63458 -5.686992 -3.565593 10.573344 -17.923033 -3.113923 0.0 -13.821306 7e-06 -0.501801 -31.181849 -4.027045 -11.0027 -58.513336 6.6975 -13.982777 -7.150222 -2.875041 13.772824 -8.401527 -3.21827 0.347725 -34.211842 0.771674 -0.963049 -17.733566 2.621059 -3e-06 1e-06 0.0 -17.346508 -20.095285 -4.201779 21.757704 -1.63838 3.866438 1e-06 -6.338869 5e-06 -1.697615 -22.59198 -6.194069 -0.0 -3e-06 -3e-06 85.337158 -81.90947 105.119621 49.209709 -54.36108 -23.032234 36.683174 -0.319267 0.586672 -11.498873 4.546773 -23.99688 22.182163 -20.375952 49.933464 -16.701893 -16.743603 28.476664 -7e-06 -12.690665 8e-06 15.641837 -17.55747 3.02309 -0.105919 -1.51386 -4.275893 -5.039062 -5.612893 -2.953568 8e-06 -11.020587 -6e-06 -6.111325 -15.895466 -3.840513 -3e-06 1e-06 0.0 -10.283405 -5.680306 -4.341846 11.028343 -11.302445 -2.372649 -1.384266 -14.238659 -6.320165 -0.625403 -26.924414 -3.827656 -4.735977 -49.642204 -2.618042 -13.70857 -7.363497 -3.720944 18.141228 -14.052791 -3.2427 8e-06 -18.787376 -6e-06 -0.429713 -8.456111 2.555525 1e-06 1e-06 -1e-06 -15.923593 -20.094547 -5.473595 30.419334 -7.190848 1.73592 6e-06 -8.16297 -4e-06 -1.861891 -22.861666 -6.168013 -1e-06 -4e-06 1e-06 -179.421509 -0.868823 -14.337597 15.018893 -0.041451 0.135884 -77.893326 7.493828 -0.60317 -4.617034 1.541707 2.165306 -1.000001 0.0 0.0 -2.782487 -8.359291 -22.732847 20.202456 0.07522 0.000837 -78.165123 11.664276 0.32217 -4.676618 0.579892 1.645015 -1.000009 0.0 0.0 
0.0 0.0 0.0 0.0 -0.0 0.0 0.510597 99.604362 1.127397 91.690445 6.475723 89.074799 -4.324903 -1.059028 0.136753 -12.345191 -0.345385 -0.366636 17.508278 0.436327 -2.726495 15.840206 -4.002563 2.471886 -2.516462 -0.514762 -0.85442 -34.314293 1.298603 -4.57538 6e-06 0.0 0.0 0.080969 0.015808 0.000577 0.281067 -0.089326 0.006921 0.283573 0.115906 -0.001858 -138.106461 -72.641502 151.823364 42.846134 -45.674381 -20.959885 41.332458 -0.439577 0.511144 -21.840048 9.561004 -7.896591 17.636669 -26.322714 52.411343 -19.466906 -14.395697 29.410622 -1e-06 -8.774918 5e-06 15.93541 -18.176655 6.056726 -0.609775 -1.795672 -3.889348 -4.80713 -11.046912 -2.937883 2.3e-05 -20.976252 -6.2e-05 -5.019985 -25.033941 -4.032004 7e-06 -0.0 1e-06 -10.634605 -5.687022 -3.565592 10.573373 -17.9231 -3.113978 1.9e-05 -13.821357 -4.1e-05 -0.501682 -31.181999 -4.027187 -10.994652 -58.508144 6.632269 -13.982803 -7.150261 -2.875037 13.772844 -8.40156 -3.218297 0.347804 -34.211964 0.771532 -0.962988 -17.733618 2.620998 -3e-06 -1e-06 -3e-06 -17.346546 -20.095379 -4.201788 21.757742 -1.638374 3.866435 3e-06 -6.338885 -1.8e-05 -1.697562 -22.59207 -6.194172 -1e-06 -4e-06 -4e-06 83.429474 -81.82531 107.208176 48.878223 -53.892509 -22.532408 36.69487 -0.361926 0.573989 -11.514766 4.475724 -23.816187 22.182234 -20.375832 49.933582 -16.702082 -16.743692 28.476822 1e-06 -12.690785 2e-06 15.669286 -17.528486 3.021322 -0.105914 -1.513875 -4.275909 -5.039106 -5.612941 -2.953586 3e-06 -11.020662 -4.4e-05 -6.111392 -15.895621 -3.840591 2e-06 -0.0 0.0 -10.283461 -5.68035 -4.341856 11.028418 -11.302504 -2.372699 -1.384286 -14.238776 -6.320246 -0.625357 -26.924654 -3.827803 -4.704586 -49.635044 -2.630717 -13.708646 -7.363556 -3.720948 18.141363 -14.052858 -3.242765 2.9e-05 -18.787497 -8.3e-05 -0.429696 -8.456167 2.555505 2e-06 -0.0 0.0 -15.923695 -20.094677 -5.473621 30.419582 -7.190876 1.73592 1.3e-05 -8.163007 -3.3e-05 -1.861863 -22.861826 -6.16817 -2e-06 -4e-06 -1e-06 -179.225067 -0.738703 -14.401817 14.979643 -0.040456 0.121541 -77.965233 7.38513 -0.594756 -4.614245 1.543582 2.170301 -1.0 0.0 -0.0 -2.681156 -8.509869 -22.759491 20.28406 0.06896 0.023373 -78.239548 11.81881 0.35009 -4.682783 0.570332 1.645223 -1.000006 -0.0 0.0 
0.0 0.0 0.0 0.0 -0.0 0.0 0.597191 99.58889 1.234525 91.695885 6.550282 88.990471 -4.412472 -1.038721 0.154948 -12.368664 -0.342572 -0.365902 17.585512 0.534008 -2.681311 16.328907 -4.109065 2.483532 -2.506427 -0.488899 -0.85423 -33.996323 1.334039 -4.59735 5e-06 0.0 0.0 0.085167 0.015741 0.003732 0.267592 -0.08661 0.008765 0.269467 0.113105 0.003761 -138.205612 -72.376862 151.987091 42.681026 -45.503998 -20.87384 41.470219 -0.521596 0.472269 -21.886827 9.829123 -7.656339 17.636772 -26.323084 52.411865 -19.467039 -14.395766 29.410904 -7e-06 -8.774966 8e-06 15.91724 -18.212111 6.070175 -0.60978 -1.79568 -3.889374 -4.807141 -11.047 -2.937907 2e-05 -20.976469 -3.2e-05 -5.02003 -25.034235 -4.032001 5e-06 -2e-06 0.0 -10.63464 -5.68705 -3.565629 10.573432 -17.923269 -3.113989 1.4e-05 -13.821505 -2.1e-05 -0.501705 -31.182405 -4.027184 -10.989316 -58.479679 6.6126 -13.982851 -7.150294 -2.875075 13.772908 -8.401638 -3.218312 0.347782 -34.212379 0.771603 -0.96303 -17.73385 2.621063 -3e-06 1e-06 -2e-06 -17.3466 -20.095507 -4.201833 21.757833 -1.638398 3.866467 6e-06 -6.338954 -9e-06 -1.697567 -22.592367 -6.194216 1e-06 -1e-06 -0.0 81.35556 -81.724365 109.459351 48.567532 -53.48011 -21.95121 36.628651 -0.385126 0.541673 -11.504187 4.306829 -23.593426 22.182289 -20.376137 49.933861 -16.702076 -16.743692 28.476952 -1.1e-05 -12.690763 9e-06 15.669569 -17.494329 3.043702 -0.105916 -1.513874 -4.275927 -5.039094 -5.612954 -2.953599 1.1e-05 -11.020718 -1.3e-05 -6.111362 -15.89568 -3.840559 -2e-06 1e-06 0.0 -10.283456 -5.680355 -4.341887 11.028415 -11.302567 -2.372678 -1.384268 -14.238838 -6.320246 -0.625389 -26.924812 -3.82774 -4.692583 -49.672729 -2.611057 -13.708637 -7.363562 -3.720982 18.141352 -14.052942 -3.242741 2.2e-05 -18.7876 -2.5e-05 -0.429712 -8.456221 2.555547 3e-06 1e-06 2e-06 -15.923669 -20.094728 -5.473647 30.419518 -7.190921 1.735921 1e-05 -8.163062 -9e-06 -1.861882 -22.861975 -6.168099 0.0 -1e-06 0.0 -179.089722 -0.677664 -14.456336 15.038125 -0.03747 0.112894 -78.09243 7.319606 -0.560086 -4.604235 1.549467 2.1743 -1.000004 -0.0 0.0 -2.538692 -8.591207 -22.80254 20.276628 0.069833 0.050967 -78.328484 11.924644 0.371848 -4.684785 0.57495 1.651442 -1.000011 0.0 -0.0 
0.0 0.0 0.0 0.0 -0.0 0.0 0.658929 99.57666 1.354272 91.663536 6.588087 88.960037 -4.519574 -1.033426 0.165739 -12.397179 -0.342365 -0.370808 17.671988 0.622464 -2.649318 16.6775 -4.129533 2.446743 -2.494622 -0.472142 -0.80761 -33.676266 1.370652 -4.617664 4e-06 -0.0 -1e-06 0.089511 0.015563 0.006818 0.26823 -0.084276 0.011755 0.268689 0.110757 0.007978 -138.23642 -72.169662 152.097321 42.568386 -45.37669 -20.703802 41.445999 -0.539988 0.482698 -21.979227 9.886101 -7.249085 17.636652 -26.322836 52.411507 -19.466909 -14.39566 29.410683 -4e-06 -8.774899 7e-06 15.898883 -18.232161 6.111423 -0.609781 -1.795676 -3.889354 -4.807114 -11.046931 -2.937891 1.7e-05 -20.976305 -5.1e-05 -5.019974 -25.034012 -4.031989 5e-06 0.0 -0.0 -10.634581 -5.687025 -3.56561 10.573344 -17.92314 -3.11397 1.4e-05 -13.821392 -3.2e-05 -0.501695 -31.182095 -4.027168 -11.004443 -58.501488 6.6508 -13.982778 -7.150264 -2.875057 13.772812 -8.401577 -3.218292 0.347777 -34.212055 0.771573 -0.963015 -17.733675 2.621023 -1e-06 0.0 -0.0 -17.346504 -20.095406 -4.201813 21.757687 -1.638377 3.86644 7e-06 -6.338903 -1.5e-05 -1.697551 -22.592152 -6.194172 -4e-06 -3e-06 -2e-06 79.160004 -81.594078 111.823463 48.351959 -53.126484 -21.416042 36.473507 -0.362042 0.505582 -11.508558 4.038213 -23.277134 22.182249 -20.375957 49.933662 -16.702023 -16.743612 28.476799 -9e-06 -12.690717 -3e-06 15.647445 -17.477692 3.080076 -0.105922 -1.513875 -4.27591 -5.039081 -5.612933 -2.95359 1.5e-05 -11.020658 -2.9e-05 -6.111339 -15.895589 -3.840564 2e-06 0.0 1e-06 -10.283442 -5.680345 -4.34187 11.028384 -11.302515 -2.372675 -1.384261 -14.238762 -6.320224 -0.62537 -26.924635 -3.827738 -4.707192 -49.735798 -2.560489 -13.708611 -7.363546 -3.720969 18.141293 -14.052877 -3.242732 3.4e-05 -18.787493 -5.4e-05 -0.4297 -8.456161 2.555519 3e-06 -1e-06 -0.0 -15.923645 -20.094671 -5.473639 30.419436 -7.190897 1.735931 1.1e-05 -8.163011 -2.1e-05 -1.861841 -22.861807 -6.168101 -0.0 -4e-06 -1e-06 -179.02298 -0.681317 -14.447739 15.160746 -0.034593 0.112064 -78.248459 7.267955 -0.53871 -4.588093 1.558415 2.175666 -1.000002 -0.0 0.0 -2.361264 -8.586191 -22.842953 20.151976 0.076029 0.073095 -78.413811 11.94673 0.374637 -4.68903 0.588981 1.660071 -1.000006 -1e-06 -0.0 
0.0 0.0 0.0 0.0 -0.0 0.0 0.692248 99.577507 1.46601 91.602966 6.572907 88.980278 -4.639358 -1.029877 0.174773 -12.436776 -0.342284 -0.376439 17.76955 0.685747 -2.643618 16.865511 -4.101734 2.403453 -2.492525 -0.469564 -0.781757 -33.404644 1.414428 -4.629356 5e-06 0.0 0.0 0.091377 0.011591 0.000718 0.269866 -0.083545 0.006223 0.268946 0.102531 0.00196 -138.244949 -71.989212 152.140427 42.403996 -45.305336 -20.393122 41.418381 -0.507998 0.538303 -22.049028 9.783093 -6.698035 17.636709 -26.322847 52.411484 -19.46699 -14.395708 29.410709 -8e-06 -8.774928 5e-06 15.88909 -18.237921 6.155365 -0.609776 -1.795679 -3.889357 -4.807127 -11.046967 -2.937893 2.8e-05 -20.976383 -5.5e-05 -5.019994 -25.034124 -4.031992 7e-06 2e-06 -0.0 -10.63461 -5.687038 -3.565603 10.573403 -17.923193 -3.113989 2e-05 -13.821434 -3.9e-05 -0.501679 -31.182215 -4.027187 -11.027954 -58.558819 6.723161 -13.982812 -7.15028 -2.87505 13.772871 -8.401607 -3.218306 0.347811 -34.212193 0.771546 -0.962992 -17.733746 2.621019 -2e-06 -1e-06 2e-06 -17.346556 -20.095451 -4.201798 21.757767 -1.63839 3.866442 8e-06 -6.338924 -1.9e-05 -1.697549 -22.592241 -6.194187 -1e-06 -2e-06 -2e-06 76.861229 -81.434151 114.255074 48.201302 -52.823887 -20.940359 36.304958 -0.310419 0.483734 -11.576185 3.771245 -22.963995 22.182257 -20.37586 49.933605 -16.70211 -16.743677 28.476835 -1.2e-05 -12.690777 -1e-06 15.636509 -17.492531 3.107764 -0.105917 -1.513879 -4.275912 -5.039097 -5.612941 -2.953591 1.6e-05 -11.020669 -4.5e-05 -6.111365 -15.895619 -3.840592 -0.0 -0.0 1e-06 -10.28346 -5.680353 -4.341863 11.028419 -11.302521 -2.372698 -1.384265 -14.238781 -6.320246 -0.625326 -26.924665 -3.827793 -4.731793 -49.807922 -2.514079 -13.708642 -7.363557 -3.720958 18.141369 -14.052889 -3.242765 5.4e-05 -18.787502 -8e-05 -0.429691 -8.456165 2.555511 1e-06 4e-06 -0.0 -15.923688 -20.094696 -5.473632 30.419565 -7.190907 1.735919 1.7e-05 -8.163011 -3.2e-05 -1.861836 -22.861816 -6.168152 -0.0 -1e-06 1e-06 -179.007812 -0.730882 -14.394834 15.246728 -0.033777 0.116258 -78.36647 7.244964 -0.554556 -4.588375 1.569871 2.174419 -1.000001 -0.0 -0.0 -2.209893 -8.511262 -22.87327 19.969315 0.082932 0.083112 -78.44426 11.895489 0.367009 -4.714025 0.606507 1.666825 -1.000005 -1e-06 0.0 
0.0 0.0 0.0 0.0 -0.0 0.0 0.696421 99.592812 1.559105 91.527206 6.53238 89.040581 -4.729569 -1.017382 0.175336 -12.47969 -0.339477 -0.376963 17.851494 0.719785 -2.643394 16.927631 -4.071392 2.38948 -2.502578 -0.480496 -0.78353 -33.224258 1.452378 -4.623223 6e-06 0.0 -0.0 0.088923 0.007829 -0.006139 0.264958 -0.083247 -0.000585 0.261892 0.095173 -0.00473 -138.187485 -71.81839 152.074585 42.199078 -45.261738 -20.078999 41.494587 -0.503207 0.586228 -22.041485 9.666662 -6.181901 17.636658 -26.322784 52.411377 -19.466808 -14.395721 29.41058 5e-06 -8.774905 5e-06 15.909196 -18.248417 6.168104 -0.609776 -1.795663 -3.889344 -4.807132 -11.046871 -2.937868 3e-06 -20.97616 -2.8e-05 -5.020009 -25.0338 -4.031972 6e-06 1e-06 -0.0 -10.634592 -5.687001 -3.565588 10.573349 -17.923035 -3.113944 4e-06 -13.821299 -1.5e-05 -0.501759 -31.181829 -4.027105 -11.030471 -58.622375 6.760437 -13.982798 -7.150239 -2.875036 13.772829 -8.401521 -3.218282 0.347743 -34.211788 0.77162 -0.963031 -17.733526 2.621031 -4e-06 1e-06 -4e-06 -17.346542 -20.095325 -4.201777 21.757734 -1.638369 3.866434 -1e-06 -6.338861 -5e-06 -1.697607 -22.591953 -6.194104 -0.0 -3e-06 -3e-06 75.025726 -81.291328 116.203636 48.124367 -52.594105 -20.626348 36.181259 -0.24499 0.486118 -11.617538 3.545089 -22.797813 22.182268 -20.375956 49.933537 -16.702028 -16.743694 28.476759 -1.1e-05 -12.690777 -2e-06 15.640297 -17.519085 3.110477 -0.105916 -1.51387 -4.275905 -5.039094 -5.612922 -2.953576 1.7e-05 -11.020655 -1.4e-05 -6.111377 -15.895589 -3.840537 -0.0 2e-06 1e-06 -10.28345 -5.680327 -4.341853 11.028416 -11.302505 -2.372669 -1.384278 -14.238752 -6.320198 -0.625394 -26.924635 -3.827692 -4.763451 -49.867725 -2.494805 -13.708632 -7.363528 -3.720947 18.141356 -14.052868 -3.242726 3.2e-05 -18.787493 -2.7e-05 -0.429697 -8.456172 2.55553 -0.0 3e-06 1e-06 -15.923668 -20.094627 -5.473605 30.419538 -7.190905 1.735932 1.3e-05 -8.163015 -1.4e-05 -1.861887 -22.861832 -6.168077 -0.0 -3e-06 -1e-06 -178.993286 -0.809998 -14.343025 15.241944 -0.035357 0.124663 -78.415428 7.257248 -0.598051 -4.589133 1.573083 2.170817 -1.000001 -0.0 -0.0 -2.078588 -8.380733 -22.878435 19.754124 0.082086 0.082783 -78.410027 11.782262 0.353836 -4.739324 0.626739 1.67036 -1.000008 -0.0 -0.0 
0.0 0.0 0.0 0.0 -0.0 0.0 0.677347 99.617691 1.635917 91.458099 6.485819 89.133163 -4.776287 -1.003914 0.17115 -12.515018 -0.335617 -0.372652 17.904242 0.732261 -2.619924 16.907978 -4.051922 2.417744 -2.515735 -0.494451 -0.832458 -33.094158 1.482306 -4.615573 6e-06 -0.0 -0.0 0.083001 0.007682 -0.00465 0.258906 -0.076283 0.001957 0.252295 0.088372 -0.004112 -138.178986 -71.651581 152.003998 41.975819 -45.209003 -19.851013 41.646233 -0.560798 0.594231 -21.95031 9.645095 -5.89608 17.63673 -26.322924 52.411613 -19.466915 -14.395744 29.410748 4e-06 -8.774945 2e-06 15.957949 -18.268486 6.139586 -0.60978 -1.795671 -3.889357 -4.80715 -11.046947 -2.937886 -5e-06 -20.976357 -2.7e-05 -5.020057 -25.034105 -4.032 6e-06 -3e-06 0.0 -10.634624 -5.687029 -3.565608 10.57339 -17.923153 -3.113963 -1e-06 -13.82142 -1.9e-05 -0.501747 -31.182194 -4.02717 -11.002788 -58.663799 6.729774 -13.982837 -7.150271 -2.875053 13.772878 -8.401575 -3.218292 0.347737 -34.212135 0.771617 -0.963043 -17.733725 2.621045 -4e-06 0.0 0.0 -17.346586 -20.095415 -4.201803 21.757803 -1.638373 3.866462 -0.0 -6.338919 -8e-06 -1.6976 -22.59223 -6.194183 -3e-06 -3e-06 -4e-06 73.797043 -81.194756 117.501358 48.048927 -52.4505 -20.443853 36.134304 -0.183025 0.504249 -11.568853 3.391523 -22.849623 22.182285 -20.376087 49.933731 -16.70203 -16.743748 28.476883 -8e-06 -12.690787 1.2e-05 15.650359 -17.536709 3.08992 -0.105918 -1.513869 -4.275918 -5.039096 -5.612929 -2.953586 1e-05 -11.020676 -5e-06 -6.111389 -15.895617 -3.840542 1e-06 -0.0 1e-06 -10.283463 -5.680334 -4.341866 11.028431 -11.302518 -2.372673 -1.38428 -14.23877 -6.320215 -0.625418 -26.924673 -3.827685 -4.778396 -49.899101 -2.528975 -13.708647 -7.363536 -3.720959 18.141376 -14.052886 -3.242733 9e-06 -18.78754 -0.0 -0.429722 -8.456201 2.555552 1e-06 5e-06 -1e-06 -15.923686 -20.094646 -5.473619 30.419569 -7.190897 1.735919 1e-06 -8.163036 1e-06 -1.86193 -22.861885 -6.168049 0.0 -5e-06 0.0 -178.953751 -0.89094 -14.297643 15.141456 -0.0363 0.129976 -78.398254 7.289986 -0.631678 -4.568177 1.5617 2.166868 -1.000003 -0.0 0.0 -1.931255 -8.222011 -22.873865 19.475422 0.077389 0.076882 -78.343422 11.614621 0.328092 -4.739315 0.643174 1.671257 -1.000008 -0.0 0.0 
0.0 0.0 0.0 0.0 -0.0 0.0 0.644445 99.645447 1.707214 91.396721 6.447442 89.272301 -4.791229 -0.989477 0.164808 -12.540959 -0.328887 -0.362469 17.931667 0.721646 -2.57801 16.859339 -4.036947 2.464103 -2.530533 -0.51681 -0.897064 -33.021286 1.510725 -4.630743 7e-06 -0.0 -0.0 0.077052 0.007902 -0.001761 0.253698 -0.068645 0.005445 0.24585 0.081452 -0.001882 -138.251282 -71.501595 152.002914 41.769375 -45.125698 -19.719772 41.815285 -0.646819 0.579922 -21.82523 9.724253 -5.762865 17.636787 -26.322958 52.411633 -19.466894 -14.395766 29.410706 -0.0 -8.774952 -4e-06 15.98821 -18.287369 6.102437 -0.609782 -1.79567 -3.88936 -4.807149 -11.046926 -2.93788 1.2e-05 -20.976299 -6e-06 -5.020042 -25.033983 -4.031968 6e-06 -1e-06 -0.0 -10.634638 -5.687023 -3.565609 10.573408 -17.923132 -3.113943 4e-06 -13.821388 1e-06 -0.501779 -31.182072 -4.027091 -10.976722 -58.6717 6.671411 -13.982852 -7.150263 -2.875056 13.772898 -8.401577 -3.218283 0.347749 -34.212074 0.771665 -0.963046 -17.73369 2.621078 -4e-06 -1e-06 1e-06 -17.346603 -20.095396 -4.201805 21.757818 -1.638395 3.866472 3e-06 -6.338904 2e-06 -1.697611 -22.592131 -6.194118 -0.0 -3e-06 -3e-06 73.075447 -81.160774 118.236 47.944962 -52.39101 -20.338732 36.136562 -0.114447 0.534031 -11.465202 3.31052 -23.083376 22.182318 -20.376076 49.933704 -16.702034 -16.74375 28.476841 3e-06 -12.6908 5e-06 15.657922 -17.537617 3.054638 -0.105916 -1.513869 -4.275917 -5.039105 -5.61294 -2.953579 1e-06 -11.02069 0.0 -6.111416 -15.895643 -3.840526 -0.0 1e-06 1e-06 -10.283476 -5.680344 -4.341864 11.028427 -11.302526 -2.372668 -1.384301 -14.238789 -6.320202 -0.625453 -26.924709 -3.827678 -4.766182 -49.918873 -2.588238 -13.708669 -7.363549 -3.720954 18.141382 -14.052892 -3.242723 -4e-06 -18.787561 -1e-06 -0.429722 -8.456208 2.555547 2e-06 3e-06 0.0 -15.923722 -20.094687 -5.473606 30.4196 -7.190894 1.735935 0.0 -8.163043 -5e-06 -1.861939 -22.861921 -6.168067 -0.0 -3e-06 2e-06 -178.894943 -0.975041 -14.260876 15.001903 -0.035879 0.134109 -78.349892 7.365188 -0.643141 -4.547494 1.548599 2.165035 -1.000003 -0.0 0.0 -1.759822 -8.0512 -22.854033 19.172081 0.073208 0.072276 -78.272026 11.414612 0.29543 -4.722906 0.64974 1.669607 -1.000005 -0.0 -0.0 
0.0 0.0 0.0 0.0 -0.0 0.0 0.602126 99.675301 1.784324 91.340477 6.412494 89.443657 -4.79472 -0.96845 0.158063 -12.550557 -0.316341 -0.336726 17.941019 0.686273 -2.545536 16.799114 -4.031401 2.498406 -2.541131 -0.536899 -0.928275 -32.997059 1.545109 -4.685017 5e-06 -0.0 -0.0 0.071844 0.007826 -0.000242 0.248354 -0.063603 0.006637 0.243967 0.076124 -0.000327 -138.401733 -71.365143 152.139069 41.619629 -44.972919 -19.68796 41.970287 -0.721957 0.568718 -21.716734 9.854795 -5.733123 17.636663 -26.322863 52.411541 -19.466894 -14.395771 29.410702 8e-06 -8.774941 1.3e-05 15.987748 -18.302979 6.081068 -0.609779 -1.79567 -3.889356 -4.807146 -11.046922 -2.937879 -8e-06 -20.976274 -3.5e-05 -5.02004 -25.033989 -4.031997 5e-06 -0.0 1e-06 -10.634618 -5.687028 -3.565596 10.573378 -17.923103 -3.113968 -3e-06 -13.821372 -2.4e-05 -0.501761 -31.182043 -4.027159 -10.972525 -58.649086 6.653146 -13.982831 -7.150266 -2.875039 13.772869 -8.401548 -3.218301 0.347726 -34.211998 0.771601 -0.963041 -17.733643 2.62102 -3e-06 -1e-06 -0.0 -17.34659 -20.09539 -4.201781 21.757799 -1.638361 3.866435 -6e-06 -6.338896 -7e-06 -1.697622 -22.592117 -6.194155 -0.0 -2e-06 -3e-06 72.731888 -81.173363 118.552605 47.81461 -52.360935 -20.255758 36.152363 -0.071531 0.552326 -11.333194 3.259877 -23.364799 22.182274 -20.375994 49.933746 -16.702066 -16.743731 28.4769 -0.0 -12.6908 8e-06 15.671876 -17.538105 3.023199 -0.10592 -1.513874 -4.275919 -5.039103 -5.612939 -2.953593 5e-06 -11.020678 -2.5e-05 -6.1114 -15.895637 -3.840581 -0.0 -1e-06 -0.0 -10.283474 -5.68035 -4.341869 11.028432 -11.302515 -2.372689 -1.384284 -14.238782 -6.320244 -0.625388 -26.924686 -3.82776 -4.75411 -49.942375 -2.618739 -13.708664 -7.363554 -3.720963 18.141378 -14.052877 -3.242751 1.6e-05 -18.787521 -4e-05 -0.429714 -8.456183 2.555533 3e-06 2e-06 1e-06 -15.923716 -20.094687 -5.473632 30.419603 -7.190886 1.735926 4e-06 -8.163027 -1.3e-05 -1.861905 -22.861876 -6.168116 1e-06 -3e-06 2e-06 -178.817169 -1.060611 -14.227242 14.831232 -0.034504 0.136208 -78.284439 7.48103 -0.639916 -4.532397 1.539601 2.164951 -1.000006 0.0 0.0 -1.565785 -7.872116 -22.81885 18.847984 0.072909 0.060932 -78.20118 11.206132 0.278002 -4.714818 0.649122 1.665945 -1.00001 1e-06 0.0 
0.0 0.0 0.0 0.0 -0.0 0.0 0.560617 99.696777 1.871349 91.294601 6.388697 89.641373 -4.783307 -0.941742 0.151774 -12.547181 -0.302723 -0.293029 17.938156 0.62497 -2.530472 16.728689 -4.020621 2.51365 -2.54871 -0.556532 -0.930588 -33.010147 1.587292 -4.767115 6e-06 -0.0 0.0 0.068281 0.004658 -0.006791 0.240873 -0.063177 1.6e-05 0.239407 0.069108 -0.007679 -138.583878 -71.255585 152.354599 41.53669 -44.778172 -19.650227 42.087856 -0.732765 0.559025 -21.644211 9.933525 -5.744522 17.636782 -26.322985 52.411762 -19.467081 -14.395876 29.410883 9e-06 -8.77503 1e-05 15.999324 -18.300068 6.062118 -0.60978 -1.795683 -3.889373 -4.807192 -11.047017 -2.937895 -8e-06 -20.976486 -4.3e-05 -5.020112 -25.034275 -4.03204 5e-06 2e-06 1e-06 -10.634695 -5.68707 -3.565605 10.573479 -17.923256 -3.114008 -3e-06 -13.821505 -3.2e-05 -0.501755 -31.182402 -4.027224 -10.979527 -58.631424 6.670429 -13.982929 -7.150321 -2.875041 13.772998 -8.401618 -3.218334 0.347748 -34.212372 0.771577 -0.963031 -17.733843 2.621033 -3e-06 -0.0 -2e-06 -17.346729 -20.095543 -4.201784 21.757988 -1.638372 3.866462 -7e-06 -6.338955 -1.5e-05 -1.697631 -22.592379 -6.194239 0.0 -3e-06 -2e-06 72.620987 -81.202858 118.597862 47.612869 -52.349148 -20.123705 36.185856 -0.062733 0.553104 -11.177834 3.209198 -23.580481 22.18239 -20.376032 49.933876 -16.702194 -16.743803 28.477011 -1e-05 -12.69087 2e-06 15.704044 -17.560518 3.01333 -0.105918 -1.513884 -4.275934 -5.039127 -5.612969 -2.953605 1.3e-05 -11.020743 -3.5e-05 -6.111419 -15.895742 -3.840605 1e-06 3e-06 1e-06 -10.28352 -5.680379 -4.341881 11.028496 -11.302584 -2.372709 -1.384279 -14.238876 -6.320283 -0.625356 -26.924894 -3.827799 -4.759786 -49.963257 -2.619718 -13.708727 -7.363589 -3.720969 18.141493 -14.052962 -3.242781 3.8e-05 -18.787638 -6.1e-05 -0.429703 -8.456237 2.555539 3e-06 0.0 0.0 -15.923787 -20.094782 -5.473649 30.419762 -7.190943 1.735929 1.2e-05 -8.163069 -2.2e-05 -1.861878 -22.862011 -6.168171 -2e-06 -1e-06 -0.0 -178.754593 -1.141367 -14.160764 14.722663 -0.032021 0.134008 -78.254837 7.59225 -0.628605 -4.498936 1.537329 2.166411 -1.000005 0.0 -0.0 -1.305838 -7.679918 -22.800888 18.588575 0.076193 0.04208 -78.2575 10.997283 0.278241 -4.694511 0.641196 1.660986 -1.000008 -0.0 0.0 
0.0 0.0 0.0 0.0 -0.0 0.0 0.519288 99.708618 1.948341 91.268036 6.39133 89.866631 -4.757113 -0.92358 0.146117 -12.533875 -0.295612 -0.248002 17.936312 0.542559 -2.522183 16.634132 -3.998537 2.506373 -2.562013 -0.563115 -0.916043 -32.998676 1.631371 -4.815848 5e-06 0.0 0.0 0.063068 0.001066 -0.014737 0.223884 -0.065499 -0.009059 0.224405 0.064002 -0.015695 -138.706726 -71.184433 152.537231 41.541901 -44.587563 -19.595325 42.135803 -0.686195 0.556443 -21.598061 9.969661 -5.814647 17.636805 -26.323122 52.411884 -19.467072 -14.395835 29.410915 -2e-06 -8.775003 8e-06 16.021326 -18.284817 6.055322 -0.60978 -1.795685 -3.889379 -4.807168 -11.047022 -2.937896 1e-06 -20.976522 -1e-05 -5.020097 -25.034309 -4.031976 7e-06 3e-06 1e-06 -10.634676 -5.687066 -3.565623 10.573469 -17.923304 -3.113987 -0.0 -13.821543 -6e-06 -0.50178 -31.182505 -4.027138 -11.003687 -58.643055 6.717338 -13.9829 -7.150311 -2.875062 13.772965 -8.401646 -3.218319 0.347737 -34.212467 0.771651 -0.963056 -17.733896 2.621078 -1e-06 -1e-06 -1e-06 -17.346672 -20.095545 -4.201811 21.757923 -1.638396 3.866468 4e-06 -6.33897 -5e-06 -1.697612 -22.592426 -6.194188 -3e-06 -2e-06 -4e-06 72.716644 -81.254005 118.431725 47.413319 -52.378506 -20.00931 36.182457 -0.064315 0.550312 -11.013568 3.146082 -23.728167 22.182394 -20.376108 49.933975 -16.702185 -16.743778 28.477053 3e-06 -12.690865 2e-06 15.736709 -17.580746 3.021513 -0.10592 -1.513885 -4.275939 -5.039132 -5.612987 -2.95361 0.0 -11.020781 -2.7e-05 -6.111444 -15.895811 -3.840604 2e-06 0.0 0.0 -10.283512 -5.68039 -4.341891 11.028478 -11.302605 -2.372699 -1.384296 -14.238918 -6.320287 -0.625406 -26.924982 -3.827796 -4.76799 -49.961151 -2.600763 -13.708719 -7.363605 -3.720984 18.141462 -14.052992 -3.242773 1.9e-05 -18.787697 -5.6e-05 -0.429708 -8.456267 2.555545 -0.0 0.0 -1e-06 -15.923783 -20.094828 -5.473657 30.419729 -7.190937 1.735938 7e-06 -8.163099 -2.4e-05 -1.861903 -22.862123 -6.168198 1e-06 -3e-06 -0.0 -178.701538 -1.207813 -14.066075 14.671071 -0.029139 0.131843 -78.247147 7.687472 -0.627275 -4.458907 1.536965 2.169662 -1.000001 -0.0 -0.0 -1.141369 -7.56995 -22.767906 18.413393 0.080456 0.022466 -78.254448 10.794383 0.252639 -4.678924 0.632087 1.656875 -1.000007 1e-06 -0.0 
0.0 0.0 0.0 0.0 -0.0 0.0 0.476754 99.718536 2.002184 91.253571 6.40919 90.128975 -4.721929 -0.91033 0.143584 -12.510649 -0.297457 -0.207659 17.930061 0.449231 -2.515927 16.530235 -3.974824 2.496795 -2.57488 -0.558699 -0.912324 -32.978676 1.681217 -4.825893 5e-06 -0.0 -0.0 0.057405 -0.001668 -0.021389 0.207617 -0.067197 -0.016348 0.21089 0.059956 -0.022497 -138.804245 -71.147873 152.67749 41.578194 -44.425453 -19.484961 42.162876 -0.615152 0.564699 -21.62509 9.948378 -5.988095 17.636705 -26.322931 52.411556 -19.466869 -14.39577 29.410688 3e-06 -8.774941 5e-06 16.047052 -18.269073 6.051021 -0.609779 -1.795667 -3.889355 -4.807143 -11.046915 -2.937872 -3e-06 -20.976282 -2e-06 -5.020058 -25.033976 -4.031954 8e-06 1e-06 1e-06 -10.634622 -5.687016 -3.565598 10.573392 -17.923115 -3.113946 -3e-06 -13.821378 -0.0 -0.501787 -31.182051 -4.027094 -11.012688 -58.665932 6.76637 -13.982834 -7.150258 -2.875041 13.772878 -8.401563 -3.218289 0.347726 -34.212029 0.771663 -0.963049 -17.733671 2.621064 -2e-06 -0.0 -1e-06 -17.346584 -20.095373 -4.201779 21.757799 -1.638378 3.866448 -2e-06 -6.338902 2e-06 -1.697624 -22.592127 -6.194118 -2e-06 -3e-06 -3e-06 72.995224 -81.316757 118.09565 47.230991 -52.454163 -19.894047 36.136478 -0.066598 0.549004 -10.886966 3.085725 -23.879656 22.182289 -20.375994 49.933586 -16.702047 -16.743744 28.476801 -1.3e-05 -12.690795 5e-06 15.753316 -17.595743 3.040734 -0.105913 -1.513867 -4.27591 -5.039106 -5.612923 -2.953574 1.5e-05 -11.020655 -1.1e-05 -6.111383 -15.895575 -3.840536 2e-06 2e-06 1e-06 -10.283468 -5.680333 -4.341853 11.028436 -11.30251 -2.372675 -1.384274 -14.238753 -6.320201 -0.625387 -26.924627 -3.827685 -4.771208 -49.958206 -2.57683 -13.708656 -7.363532 -3.720946 18.14139 -14.05287 -3.242737 2.7e-05 -18.787489 -2.1e-05 -0.429703 -8.456167 2.555536 -0.0 1e-06 -1e-06 -15.923705 -20.094639 -5.473599 30.4196 -7.190908 1.735922 1.3e-05 -8.163019 -9e-06 -1.861899 -22.861835 -6.168068 -0.0 -2e-06 -1e-06 -178.654068 -1.268941 -13.984749 14.624769 -0.025934 0.132805 -78.221558 7.821551 -0.621887 -4.43456 1.529812 2.170842 -1.000003 -0.0 -0.0 -0.959433 -7.468585 -22.752892 18.25543 0.083476 0.011737 -78.269539 10.569754 0.202613 -4.685588 0.626729 1.655081 -1.000007 1e-06 1e-06 
0.0 0.0 0.0 0.0 -0.0 0.0 0.423527 99.72081 2.038142 91.252563 6.422346 90.432526 -4.67929 -0.903616 0.142505 -12.488319 -0.306618 -0.173478 17.917051 0.346408 -2.514853 16.432968 -3.943828 2.50393 -2.582162 -0.550477 -0.93827 -32.991516 1.724626 -4.810278 7e-06 0.0 0.0 0.057936 -0.001831 -0.023184 0.199918 -0.06562 -0.018421 0.20836 0.057598 -0.024154 -138.910858 -71.126923 152.782639 41.604691 -44.280067 -19.320862 42.199165 -0.558484 0.574926 -21.684872 9.882141 -6.114902 17.636684 -26.322763 52.41127 -19.466745 -14.395553 29.410458 -1.3e-05 -8.774831 -1.1e-05 16.034679 -18.238291 6.053161 -0.609776 -1.79566 -3.889333 -4.807078 -11.046847 -2.937872 3.8e-05 -20.97613 -2e-05 -5.019916 -25.033739 -4.031917 6e-06 -0.0 2e-06 -10.634536 -5.686983 -3.565605 10.5733 -17.92304 -3.113919 2.8e-05 -13.821293 -1e-05 -0.501702 -31.181812 -4.027058 -11.027925 -58.669338 6.808798 -13.982712 -7.150212 -2.875063 13.772742 -8.401542 -3.218246 0.347807 -34.211777 0.771613 -0.962998 -17.733522 2.621038 -3e-06 1e-06 -3e-06 -17.346397 -20.09527 -4.201816 21.757559 -1.638401 3.866448 1.4e-05 -6.338858 -5e-06 -1.697523 -22.591936 -6.194082 -3e-06 -1e-06 -3e-06 73.29937 -81.399239 117.779892 47.071896 -52.55246 -19.828346 36.067284 -0.043324 0.567645 -10.79356 3.05084 -24.089521 22.182154 -20.376022 49.933598 -16.701942 -16.743574 28.476768 2e-06 -12.69067 1e-05 15.745212 -17.586712 3.060616 -0.105923 -1.513868 -4.275903 -5.039062 -5.612931 -2.953583 -1e-06 -11.020669 -7e-06 -6.111342 -15.895626 -3.840528 -2e-06 0.0 -1e-06 -10.283392 -5.68033 -4.341865 11.028328 -11.302505 -2.372655 -1.384271 -14.23877 -6.320197 -0.625445 -26.924675 -3.827689 -4.744483 -49.939617 -2.579317 -13.708556 -7.36353 -3.720964 18.141211 -14.052861 -3.24271 -4e-06 -18.787514 -1.9e-05 -0.429726 -8.456182 2.555529 2e-06 -3e-06 0.0 -15.923577 -20.094631 -5.473617 30.4193 -7.190855 1.735919 -2e-06 -8.163025 -1.1e-05 -1.861894 -22.861874 -6.168067 -0.0 -3e-06 -1e-06 -178.665085 -1.336994 -13.904961 14.654408 -0.022686 0.131853 -78.213203 8.004936 -0.616051 -4.408363 1.522714 2.174528 -1.0 -0.0 -0.0 -0.890594 -7.418528 -22.77935 18.178612 0.080535 0.010215 -78.244789 10.332698 0.158549 -4.694601 0.617735 1.654951 -1.000005 1e-06 0.0 
0.0 0.0 0.0 0.0 -0.0 0.0 0.352728 99.724739 2.066755 91.249718 6.424158 90.765167 -4.634304 -0.901537 0.141493 -12.472514 -0.320907 -0.14783 17.903111 0.251923 -2.520343 16.343307 -3.933894 2.517625 -2.575046 -0.551232 -0.971936 -33.043152 1.751908 -4.794385 8e-06 -0.0 0.0 0.064841 -0.001062 -0.024807 0.206516 -0.06205 -0.019124 0.219691 0.055317 -0.026158 -139.006363 -71.133324 152.850357 41.63765 -44.161053 -19.230173 42.254452 -0.562054 0.569837 -21.78322 9.829231 -6.103322 17.636732 -26.322981 52.411697 -19.466974 -14.395785 29.410799 3e-06 -8.774968 8e-06 16.016541 -18.219481 6.059151 -0.60978 -1.795678 -3.889366 -4.807158 -11.046971 -2.937887 -2e-06 -20.976406 -2.2e-05 -5.020072 -25.034163 -4.031989 7e-06 0.0 -0.0 -10.63464 -5.687044 -3.56561 10.573416 -17.923203 -3.113976 0.0 -13.82146 -1.9e-05 -0.501754 -31.182301 -4.027167 -11.048628 -58.665794 6.849339 -13.982855 -7.150289 -2.875051 13.772909 -8.401599 -3.218307 0.347733 -34.212254 0.771627 -0.963048 -17.733789 2.621052 -2e-06 -0.0 -2e-06 -17.346617 -20.095463 -4.201798 21.757854 -1.638377 3.866456 -6e-06 -6.33894 -6e-06 -1.697613 -22.59231 -6.194188 -3e-06 -3e-06 -3e-06 73.517632 -81.474564 117.562546 46.92672 -52.669949 -19.759104 35.965351 0.00212 0.60508 -10.733487 3.040599 -24.385117 22.182274 -20.376032 49.933723 -16.702047 -16.743692 28.47687 -9e-06 -12.690763 7e-06 15.72131 -17.585604 3.07992 -0.105916 -1.513873 -4.275918 -5.039095 -5.612937 -2.95359 1.1e-05 -11.020681 -1.8e-05 -6.11137 -15.89563 -3.840558 -1e-06 -1e-06 -0.0 -10.283453 -5.680345 -4.341872 11.02841 -11.302528 -2.372678 -1.384272 -14.238788 -6.320229 -0.625386 -26.924707 -3.827727 -4.719286 -49.930668 -2.599885 -13.708641 -7.363548 -3.720966 18.141346 -14.052894 -3.242741 2e-05 -18.787535 -3.2e-05 -0.429709 -8.456192 2.555538 -1e-06 2e-06 -0.0 -15.923679 -20.094679 -5.473631 30.419525 -7.190904 1.735921 1e-05 -8.16303 -1.1e-05 -1.861887 -22.861874 -6.168087 -1e-06 -3e-06 -0.0 -178.698425 -1.421315 -13.817978 14.685452 -0.020053 0.132311 -78.19281 8.242026 -0.619308 -4.397425 1.52175 2.180426 -1.000004 -0.0 0.0 -0.764284 -7.324842 -22.86557 18.09166 0.073471 0.015891 -78.285553 10.080318 0.13626 -4.697544 0.607018 1.655934 -1.00001 -1e-06 -0.0 
0.0 0.0 0.0 0.0 -0.0 0.0 0.269365 99.738434 2.103418 91.246269 6.411752 91.107872 -4.594069 -0.905893 0.144712 -12.466287 -0.334093 -0.120385 17.898071 0.169833 -2.545126 16.256353 -3.968393 2.542361 -2.55659 -0.572108 -1.0072 -33.125515 1.766701 -4.822968 8e-06 0.0 -0.0 0.07059 -0.000978 -0.027802 0.214375 -0.059466 -0.021389 0.230073 0.05288 -0.029364 -139.093719 -71.171844 152.87471 41.661797 -44.084641 -19.204075 42.310902 -0.611529 0.562905 -21.903412 9.811999 -6.020651 17.636765 -26.323004 52.411858 -19.467182 -14.395867 29.410995 -1e-06 -8.775037 1.4e-05 16.018215 -18.227064 6.054482 -0.609778 -1.79569 -3.889384 -4.807184 -11.047052 -2.937915 1.6e-05 -20.976568 -7.4e-05 -5.020074 -25.034395 -4.032076 7e-06 1e-06 1e-06 -10.634692 -5.687083 -3.565618 10.5735 -17.923328 -3.114041 1.5e-05 -13.821567 -5.1e-05 -0.501685 -31.1826 -4.027287 -11.066248 -58.669441 6.861438 -13.982924 -7.150337 -2.875054 13.773004 -8.401658 -3.218353 0.347801 -34.212543 0.771522 -0.963007 -17.733938 2.621023 -3e-06 -2e-06 2e-06 -17.346712 -20.095596 -4.20181 21.75799 -1.638384 3.86646 -1e-06 -6.338981 -2.2e-05 -1.697589 -22.592501 -6.19429 -3e-06 -1e-06 -2e-06 73.655945 -81.524696 117.392593 46.774445 -52.808483 -19.634563 35.856255 0.059498 0.646311 -10.68522 3.017408 -24.710854 22.182379 -20.376032 49.933975 -16.702232 -16.743797 28.477077 -4e-06 -12.690878 3e-06 15.706414 -17.602077 3.078897 -0.105921 -1.513889 -4.275939 -5.039136 -5.612989 -2.953613 5e-06 -11.020776 -4.1e-05 -6.111436 -15.895811 -3.840624 3e-06 2e-06 0.0 -10.28352 -5.680392 -4.341891 11.028498 -11.302605 -2.372718 -1.384286 -14.238919 -6.320302 -0.625368 -26.924984 -3.827826 -4.691312 -49.913792 -2.656707 -13.708727 -7.363609 -3.72098 18.141493 -14.052988 -3.242795 3.7e-05 -18.787685 -8.1e-05 -0.429703 -8.456258 2.555537 0.0 -2e-06 1e-06 -15.923787 -20.094833 -5.473667 30.419764 -7.190943 1.735927 1.5e-05 -8.163087 -3e-05 -1.861876 -22.862091 -6.168219 -0.0 -2e-06 0.0 -178.699051 -1.501604 -13.72201 14.620767 -0.020794 0.135739 -78.125771 8.478547 -0.616676 -4.401451 1.530025 2.186609 -1.000002 -0.0 0.0 -0.612833 -7.203862 -22.951582 17.927891 0.064582 0.022148 -78.295097 9.797549 0.117484 -4.707401 0.603177 1.657343 -1.000007 0.0 -0.0 
0.0 0.0 0.0 0.0 -0.0 0.0 0.185287 99.749115 2.154713 91.243675 6.37771 91.445496 -4.557541 -0.915645 0.15666 -12.459552 -0.354943 -0.114391 17.894938 0.108445 -2.56764 16.16609 -4.030445 2.598468 -2.54374 -0.610304 -1.067466 -33.213177 1.72838 -4.863801 3e-06 -0.0 -0.0 0.070315 -0.000711 -0.028941 0.217142 -0.05654 -0.022116 0.232477 0.050543 -0.030583 -139.167969 -71.234612 152.881577 41.734039 -44.046337 -19.278416 42.319695 -0.683152 0.560824 -22.028442 9.83575 -5.930465 17.636707 -26.322939 52.411678 -19.466936 -14.395744 29.410774 -7e-06 -8.774936 6e-06 16.033733 -18.251179 6.053853 -0.609777 -1.795668 -3.889362 -4.80713 -11.046933 -2.937893 2.3e-05 -20.976315 -2.4e-05 -5.020018 -25.034018 -4.031972 7e-06 2e-06 1e-06 -10.63461 -5.687022 -3.565617 10.5734 -17.923153 -3.11397 1.4e-05 -13.821404 -1.1e-05 -0.501735 -31.182123 -4.02712 -11.107146 -58.682938 6.894438 -13.982818 -7.15026 -2.875064 13.77287 -8.401588 -3.218299 0.347773 -34.212105 0.77163 -0.963031 -17.733707 2.621064 -4e-06 2e-06 -4e-06 -17.346548 -20.0954 -4.201825 21.757772 -1.638396 3.866451 8e-06 -6.33891 -5e-06 -1.697573 -22.592167 -6.194159 -2e-06 -4e-06 -3e-06 73.78035 -81.551178 117.223778 46.640251 -52.948784 -19.635622 35.78215 0.047864 0.667779 -10.64897 3.025991 -24.869461 22.182217 -20.375973 49.933739 -16.702011 -16.743607 28.476837 -6e-06 -12.69071 0.0 15.68135 -17.623209 3.070252 -0.105921 -1.513873 -4.275915 -5.03908 -5.612932 -2.953596 8e-06 -11.02065 -3e-05 -6.111337 -15.895585 -3.840578 -0.0 1e-06 0.0 -10.283423 -5.680346 -4.341879 11.028367 -11.302506 -2.372678 -1.38426 -14.238759 -6.320239 -0.625366 -26.924623 -3.82776 -4.664235 -49.859539 -2.728997 -13.708597 -7.363548 -3.720978 18.141277 -14.052864 -3.242738 3e-05 -18.787481 -5.4e-05 -0.429704 -8.456158 2.555523 -1e-06 -1e-06 0.0 -15.923618 -20.094673 -5.473659 30.419409 -7.19088 1.735926 7e-06 -8.163007 -1.8e-05 -1.861851 -22.861801 -6.168114 -1e-06 -4e-06 0.0 -178.731186 -1.585389 -13.623528 14.592943 -0.019763 0.141497 -78.086128 8.696242 -0.600662 -4.402266 1.52883 2.187275 -1.000002 -1e-06 0.0 -0.493867 -7.089994 -23.011545 17.800392 0.061541 0.026899 -78.330338 9.487111 0.076854 -4.701735 0.607633 1.660814 -1.000004 -0.0 -0.0 
0.0 0.0 0.0 0.0 -0.0 0.0 0.108385 99.753624 2.216862 91.241966 6.331699 91.752968 -4.531233 -0.931754 0.160146 -12.443771 -0.374165 -0.120856 17.89263 0.069634 -2.578842 16.073935 -4.117562 2.639226 -2.541775 -0.644642 -1.112913 -33.270447 1.654846 -4.890125 7e-06 0.0 0.0 0.065836 9.9e-05 -0.028019 0.215123 -0.05471 -0.020578 0.226579 0.050508 -0.03 -139.225632 -71.326454 152.876526 41.848518 -44.07198 -19.410963 42.249599 -0.727813 0.559469 -22.170187 9.834674 -5.892533 17.636665 -26.322887 52.41148 -19.466827 -14.395684 29.410635 -4e-06 -8.774893 4e-06 16.068422 -18.286415 6.049746 -0.609779 -1.795664 -3.889346 -4.807113 -11.046889 -2.937872 6e-06 -20.976227 -3e-06 -5.020012 -25.033892 -4.031925 5e-06 -1e-06 0.0 -10.634573 -5.687002 -3.565604 10.573341 -17.923088 -3.113939 5e-06 -13.821347 -2e-06 -0.501759 -31.181963 -4.027075 -11.128578 -58.712559 6.911852 -13.982769 -7.150237 -2.875053 13.772812 -8.401555 -3.218275 0.347742 -34.211952 0.771657 -0.963045 -17.733624 2.621058 -3e-06 -1e-06 0.0 -17.346485 -20.095335 -4.201799 21.757679 -1.638384 3.866439 1e-06 -6.338891 1e-06 -1.697587 -22.592079 -6.194095 -1e-06 -3e-06 -2e-06 73.95253 -81.544975 116.989952 46.59124 -53.094048 -19.759954 35.724453 0.011469 0.668312 -10.639898 3.036274 -24.876255 22.182167 -20.375999 49.933575 -16.701937 -16.743607 28.476748 -9e-06 -12.690674 1.1e-05 15.653623 -17.628954 3.069468 -0.105915 -1.513866 -4.275903 -5.039064 -5.612909 -2.953579 1.1e-05 -11.020622 -9e-06 -6.111322 -15.895524 -3.840524 -2e-06 1e-06 0.0 -10.283405 -5.680317 -4.34186 11.028344 -11.302478 -2.372657 -1.384264 -14.238701 -6.320184 -0.625407 -26.924503 -3.827663 -4.645955 -49.808636 -2.769719 -13.70857 -7.363518 -3.720957 18.14123 -14.052833 -3.24271 1.2e-05 -18.787441 -7e-06 -0.429722 -8.456142 2.555535 3e-06 -1e-06 -0.0 -15.923589 -20.094595 -5.473616 30.419344 -7.190864 1.735911 4e-06 -8.162994 -2e-06 -1.861889 -22.861748 -6.168021 1e-06 -3e-06 -0.0 -178.795197 -1.666667 -13.520825 14.625291 -0.017502 0.147532 -78.088737 8.858809 -0.578466 -4.391755 1.529083 2.18773 -1.000007 -0.0 0.0 -0.415577 -6.996861 -23.057158 17.735262 0.060952 0.02799 -78.396309 9.20643 0.032495 -4.677914 0.618118 1.665237 -1.000004 -0.0 -0.0 
0.0 0.0 0.0 0.0 -0.0 0.0 0.042105 99.755333 2.280264 91.240044 6.27392 92.016914 -4.510652 -0.950009 0.161034 -12.417771 -0.390423 -0.129019 17.882578 0.053913 -2.584083 15.982873 -4.225827 2.656924 -2.540188 -0.653831 -1.128135 -33.321751 1.564034 -4.892446 5e-06 0.0 -0.0 0.064779 -0.000261 -0.028946 0.215504 -0.054186 -0.020229 0.221846 0.049472 -0.031719 -139.273361 -71.428314 152.825485 41.951977 -44.165447 -19.46784 42.121239 -0.706143 0.552279 -22.359789 9.743555 -5.946279 17.636707 -26.322889 52.411671 -19.467007 -14.395773 29.410816 2e-06 -8.774968 1e-05 16.100193 -18.306509 6.044342 -0.609779 -1.795678 -3.889367 -4.807157 -11.046971 -2.937901 1.2e-05 -20.976379 -6.5e-05 -5.020023 -25.034126 -4.032047 6e-06 2e-06 0.0 -10.634644 -5.687048 -3.56561 10.573422 -17.923185 -3.114 7e-06 -13.821433 -4e-05 -0.5017 -31.182219 -4.027223 -11.131418 -58.73391 6.918266 -13.982861 -7.150292 -2.875053 13.772908 -8.401593 -3.218318 0.347786 -34.212189 0.771547 -0.96301 -17.733742 2.621016 -1e-06 -0.0 0.0 -17.346619 -20.095472 -4.201809 21.757849 -1.638373 3.866452 1e-06 -6.338923 -1.8e-05 -1.697582 -22.592237 -6.194222 -3e-06 -2e-06 -3e-06 74.092232 -81.514755 116.764847 46.580894 -53.241192 -19.963554 35.680367 -0.050521 0.652647 -10.667685 3.066547 -24.769321 22.182304 -20.375942 49.933777 -16.702131 -16.74371 28.476933 2e-06 -12.690806 1e-06 15.634862 -17.627272 3.078264 -0.105919 -1.513882 -4.275923 -5.039111 -5.612962 -2.953601 2e-06 -11.020715 -4.4e-05 -6.111403 -15.895708 -3.840606 -2e-06 -1e-06 -1e-06 -10.283485 -5.680372 -4.341877 11.028442 -11.302551 -2.372702 -1.384286 -14.238842 -6.320271 -0.625368 -26.924809 -3.827814 -4.640799 -49.786987 -2.774413 -13.708673 -7.36358 -3.720968 18.141401 -14.052918 -3.24277 2.5e-05 -18.787586 -7.8e-05 -0.429701 -8.45621 2.555519 3e-06 1e-06 -1e-06 -15.923727 -20.094751 -5.473648 30.419628 -7.190904 1.73593 1.1e-05 -8.163045 -3.3e-05 -1.861865 -22.86195 -6.168198 -0.0 -2e-06 -1e-06 -178.878693 -1.739711 -13.432882 14.683416 -0.016087 0.151781 -78.111397 8.984059 -0.563676 -4.375382 1.528733 2.188447 -1.000002 0.0 0.0 -0.374044 -6.922043 -23.091129 17.705671 0.062239 0.027641 -78.470901 8.960883 0.00186 -4.651083 0.630643 1.669726 -1.000005 -0.0 -0.0 
0.0 0.0 0.0 0.0 -0.0 0.0 -0.005865 99.757866 2.33426 91.228867 6.211568 92.241013 -4.493361 -0.966918 0.14952 -12.394176 -0.399324 -0.134216 17.877501 0.064929 -2.591058 15.917713 -4.327409 2.642834 -2.541921 -0.639925 -1.119764 -33.371098 1.491673 -4.851107 5e-06 0.0 0.0 0.065757 -3.5e-05 -0.029397 0.212744 -0.055948 -0.019647 0.216602 0.05172 -0.032615 -139.300461 -71.509453 152.743179 42.035347 -44.255936 -19.441145 41.968342 -0.660898 0.563654 -22.574087 9.577165 -6.073956 17.636639 -26.322744 52.411217 -19.466661 -14.395615 29.410423 -2e-06 -8.774834 -3e-06 16.099676 -18.308861 6.033276 -0.609774 -1.795648 -3.889327 -4.807089 -11.046802 -2.937853 1e-05 -20.976023 -0.0 -5.019957 -25.0336 -4.031904 5e-06 1e-06 -0.0 -10.634535 -5.686965 -3.565587 10.57328 -17.922935 -3.1139 6e-06 -13.821214 5e-06 -0.501768 -31.181576 -4.02702 -11.105107 -58.728645 6.885946 -13.982718 -7.150194 -2.875041 13.772739 -8.401488 -3.218244 0.347735 -34.211578 0.771671 -0.963034 -17.733425 2.621047 -1e-06 -2e-06 -1e-06 -17.346424 -20.0952 -4.20178 21.757572 -1.638378 3.866432 4e-06 -6.338829 5e-06 -1.69758 -22.59181 -6.19403 -1e-06 -3e-06 -3e-06 74.045387 -81.460098 116.74057 46.590023 -53.303753 -20.095901 35.65321 -0.086552 0.64517 -10.724041 3.070543 -24.64122 22.182127 -20.375881 49.93325 -16.701792 -16.74353 28.476482 -3e-06 -12.690609 -4e-06 15.619208 -17.612858 3.090894 -0.105921 -1.513853 -4.275877 -5.039041 -5.612868 -2.953551 6e-06 -11.020532 -0.0 -6.111295 -15.895367 -3.840479 1e-06 1e-06 0.0 -10.283375 -5.680282 -4.34183 11.028298 -11.302401 -2.372625 -1.384271 -14.238588 -6.320117 -0.625433 -26.924263 -3.827598 -4.645067 -49.793301 -2.762381 -13.708528 -7.36347 -3.720932 18.141151 -14.052735 -3.242665 1.1e-05 -18.787287 -1e-06 -0.429708 -8.456069 2.555508 -1e-06 -2e-06 -2e-06 -15.923547 -20.094467 -5.473569 30.419231 -7.190827 1.735937 7e-06 -8.162933 0.0 -1.861899 -22.861532 -6.167953 -0.0 -0.0 -0.0 -178.971527 -1.808496 -13.370625 14.74762 -0.015893 0.152798 -78.137756 9.073804 -0.53541 -4.373215 1.532612 2.189438 -1.000003 0.0 -1e-06 -0.34577 -6.849694 -23.116051 17.662102 0.062972 0.031914 -78.522331 8.766264 -0.022892 -4.630559 0.643344 1.673361 -1.000005 0.0 -0.0 
0.0 0.0 0.0 0.0 -0.0 0.0 -0.04276 99.757515 2.373167 91.206116 6.159539 92.40712 -4.472639 -0.980403 0.139467 -12.378632 -0.404283 -0.136799 17.893913 0.096271 -2.613934 15.890603 -4.388672 2.604651 -2.551451 -0.61787 -1.103428 -33.40041 1.438361 -4.732543 5e-06 -0.0 0.0 0.067203 0.000726 -0.030404 0.204869 -0.058488 -0.020075 0.209 0.055814 -0.033692 -139.195343 -71.586739 152.547348 42.111275 -44.348221 -19.420038 41.834805 -0.640124 0.580206 -22.752493 9.429022 -6.228323 17.636763 -26.322905 52.411644 -19.466948 -14.395667 29.410736 -5e-06 -8.77492 -5e-06 16.094055 -18.300047 6.018186 -0.609782 -1.795676 -3.88936 -4.807136 -11.046951 -2.937904 2.7e-05 -20.976345 -6.1e-05 -5.019968 -25.034065 -4.032032 5e-06 4e-06 2e-06 -10.634611 -5.687033 -3.565625 10.573387 -17.923172 -3.113975 2e-05 -13.821412 -3.5e-05 -0.501665 -31.182146 -4.0272 -11.055558 -58.705811 6.838717 -13.982819 -7.150275 -2.875074 13.772855 -8.401594 -3.218288 0.347813 -34.21212 0.771547 -0.962995 -17.733704 2.621023 -1e-06 -2e-06 0.0 -17.346546 -20.095434 -4.201837 21.757744 -1.638388 3.866474 9e-06 -6.338911 -1.6e-05 -1.697546 -22.592176 -6.194199 -2e-06 -5e-06 -2e-06 73.808128 -81.397484 116.924873 46.623718 -53.297665 -20.141598 35.643204 -0.090392 0.65988 -10.813408 3.038922 -24.512087 22.182302 -20.376091 49.933842 -16.702061 -16.743694 28.476917 1e-06 -12.690781 2e-06 15.600055 -17.602411 3.111089 -0.105922 -1.513876 -4.275924 -5.039105 -5.612955 -2.953597 1e-06 -11.020715 -1.5e-05 -6.1114 -15.895693 -3.840568 1e-06 2e-06 -0.0 -10.283463 -5.680361 -4.341884 11.028418 -11.302551 -2.372677 -1.384285 -14.238832 -6.320246 -0.625414 -26.924797 -3.827743 -4.669807 -49.814545 -2.723758 -13.708649 -7.363567 -3.720977 18.141357 -14.052922 -3.242736 1e-05 -18.787596 -2.9e-05 -0.429715 -8.456221 2.555542 -0.0 1e-06 1e-06 -15.923695 -20.094728 -5.473644 30.419548 -7.190904 1.735937 3e-06 -8.163059 -1.2e-05 -1.861903 -22.861979 -6.16812 0.0 -4e-06 0.0 -179.074387 -1.879673 -13.306198 14.848254 -0.015683 0.145891 -78.183586 9.110479 -0.494882 -4.388474 1.54073 2.190518 -1.000002 -0.0 0.0 -0.334368 -6.77945 -23.126911 17.632629 0.064377 0.037384 -78.561241 8.631517 -0.056153 -4.614869 0.652835 1.674769 -1.000003 0.0 0.0 
0.0 0.0 0.0 0.0 -0.0 0.0 -0.080132 99.754128 2.415293 91.178146 6.123572 92.512581 -4.450771 -0.990043 0.135087 -12.3702 -0.400662 -0.139558 17.931499 0.12438 -2.650161 15.912254 -4.391697 2.563215 -2.565257 -0.615284 -1.097931 -33.401089 1.421858 -4.592598 6e-06 -0.0 -0.0 0.066869 7.3e-05 -0.036084 0.195048 -0.060366 -0.025293 0.199654 0.056514 -0.039617 -139.001968 -71.653503 152.324066 42.185562 -44.40715 -19.426237 41.739742 -0.634608 0.589382 -22.864792 9.385224 -6.417768 17.636763 -26.323015 52.411732 -19.46699 -14.395704 29.410812 -4e-06 -8.774936 1e-06 16.090054 -18.286444 6.002115 -0.609781 -1.795678 -3.889368 -4.807136 -11.046991 -2.937899 9e-06 -20.976446 -2.6e-05 -5.020029 -25.034199 -4.031978 5e-06 2e-06 -0.0 -10.634618 -5.687047 -3.565627 10.5734 -17.923243 -3.113976 7e-06 -13.821485 -2.1e-05 -0.501722 -31.182354 -4.027168 -10.998579 -58.676182 6.809605 -13.982828 -7.150292 -2.875073 13.772868 -8.401628 -3.218295 0.347767 -34.212307 0.771607 -0.963032 -17.733803 2.621049 -2e-06 -2e-06 2e-06 -17.346563 -20.09549 -4.20183 21.757772 -1.638391 3.866466 1e-06 -6.338945 -9e-06 -1.69757 -22.592325 -6.194188 -2e-06 -4e-06 -2e-06 73.548752 -81.327126 117.159546 46.739765 -53.238895 -20.125422 35.622833 -0.051177 0.696767 -10.891484 3.012608 -24.437368 22.182327 -20.375996 49.933937 -16.702168 -16.743677 28.477022 3e-06 -12.690805 -3e-06 15.57485 -17.598063 3.138594 -0.105922 -1.513889 -4.275935 -5.039114 -5.612985 -2.953619 -1e-06 -11.020761 -5.2e-05 -6.111405 -15.895799 -3.840641 1e-06 -1e-06 0.0 -10.283483 -5.68039 -4.341897 11.02844 -11.302588 -2.372709 -1.384277 -14.238906 -6.320312 -0.625347 -26.924948 -3.827873 -4.704551 -49.834805 -2.679835 -13.708674 -7.363605 -3.720992 18.141392 -14.052964 -3.242778 3.6e-05 -18.787655 -9.7e-05 -0.429701 -8.45624 2.555521 4e-06 2e-06 -1e-06 -15.923724 -20.094816 -5.473682 30.419603 -7.190919 1.735938 9e-06 -8.163072 -3.8e-05 -1.861841 -22.862045 -6.168246 1e-06 -1e-06 1e-06 -179.157364 -1.950135 -13.242599 14.961729 -0.02011 0.139766 -78.250145 9.097679 -0.472585 -4.40605 1.548136 2.192317 -1.000004 0.0 0.0 -0.326582 -6.707917 -23.105255 17.625137 0.064345 0.03666 -78.60717 8.530508 -0.104757 -4.605558 0.658113 1.673915 -1.000007 1e-06 0.0 
0.0 0.0 0.0 0.0 -0.0 0.0 -0.125062 99.74971 2.46738 91.157997 6.101701 92.567673 -4.426328 -0.999714 0.132502 -12.364859 -0.397384 -0.15235 17.967041 0.150352 -2.684362 15.994196 -4.34506 2.534113 -2.572474 -0.627828 -1.088415 -33.399624 1.43445 -4.475136 6e-06 0.0 0.0 0.067975 -4.9e-05 -0.0391 0.190998 -0.059806 -0.028233 0.194605 0.055919 -0.042934 -138.771698 -71.697784 152.116684 42.270252 -44.433857 -19.467369 41.6483 -0.626462 0.59556 -22.939102 9.383429 -6.691792 17.636755 -26.323021 52.4118 -19.467098 -14.395905 29.410925 9e-06 -8.775034 1.9e-05 16.081139 -18.267172 5.985776 -0.609774 -1.795683 -3.88938 -4.807196 -11.047023 -2.937891 -1.3e-05 -20.976496 -3.8e-05 -5.020125 -25.034285 -4.032029 5e-06 -0.0 1e-06 -10.634694 -5.687073 -3.565604 10.573483 -17.923267 -3.114015 -7e-06 -13.821514 -3e-05 -0.501763 -31.182451 -4.027223 -10.954453 -58.636452 6.803524 -13.98293 -7.150321 -2.875037 13.772999 -8.401622 -3.218346 0.347741 -34.212399 0.77158 -0.96304 -17.733854 2.621033 -2e-06 0.0 -1e-06 -17.346725 -20.095552 -4.20178 21.757996 -1.638369 3.866445 -8e-06 -6.33896 -1.4e-05 -1.69764 -22.5924 -6.194233 -4e-06 -2e-06 -3e-06 73.337425 -81.26133 117.368523 46.921616 -53.153576 -20.131044 35.545013 -0.009548 0.726872 -10.899512 3.021515 -24.3657 22.182438 -20.376106 49.933994 -16.702259 -16.743931 28.477123 3e-06 -12.690974 1.1e-05 15.560658 -17.60824 3.151435 -0.105918 -1.513884 -4.275942 -5.039159 -5.612991 -2.953606 1e-06 -11.020796 -2.3e-05 -6.111513 -15.89584 -3.840606 2e-06 -1e-06 -0.0 -10.28356 -5.680392 -4.341881 11.028555 -11.302613 -2.372719 -1.384306 -14.238941 -6.320298 -0.625409 -26.925053 -3.827803 -4.728503 -49.839527 -2.672646 -13.708778 -7.363605 -3.720965 18.141588 -14.052992 -3.242796 1.3e-05 -18.787727 -4.5e-05 -0.429715 -8.456285 2.555559 -0.0 -0.0 -1e-06 -15.923862 -20.09483 -5.473638 30.419952 -7.190951 1.735929 3e-06 -8.163115 -1.9e-05 -1.861944 -22.862188 -6.168214 1e-06 -5e-06 1e-06 -179.197632 -2.006863 -13.163909 15.044262 -0.024659 0.134765 -78.317802 9.032119 -0.488409 -4.412826 1.552425 2.193639 -1.000005 0.0 0.0 -0.317593 -6.645174 -23.065306 17.640913 0.061861 0.029803 -78.666382 8.440285 -0.139243 -4.589695 0.653523 1.669745 -1.000005 1e-06 -0.0 
0.0 0.0 0.0 0.0 -0.0 0.0 -0.166285 99.745262 2.531295 91.14183 6.088493 92.58828 -4.402738 -1.010152 0.128295 -12.360693 -0.400927 -0.174123 17.993341 0.177498 -2.717044 16.12114 -4.258815 2.511764 -2.575678 -0.641272 -1.044381 -33.407578 1.453319 -4.38838 7e-06 -0.0 0.0 0.070799 -0.000369 -0.042055 0.187296 -0.05989 -0.031833 0.187334 0.055818 -0.045848 -138.503036 -71.750633 151.853119 42.340382 -44.474239 -19.549223 41.527084 -0.637837 0.614397 -23.019085 9.357313 -7.115988 17.63673 -26.322842 52.411572 -19.467009 -14.395742 29.410761 3e-06 -8.774961 2e-06 16.074255 -18.235487 5.966694 -0.609778 -1.795682 -3.889363 -4.807157 -11.046984 -2.937901 1.2e-05 -20.97641 -6.8e-05 -5.020025 -25.034176 -4.032043 7e-06 1e-06 0.0 -10.634647 -5.687055 -3.565607 10.573421 -17.92321 -3.114003 1.3e-05 -13.821455 -4.8e-05 -0.501684 -31.18228 -4.027242 -10.919847 -58.58881 6.808805 -13.982859 -7.150299 -2.87505 13.77291 -8.401603 -3.218315 0.347794 -34.212231 0.77153 -0.963002 -17.733765 2.621009 -2e-06 3e-06 -1e-06 -17.346624 -20.09549 -4.201803 21.757845 -1.638373 3.866457 -1e-06 -6.338928 -2e-05 -1.697584 -22.592262 -6.194222 -2e-06 -4e-06 -3e-06 73.193451 -81.202637 117.510918 47.191895 -53.071804 -20.243559 35.377098 -0.01128 0.735681 -10.848122 3.071134 -24.367783 22.182287 -20.375929 49.933796 -16.702135 -16.743692 28.476942 3e-06 -12.6908 3e-06 15.576648 -17.627954 3.141629 -0.10592 -1.513884 -4.275925 -5.039111 -5.612969 -2.953604 -2e-06 -11.020723 -4.6e-05 -6.111396 -15.895732 -3.840616 -2e-06 -1e-06 -0.0 -10.283483 -5.680377 -4.341879 11.028435 -11.302553 -2.372706 -1.384283 -14.238853 -6.32028 -0.625362 -26.924837 -3.827835 -4.739969 -49.823891 -2.684284 -13.708673 -7.363589 -3.720972 18.141388 -14.052925 -3.242776 3.2e-05 -18.787594 -8.7e-05 -0.429706 -8.456211 2.555517 -1e-06 1e-06 -1e-06 -15.923718 -20.094765 -5.473655 30.419603 -7.190901 1.735927 6e-06 -8.163051 -3.5e-05 -1.861857 -22.861975 -6.168214 2e-06 -0.0 -0.0 -179.20285 -2.05462 -13.10756 15.101306 -0.026933 0.138402 -78.386841 8.93457 -0.511108 -4.394179 1.552959 2.196768 -1.000006 0.0 -0.0 -0.22135 -6.596687 -23.024662 17.66049 0.060565 0.015133 -78.789192 8.400068 -0.205125 -4.553458 0.647048 1.66624 -1.000008 1e-06 0.0 
0.0 0.0 0.0 0.0 -0.0 0.0 -0.191927 99.739105 2.591908 91.127785 6.087942 92.559845 -4.373464 -1.021477 0.123337 -12.351274 -0.411343 -0.202347 18.005426 0.212628 -2.733143 16.274464 -4.166468 2.506413 -2.583157 -0.644626 -0.999628 -33.39127 1.493486 -4.295263 5e-06 -0.0 0.0 0.071076 -0.00223 -0.047038 0.175922 -0.062894 -0.039957 0.173456 0.055493 -0.048435 -138.292801 -71.814667 151.601562 42.339603 -44.51123 -19.581078 41.366482 -0.674129 0.6469 -23.114555 9.308887 -7.684997 17.636698 -26.322914 52.411633 -19.466946 -14.395821 29.410769 8e-06 -8.774974 1.2e-05 16.055414 -18.225775 5.961999 -0.609775 -1.795673 -3.889363 -4.807161 -11.046943 -2.93788 -3e-06 -20.976322 -3.1e-05 -5.020068 -25.034042 -4.031997 7e-06 1e-06 1e-06 -10.634644 -5.687036 -3.565598 10.573418 -17.92314 -3.113978 -5e-06 -13.821401 -1.7e-05 -0.501772 -31.182112 -4.027155 -10.90944 -58.554008 6.825846 -13.982861 -7.150275 -2.875038 13.772913 -8.401568 -3.218313 0.347732 -34.212082 0.771615 -0.963043 -17.733688 2.621037 -2e-06 2e-06 -0.0 -17.346636 -20.095428 -4.201783 21.757866 -1.638369 3.86644 -6e-06 -6.338909 -6e-06 -1.697629 -22.592165 -6.19416 -1e-06 -3e-06 -3e-06 73.010948 -81.151581 117.666428 47.481857 -53.000854 -20.356157 35.168808 -0.048699 0.717949 -10.790834 3.110551 -24.489985 22.182291 -20.375946 49.933708 -16.702063 -16.743704 28.476852 -1e-06 -12.690785 -1e-06 15.613478 -17.654514 3.106069 -0.105916 -1.513874 -4.275917 -5.039105 -5.612936 -2.953592 4e-06 -11.020658 -3.1e-05 -6.111386 -15.8956 -3.84058 -1e-06 -0.0 -0.0 -10.283474 -5.680353 -4.341869 11.028427 -11.302508 -2.372686 -1.384284 -14.238765 -6.320239 -0.625374 -26.924625 -3.827763 -4.725765 -49.78186 -2.723805 -13.708661 -7.363556 -3.720964 18.141375 -14.052867 -3.242748 2.6e-05 -18.787497 -5.2e-05 -0.429704 -8.456166 2.555527 1e-06 -3e-06 1e-06 -15.92371 -20.094688 -5.473639 30.419586 -7.190889 1.735936 8e-06 -8.163013 -1.9e-05 -1.861885 -22.861834 -6.168128 -2e-06 -2e-06 -1e-06 -179.186462 -2.092815 -13.107586 15.155763 -0.026307 0.146459 -78.459503 8.852294 -0.501771 -4.381108 1.542036 2.198241 -1.000003 0.0 -0.0 -0.213121 -6.582909 -22.971312 17.69578 0.060638 0.001526 -78.834541 8.39849 -0.265503 -4.522223 0.641725 1.664541 -1.000007 -0.0 -0.0 
0.0 0.0 0.0 0.0 -0.0 0.0 -0.203723 99.735016 2.628883 91.107697 6.093683 92.481186 -4.349139 -1.025559 0.120924 -12.336808 -0.42328 -0.219634 18.01825 0.253219 -2.75321 16.432024 -4.086912 2.481057 -2.59204 -0.637387 -0.936112 -33.339199 1.560966 -4.206209 8e-06 0.0 0.0 0.072071 -0.004218 -0.051835 0.166554 -0.063032 -0.045895 0.164065 0.051774 -0.052954 -138.125397 -71.885109 151.382812 42.286968 -44.519718 -19.506519 41.207458 -0.675347 0.674439 -23.234554 9.230479 -8.207264 17.636757 -26.323034 52.411751 -19.466974 -14.395855 29.410835 6e-06 -8.775001 1e-05 16.063559 -18.239824 5.972668 -0.609779 -1.795675 -3.889369 -4.807168 -11.046968 -2.937882 -8e-06 -20.976398 -8e-06 -5.020103 -25.034147 -4.031986 6e-06 -1e-06 -0.0 -10.634663 -5.68704 -3.565606 10.573447 -17.923191 -3.113969 -7e-06 -13.821455 -3e-06 -0.501803 -31.182276 -4.027132 -10.919499 -58.560432 6.871675 -13.982891 -7.150287 -2.875046 13.77295 -8.401593 -3.218311 0.347716 -34.212246 0.771662 -0.963064 -17.733791 2.621072 -0.0 1e-06 -0.0 -17.346657 -20.095455 -4.201787 21.757914 -1.638381 3.866457 -5e-06 -6.338937 -0.0 -1.697644 -22.592293 -6.194163 0.0 -4e-06 -3e-06 72.754768 -81.093727 117.899872 47.800034 -52.923176 -20.401091 34.95208 -0.052283 0.685893 -10.710235 3.099098 -24.597801 22.182394 -20.376085 49.933884 -16.702158 -16.743826 28.476997 3e-06 -12.690896 -1e-06 15.635521 -17.680294 3.096828 -0.105919 -1.513878 -4.275931 -5.039136 -5.612969 -2.953599 1e-06 -11.020748 -1.8e-05 -6.111466 -15.895761 -3.840592 2e-06 -0.0 -0.0 -10.283519 -5.680373 -4.341878 11.028499 -11.302578 -2.372694 -1.384302 -14.238883 -6.320268 -0.625413 -26.924927 -3.827764 -4.715775 -49.740772 -2.739055 -13.708726 -7.363583 -3.720967 18.141489 -14.052953 -3.24276 1.5e-05 -18.787655 -3.8e-05 -0.429708 -8.456252 2.55555 -1e-06 -1e-06 -1e-06 -15.923798 -20.094767 -5.473635 30.419777 -7.190929 1.735947 5e-06 -8.163083 -1.6e-05 -1.861931 -22.862082 -6.168168 1e-06 -3e-06 1e-06 -179.164078 -2.124261 -13.146226 15.194012 -0.027755 0.152481 -78.515533 8.784006 -0.510819 -4.362597 1.526132 2.196852 -1.000005 -0.0 0.0 -0.276972 -6.534678 -22.937145 17.712418 0.056898 -0.002599 -78.816002 8.41713 -0.249191 -4.506484 0.637211 1.664074 -1.000004 -0.0 -0.0 
0.0 0.0 0.0 0.0 -0.0 0.0 -0.202882 99.741203 2.6373 91.081039 6.102972 92.351097 -4.329178 -1.018755 0.126554 -12.331903 -0.439165 -0.228791 18.044872 0.300665 -2.774225 16.602852 -4.021743 2.456136 -2.598942 -0.617729 -0.8742 -33.285938 1.631619 -4.127595 7e-06 0.0 -0.0 0.07347 -0.006039 -0.054755 0.154999 -0.062513 -0.049107 0.15317 0.047636 -0.056182 -137.926025 -71.936356 151.165085 42.237263 -44.471813 -19.365055 41.054314 -0.627918 0.676281 -23.337709 9.166837 -8.663799 17.636694 -26.322821 52.411541 -19.466908 -14.395679 29.410702 -0.0 -8.774918 -1e-06 16.076681 -18.254696 5.99427 -0.609783 -1.795672 -3.889354 -4.807133 -11.046926 -2.937895 1.6e-05 -20.976297 -5.6e-05 -5.019988 -25.034014 -4.032024 7e-06 2e-06 0.0 -10.634599 -5.687025 -3.565613 10.573368 -17.923124 -3.113974 1e-05 -13.821386 -3.6e-05 -0.501684 -31.182098 -4.027208 -10.946401 -58.590839 6.929844 -13.9828 -7.150263 -2.875062 13.772838 -8.401569 -3.21829 0.347786 -34.212032 0.771562 -0.96301 -17.733669 2.621025 -4e-06 2e-06 -2e-06 -17.346533 -20.095396 -4.20182 21.757738 -1.638377 3.866459 0.0 -6.338902 -1.3e-05 -1.69757 -22.592148 -6.19419 -2e-06 -4e-06 -2e-06 72.210602 -81.031898 118.440865 48.104252 -52.80529 -20.410887 34.765484 -0.052207 0.656496 -10.630828 3.066206 -24.617994 22.182196 -20.375967 49.933567 -16.701962 -16.743614 28.476744 -7e-06 -12.690703 2e-06 15.639077 -17.683975 3.103483 -0.105916 -1.513866 -4.275903 -5.039072 -5.612914 -2.953578 6e-06 -11.020632 -1.1e-05 -6.111344 -15.895548 -3.840528 0.0 -0.0 -0.0 -10.283415 -5.680321 -4.34186 11.02836 -11.302484 -2.372662 -1.384263 -14.238721 -6.320197 -0.625393 -26.924562 -3.827697 -4.709413 -49.714275 -2.726995 -13.708587 -7.36352 -3.720958 18.141262 -14.052842 -3.242716 2.3e-05 -18.787457 -2.5e-05 -0.429709 -8.456154 2.555527 0.0 -1e-06 0.0 -15.92361 -20.094597 -5.473619 30.419392 -7.190873 1.735925 8e-06 -8.162997 -9e-06 -1.861882 -22.861776 -6.16805 1e-06 -1e-06 -1e-06 -179.104996 -2.135964 -13.178378 15.137058 -0.029024 0.155703 -78.513748 8.669699 -0.558544 -4.357533 1.506194 2.194854 -1.000001 -1e-06 0.0 -0.256919 -6.494402 -22.879559 17.641802 0.052361 -0.007472 -78.770073 8.472573 -0.251565 -4.504179 0.632663 1.664969 -1.000005 -0.0 0.0 
0.0 0.0 0.0 0.0 -0.0 0.0 -0.194716 99.750694 2.637459 91.051102 6.114531 92.163589 -4.313149 -1.006143 0.135975 -12.338031 -0.458385 -0.2376 18.083639 0.362071 -2.77793 16.793282 -3.96937 2.444142 -2.594686 -0.596096 -0.826885 -33.226173 1.69293 -4.069309 6e-06 -0.0 -0.0 0.075205 -0.004371 -0.048963 0.141383 -0.058024 -0.043756 0.140323 0.046414 -0.05011 -137.706238 -71.975853 150.947113 42.175816 -44.410236 -19.25552 40.907696 -0.604408 0.643792 -23.378544 9.171613 -9.074411 17.636745 -26.323011 52.411636 -19.466858 -14.395783 29.410717 7e-06 -8.774958 1e-06 16.090837 -18.263763 5.995985 -0.609786 -1.795665 -3.889355 -4.807151 -11.046924 -2.937868 -1.7e-05 -20.97633 2.5e-05 -5.020103 -25.034056 -4.031935 7e-06 -0.0 0.0 -10.634626 -5.687015 -3.565605 10.573393 -17.923134 -3.11393 -1.1e-05 -13.821415 1.4e-05 -0.501831 -31.18218 -4.027076 -10.966407 -58.613522 6.947325 -13.982838 -7.150254 -2.875048 13.77289 -8.401564 -3.21828 0.347687 -34.21212 0.771715 -0.963082 -17.73373 2.621088 -0.0 -1e-06 1e-06 -17.346594 -20.095369 -4.201787 21.757816 -1.638379 3.866463 -5e-06 -6.338916 9e-06 -1.697644 -22.592197 -6.19411 -2e-06 -5e-06 -1e-06 71.436958 -80.9925 119.20784 48.350174 -52.667679 -20.327425 34.628849 -0.029382 0.64584 -10.584502 3.031787 -24.670334 22.182262 -20.37598 49.933559 -16.701998 -16.743752 28.476768 -1.3e-05 -12.690789 6e-06 15.637239 -17.667265 3.112783 -0.105917 -1.513862 -4.275905 -5.039093 -5.612905 -2.953573 1.3e-05 -11.020619 -1e-05 -6.111384 -15.895524 -3.840541 4e-06 -4e-06 -0.0 -10.283454 -5.680315 -4.341849 11.028428 -11.30247 -2.37267 -1.384274 -14.238697 -6.320193 -0.625381 -26.924513 -3.827676 -4.717996 -49.713882 -2.697057 -13.708642 -7.363506 -3.720943 18.14138 -14.052821 -3.242726 2.6e-05 -18.787424 -3e-06 -0.429708 -8.456142 2.555544 3e-06 -1e-06 0.0 -15.923685 -20.094568 -5.473597 30.419586 -7.190888 1.735925 9e-06 -8.162992 1e-06 -1.861916 -22.861731 -6.168033 -0.0 -3e-06 -2e-06 -179.021805 -2.13727 -13.217883 15.039851 -0.027227 0.154477 -78.49501 8.53473 -0.626033 -4.375977 1.492455 2.193672 -1.000001 -0.0 -0.0 -0.240453 -6.454234 -22.797594 17.548212 0.048932 -0.010217 -78.697929 8.576188 -0.219428 -4.506096 0.629154 1.667412 -1.000006 0.0 0.0 
0.0 0.0 0.0 0.0 -0.0 0.0 -0.183493 99.760468 2.655674 91.014389 6.13296 91.943169 -4.307052 -0.993578 0.141036 -12.346392 -0.47603 -0.259476 18.135979 0.429751 -2.76272 16.994736 -3.911406 2.446839 -2.587671 -0.577925 -0.79392 -33.142967 1.729978 -4.016249 5e-06 -0.0 0.0 0.078368 -0.001328 -0.040264 0.134471 -0.053817 -0.035254 0.133589 0.048298 -0.040671 -137.515228 -71.997124 150.761108 42.09222 -44.362389 -19.177109 40.756783 -0.595616 0.595772 -23.368631 9.223064 -9.430442 17.636723 -26.32279 52.411415 -19.466948 -14.39572 29.410658 -0.0 -8.774941 1e-06 16.105507 -18.275618 5.992711 -0.609777 -1.795676 -3.889352 -4.807138 -11.046945 -2.937886 1.8e-05 -20.976326 -5.2e-05 -5.020014 -25.034037 -4.032 5e-06 2e-06 -0.0 -10.634619 -5.687035 -3.565598 10.573397 -17.923157 -3.11398 1.1e-05 -13.821405 -3.7e-05 -0.501703 -31.182133 -4.027186 -10.971895 -58.624069 6.93611 -13.982827 -7.150276 -2.875043 13.772875 -8.401585 -3.2183 0.347797 -34.212097 0.771543 -0.962996 -17.73369 2.621007 -3e-06 -2e-06 -0.0 -17.346584 -20.095428 -4.201789 21.757792 -1.63838 3.866446 2e-06 -6.338909 -1.9e-05 -1.697573 -22.592176 -6.194186 -1e-06 -4e-06 -3e-06 70.599083 -80.945641 120.057625 48.594227 -52.504444 -20.236137 34.539959 -0.006043 0.645815 -10.550185 3.005759 -24.729792 22.182308 -20.375999 49.933846 -16.702177 -16.743773 28.477016 -0.0 -12.690857 1.2e-05 15.617851 -17.634758 3.13062 -0.105918 -1.513882 -4.275931 -5.039122 -5.612974 -2.953604 -0.0 -11.020746 -3.6e-05 -6.111426 -15.895764 -3.840607 -1e-06 -1e-06 -1e-06 -10.283496 -5.680378 -4.341877 11.028472 -11.302576 -2.372712 -1.384284 -14.238887 -6.320285 -0.625377 -26.924921 -3.827816 -4.733348 -49.729488 -2.650718 -13.708698 -7.363589 -3.720966 18.141445 -14.052945 -3.242785 2.1e-05 -18.787645 -6.7e-05 -0.429711 -8.456242 2.555533 3e-06 -3e-06 -1e-06 -15.923755 -20.094776 -5.473644 30.419706 -7.190911 1.735916 6e-06 -8.163073 -2.8e-05 -1.86189 -22.862043 -6.168198 1e-06 -3e-06 1e-06 -178.909256 -2.140668 -13.258697 14.931588 -0.023166 0.152385 -78.488594 8.392756 -0.709495 -4.388778 1.483279 2.191287 -1.000001 0.0 0.0 -0.203004 -6.408689 -22.705389 17.439707 0.048909 -0.01176 -78.625793 8.697642 -0.178096 -4.504102 0.633243 1.672525 -1.000007 0.0 -0.0 
0.0 0.0 0.0 0.0 -0.0 0.0 -0.172216 99.768356 2.691138 90.969543 6.147128 91.69548 -4.318501 -0.983711 0.143498 -12.355246 -0.485679 -0.284024 18.197746 0.501759 -2.73983 17.200689 -3.855181 2.451638 -2.575017 -0.556383 -0.762923 -33.040588 1.751223 -3.978613 4e-06 0.0 -0.0 0.08178 0.003042 -0.028953 0.13607 -0.051383 -0.024446 0.134827 0.054701 -0.027973 -137.413818 -71.993851 150.655319 41.943806 -44.327751 -19.068949 40.61845 -0.604059 0.554383 -23.336704 9.284135 -9.763105 17.636732 -26.322863 52.411446 -19.466873 -14.395734 29.410622 -3e-06 -8.77493 -2e-06 16.097929 -18.298487 6.007691 -0.609778 -1.795666 -3.889349 -4.807133 -11.046906 -2.937872 2.3e-05 -20.976255 -1.9e-05 -5.020011 -25.033928 -4.03196 6e-06 1e-06 -1e-06 -10.634611 -5.687012 -3.565596 10.573391 -17.923105 -3.113952 1.5e-05 -13.82136 -1.3e-05 -0.501724 -31.181993 -4.027114 -10.994938 -58.610802 6.93809 -13.982818 -7.150249 -2.875043 13.772869 -8.401565 -3.218284 0.347779 -34.211983 0.771623 -0.963019 -17.733637 2.621051 -3e-06 1e-06 -1e-06 -17.346556 -20.095358 -4.201787 21.757769 -1.638393 3.866449 5e-06 -6.338889 -5e-06 -1.697587 -22.592075 -6.194122 -0.0 -3e-06 -2e-06 69.816559 -80.871056 120.851349 48.837372 -52.340591 -20.197325 34.482533 -0.018128 0.640943 -10.515982 3.00729 -24.786991 22.182289 -20.375996 49.933502 -16.701965 -16.743677 28.476692 -1.2e-05 -12.69074 -6e-06 15.595537 -17.606483 3.148066 -0.105917 -1.513865 -4.275901 -5.039083 -5.612909 -2.95357 1.4e-05 -11.020625 -1e-06 -6.111358 -15.895509 -3.840513 -0.0 0.0 0.0 -10.283447 -5.680319 -4.341851 11.028406 -11.302488 -2.372652 -1.384274 -14.238706 -6.320169 -0.625416 -26.924524 -3.82763 -4.74754 -49.755756 -2.606105 -13.708628 -7.363514 -3.720946 18.141325 -14.052849 -3.2427 2.3e-05 -18.787441 3e-06 -0.429704 -8.456143 2.555539 1e-06 0.0 -2e-06 -15.92366 -20.094599 -5.473594 30.419487 -7.190901 1.735942 1e-05 -8.162998 -1e-06 -1.861899 -22.861748 -6.168014 0.0 -1e-06 0.0 -178.796753 -2.151574 -13.297929 14.844713 -0.019851 0.147132 -78.507866 8.242876 -0.805477 -4.41324 1.484377 2.187292 -1.0 0.0 1e-06 -0.166825 -6.35987 -22.613234 17.340223 0.050955 -0.009939 -78.56485 8.827909 -0.130599 -4.519489 0.640087 1.677627 -1.000005 0.0 0.0 
0.0 0.0 0.0 0.0 -0.0 0.0 -0.161135 99.775406 2.739828 90.9207 6.152501 91.438187 -4.347838 -0.980752 0.142294 -12.363996 -0.484121 -0.30399 18.256306 0.567796 -2.73015 17.412235 -3.804214 2.445487 -2.562723 -0.531259 -0.727544 -32.909161 1.79578 -3.950644 5e-06 -0.0 -0.0 0.084225 0.004413 -0.024521 0.138405 -0.055112 -0.021541 0.13597 0.061404 -0.021283 -137.368332 -71.972694 150.577713 41.69598 -44.325855 -18.891506 40.501202 -0.628578 0.52745 -23.251392 9.343385 -10.051922 17.636662 -26.322809 52.41143 -19.466911 -14.395809 29.410671 3e-06 -8.77496 1.6e-05 16.069399 -18.316902 6.04272 -0.609775 -1.79567 -3.889351 -4.807144 -11.046905 -2.937869 1.1e-05 -20.976242 -3.2e-05 -5.020048 -25.033918 -4.031971 6e-06 1e-06 -1e-06 -10.634621 -5.687019 -3.565584 10.573403 -17.923094 -3.113978 7e-06 -13.821358 -2.2e-05 -0.501743 -31.181995 -4.027145 -11.01933 -58.604641 6.958358 -13.982832 -7.150255 -2.875024 13.772896 -8.401548 -3.218312 0.347759 -34.211964 0.771599 -0.963027 -17.733627 2.621027 -1e-06 -0.0 -1e-06 -17.346586 -20.095364 -4.201767 21.757822 -1.638376 3.86642 -2e-06 -6.338887 -8e-06 -1.697617 -22.592073 -6.194129 -3e-06 -3e-06 -3e-06 69.079041 -80.7724 121.584198 49.034454 -52.191845 -20.15139 34.466419 -0.07473 0.620531 -10.47324 3.016296 -24.826511 22.18231 -20.375988 49.933746 -16.702078 -16.743719 28.476891 -4e-06 -12.690805 -2e-06 15.583635 -17.585049 3.163363 -0.10592 -1.513873 -4.275919 -5.039106 -5.612942 -2.953595 6e-06 -11.020684 -2.9e-05 -6.111395 -15.895648 -3.840591 -1e-06 2e-06 0.0 -10.283474 -5.680352 -4.341872 11.028436 -11.302529 -2.372685 -1.384281 -14.2388 -6.32025 -0.625373 -26.92473 -3.827765 -4.758894 -49.801067 -2.559242 -13.708665 -7.363556 -3.720966 18.141392 -14.052895 -3.242747 2.6e-05 -18.787546 -4.3e-05 -0.429703 -8.456194 2.555536 -1e-06 1e-06 -1e-06 -15.923714 -20.094692 -5.473637 30.419603 -7.190906 1.735938 7e-06 -8.163032 -1.4e-05 -1.861888 -22.861881 -6.168122 1e-06 -4e-06 -1e-06 -178.689468 -2.1667 -13.351336 14.769933 -0.020268 0.144989 -78.542549 8.088949 -0.899873 -4.4345 1.490434 2.182838 -1.000001 0.0 -0.0 -0.133696 -6.312558 -22.542797 17.246288 0.054381 -0.009351 -78.511848 8.980098 -0.08471 -4.543386 0.648873 1.682081 -1.000005 1e-06 -0.0 
0.0 0.0 0.0 0.0 -0.0 0.0 -0.144315 99.776978 2.785737 90.877174 6.161364 91.201584 -4.378226 -0.979444 0.132912 -12.368452 -0.478559 -0.31876 18.30471 0.615767 -2.736544 17.62171 -3.748472 2.408013 -2.557704 -0.502719 -0.673976 -32.789543 1.845911 -3.904577 5e-06 0.0 0.0 0.085065 0.003198 -0.026968 0.134668 -0.063842 -0.026216 0.129468 0.068118 -0.021202 -137.288513 -71.95388 150.441925 41.406006 -44.367981 -18.678972 40.409733 -0.667968 0.518221 -23.118105 9.350854 -10.297352 17.636766 -26.322968 52.411606 -19.466919 -14.395775 29.410706 3e-06 -8.774954 0.0 16.043013 -18.317749 6.064273 -0.60978 -1.79567 -3.889357 -4.807152 -11.046946 -2.937876 -4e-06 -20.97633 -7e-06 -5.020066 -25.034025 -4.03196 5e-06 1e-06 1e-06 -10.634634 -5.687033 -3.565605 10.573403 -17.923162 -3.113952 -1e-06 -13.821415 -6e-06 -0.501785 -31.18214 -4.027108 -11.006216 -58.612457 6.950105 -13.982854 -7.150274 -2.875048 13.7729 -8.401581 -3.21829 0.347732 -34.212124 0.771648 -0.963049 -17.733711 2.62106 -3e-06 -0.0 -1e-06 -17.346613 -20.095428 -4.201786 21.757822 -1.638381 3.866458 -2e-06 -6.338913 -2e-06 -1.69762 -22.592178 -6.194133 -2e-06 -4e-06 -3e-06 68.524208 -80.661583 122.124687 49.184143 -52.075333 -20.073566 34.50597 -0.137053 0.584896 -10.422366 3.007358 -24.775879 22.182392 -20.376068 49.93396 -16.702211 -16.74379 28.477062 -8e-06 -12.69088 0.0 15.595356 -17.570103 3.159056 -0.105919 -1.513885 -4.275938 -5.039131 -5.61298 -2.953613 9e-06 -11.020768 -3.7e-05 -6.111427 -15.895792 -3.840623 -1e-06 -1e-06 -1e-06 -10.283516 -5.68038 -4.341891 11.028495 -11.302603 -2.372711 -1.384277 -14.238905 -6.320302 -0.625347 -26.924969 -3.827823 -4.758318 -49.83392 -2.538407 -13.708718 -7.363592 -3.720982 18.141491 -14.052988 -3.242782 4e-05 -18.787689 -6.6e-05 -0.4297 -8.456264 2.555545 4e-06 0.0 1e-06 -15.923774 -20.094799 -5.473667 30.419746 -7.190953 1.735933 1e-05 -8.163084 -2.5e-05 -1.861862 -22.862085 -6.168211 -0.0 -1e-06 -0.0 -178.607712 -2.177982 -13.386691 14.746995 -0.020441 0.146452 -78.600014 7.913946 -0.975916 -4.440639 1.498996 2.1802 -1.000001 0.0 -0.0 -0.116824 -6.281274 -22.473152 17.200264 0.054791 -0.011205 -78.484161 9.107807 -0.06373 -4.564217 0.655951 1.68398 -1.000008 0.0 -0.0 
0.0 0.0 0.0 0.0 -0.0 0.0 -0.117481 99.771103 2.822189 90.84227 6.18435 90.992516 -4.392675 -0.980231 0.122359 -12.36886 -0.476756 -0.338381 18.347202 0.646549 -2.740353 17.826057 -3.68492 2.362477 -2.570136 -0.4772 -0.634949 -32.663036 1.897174 -3.842384 5e-06 -0.0 -0.0 0.082201 -0.000121 -0.034235 0.122049 -0.071981 -0.035386 0.117351 0.069881 -0.026613 -137.134125 -71.939293 150.263077 41.168499 -44.418686 -18.505493 40.333279 -0.698248 0.526278 -22.925667 9.328631 -10.52828 17.636759 -26.322916 52.411594 -19.466995 -14.3957 29.41074 -1e-05 -8.774934 0.0 16.016579 -18.306444 6.089613 -0.609783 -1.795684 -3.889362 -4.807128 -11.046973 -2.937896 2.8e-05 -20.976404 -4.1e-05 -5.020002 -25.03413 -4.031977 7e-06 3e-06 1e-06 -10.634614 -5.68704 -3.565618 10.5734 -17.923222 -3.113978 2.2e-05 -13.821452 -2.9e-05 -0.501695 -31.182262 -4.027162 -10.954709 -58.619095 6.914308 -13.982827 -7.150283 -2.875065 13.772875 -8.401624 -3.218297 0.34781 -34.212246 0.771575 -0.963006 -17.733772 2.621041 -2e-06 -3e-06 -0.0 -17.346558 -20.095472 -4.201822 21.757771 -1.638398 3.866456 8e-06 -6.338932 -1.4e-05 -1.69755 -22.592262 -6.194175 -1e-06 -2e-06 -1e-06 68.215652 -80.54512 122.43042 49.343582 -51.983364 -19.947214 34.572941 -0.131792 0.560514 -10.398388 2.934388 -24.666903 22.182318 -20.376148 49.93404 -16.702158 -16.743711 28.477085 -5e-06 -12.690811 8e-06 15.619752 -17.563866 3.145097 -0.105923 -1.513885 -4.275939 -5.039114 -5.612982 -2.953619 4e-06 -11.020779 -3e-05 -6.111394 -15.895812 -3.840612 -0.0 0.0 -0.0 -10.283476 -5.680381 -4.341903 11.028438 -11.30261 -2.372699 -1.384272 -14.238927 -6.320299 -0.62538 -26.925016 -3.827811 -4.762897 -49.863686 -2.527051 -13.708664 -7.363597 -3.720997 18.141399 -14.052992 -3.242769 2.6e-05 -18.787703 -5.2e-05 -0.429716 -8.456271 2.555549 -1e-06 -1e-06 -3e-06 -15.923701 -20.094809 -5.473681 30.419598 -7.190933 1.735922 7e-06 -8.1631 -2.2e-05 -1.861867 -22.862135 -6.168194 2e-06 -5e-06 -3e-06 -178.552658 -2.178964 -13.37919 14.790097 -0.019465 0.151269 -78.683716 7.729209 -1.035089 -4.436559 1.505533 2.178759 -1.000005 0.0 0.0 -0.114229 -6.276937 -22.421104 17.217459 0.051841 -0.009396 -78.485039 9.220785 -0.052887 -4.565222 0.657657 1.683151 -1.000006 0.0 0.0 
0.0 0.0 0.0 0.0 -0.0 0.0 -0.087559 99.764412 2.855828 90.809563 6.215055 90.820305 -4.39521 -0.980331 0.112251 -12.36966 -0.467536 -0.348195 18.381367 0.652559 -2.746558 18.008585 -3.634701 2.312551 -2.582463 -0.469161 -0.615741 -32.499901 1.966513 -3.817333 6e-06 -0.0 -0.0 0.079085 -0.00284 -0.039128 0.110741 -0.07528 -0.040883 0.110289 0.067758 -0.030931 -136.974792 -71.902252 150.088577 40.95079 -44.452316 -18.33544 40.308464 -0.726509 0.541897 -22.751656 9.323241 -10.694241 17.636673 -26.32287 52.411503 -19.466906 -14.395794 29.4107 -0.0 -8.774956 1.1e-05 15.985009 -18.276302 6.121915 -0.609772 -1.795666 -3.889354 -4.807143 -11.046915 -2.937872 6e-06 -20.976284 -1.8e-05 -5.020055 -25.033993 -4.031966 7e-06 1e-06 -1e-06 -10.634622 -5.687018 -3.56559 10.573402 -17.923117 -3.113968 7e-06 -13.821383 -1.2e-05 -0.501757 -31.182085 -4.027124 -10.914686 -58.618195 6.904179 -13.982831 -7.150256 -2.875033 13.772898 -8.401562 -3.218306 0.347751 -34.212044 0.771626 -0.963038 -17.733679 2.621048 0.0 -3e-06 0.0 -17.346584 -20.095371 -4.201774 21.757816 -1.63838 3.866431 -3e-06 -6.338902 -4e-06 -1.697606 -22.59215 -6.194142 -4e-06 -4e-06 -2e-06 68.035004 -80.434143 122.630226 49.49538 -51.893894 -19.724075 34.612499 -0.042337 0.562118 -10.38657 2.810224 -24.710833 22.182226 -20.375916 49.933487 -16.701982 -16.743677 28.476702 -2.4e-05 -12.69073 3e-06 15.650991 -17.575573 3.140415 -0.105912 -1.513865 -4.2759 -5.039075 -5.612896 -2.953572 2.6e-05 -11.02059 -2.1e-05 -6.111328 -15.895455 -3.840531 -1e-06 -0.0 -1e-06 -10.283435 -5.680312 -4.341849 11.028399 -11.302459 -2.37267 -1.384253 -14.238658 -6.320181 -0.625336 -26.924412 -3.827674 -4.77715 -49.900517 -2.511929 -13.708615 -7.363504 -3.720944 18.141321 -14.052813 -3.242726 4.8e-05 -18.787371 -2.5e-05 -0.429689 -8.456103 2.555524 0.0 1e-06 -1e-06 -15.923638 -20.094564 -5.473606 30.419474 -7.190894 1.735914 1.7e-05 -8.162962 -5e-06 -1.861863 -22.861616 -6.16801 0.0 0.0 1e-06 -178.501923 -2.17382 -13.329677 14.84332 -0.021757 0.153432 -78.766418 7.592464 -1.079717 -4.437868 1.51083 2.17805 -1.000003 -0.0 -0.0 -0.09694 -6.273529 -22.390591 17.231564 0.044185 -0.002363 -78.488396 9.292995 -0.023975 -4.562239 0.653615 1.679649 -1.000005 -0.0 0.0 
0.0 0.0 0.0 0.0 -0.0 0.0 -0.061941 99.760941 2.888865 90.781792 6.247092 90.687019 -4.383926 -0.974882 0.095992 -12.375846 -0.456166 -0.346643 18.406672 0.633927 -2.756697 18.16651 -3.602784 2.258884 -2.590471 -0.470243 -0.612117 -32.315395 2.038187 -3.804197 7e-06 0.0 0.0 0.075483 -0.003313 -0.037847 0.10195 -0.072744 -0.040047 0.10586 0.064283 -0.028754 -136.803986 -71.854591 149.909302 40.765938 -44.476028 -18.169537 40.320969 -0.723057 0.559844 -22.609711 9.338933 -10.799877 17.636639 -26.322836 52.411469 -19.466854 -14.395664 29.410641 -3e-06 -8.774883 8e-06 15.966283 -18.238863 6.147748 -0.609781 -1.795668 -3.889348 -4.807114 -11.04691 -2.93788 7e-06 -20.976263 -2.6e-05 -5.020003 -25.033949 -4.03195 6e-06 0.0 -1e-06 -10.634573 -5.687015 -3.565604 10.573335 -17.923105 -3.113955 6e-06 -13.821367 -1.6e-05 -0.501743 -31.18203 -4.027115 -10.921693 -58.627415 6.943797 -13.982762 -7.150251 -2.875055 13.772795 -8.401559 -3.218283 0.34775 -34.211975 0.77161 -0.963039 -17.733631 2.621035 -2e-06 -1e-06 0.0 -17.346483 -20.095369 -4.201807 21.757669 -1.638375 3.866433 -1e-06 -6.338892 -7e-06 -1.697576 -22.592089 -6.194126 -1e-06 -4e-06 -3e-06 67.918243 -80.346527 122.807022 49.66523 -51.786404 -19.52519 34.55941 0.070221 0.581465 -10.368771 2.723403 -24.810778 22.182188 -20.375938 49.93362 -16.701981 -16.743591 28.476774 -4e-06 -12.690688 3e-06 15.672606 -17.590115 3.1457 -0.105922 -1.513871 -4.275907 -5.03907 -5.612924 -2.953587 4e-06 -11.020638 -2.6e-05 -6.111326 -15.895561 -3.840556 1e-06 -1e-06 -1e-06 -10.283418 -5.680337 -4.341866 11.028353 -11.302493 -2.37267 -1.384267 -14.238739 -6.320214 -0.625387 -26.924585 -3.827725 -4.805998 -49.932983 -2.479422 -13.708591 -7.363537 -3.720965 18.141253 -14.052851 -3.242727 2.7e-05 -18.78746 -4.7e-05 -0.429708 -8.456143 2.555516 3e-06 0.0 -0.0 -15.923608 -20.094645 -5.473634 30.419371 -7.190867 1.735924 6e-06 -8.162998 -1.7e-05 -1.861861 -22.861771 -6.168081 0.0 -5e-06 -1e-06 -178.439102 -2.163908 -13.258779 14.861997 -0.023817 0.154748 -78.825157 7.513333 -1.092519 -4.438589 1.519815 2.179415 -1.000005 0.0 -0.0 -0.057084 -6.266493 -22.386412 17.216242 0.036486 0.000167 -78.482323 9.334157 0.030108 -4.565503 0.637404 1.672438 -1.000008 -0.0 0.0 
0.0 0.0 0.0 0.0 -0.0 0.0 -0.04847 99.753357 2.920148 90.759216 6.28419 90.592812 -4.346007 -0.967239 0.07861 -12.384739 -0.451282 -0.339187 18.420332 0.605921 -2.762338 18.301731 -3.581552 2.219303 -2.590286 -0.474551 -0.611731 -32.124477 2.066683 -3.782475 4e-06 0.0 0.0 0.072045 -0.003909 -0.035507 0.091499 -0.068867 -0.039091 0.09664 0.059313 -0.024643 -136.597809 -71.830719 149.704193 40.658283 -44.530201 -18.063446 40.37389 -0.665852 0.571054 -22.518049 9.379642 -10.808356 17.636637 -26.322729 52.411278 -19.4667 -14.395597 29.410475 -1e-06 -8.774839 -4e-06 15.958485 -18.201733 6.156486 -0.609782 -1.795655 -3.88933 -4.807094 -11.046826 -2.937865 1e-05 -20.976076 -1.5e-05 -5.019956 -25.033689 -4.031933 6e-06 1e-06 2e-06 -10.634536 -5.686977 -3.565596 10.573283 -17.922972 -3.113913 7e-06 -13.821251 -5e-06 -0.501745 -31.181702 -4.027067 -10.957914 -58.644249 7.010492 -13.982718 -7.150204 -2.87505 13.772738 -8.401502 -3.218248 0.347748 -34.211662 0.771636 -0.963035 -17.733467 2.621038 -1e-06 -1e-06 -1e-06 -17.346426 -20.095234 -4.201799 21.757572 -1.638375 3.866439 3e-06 -6.338841 -1e-06 -1.697569 -22.591873 -6.19407 -4e-06 -4e-06 -3e-06 67.81987 -80.306892 122.993813 49.846573 -51.691616 -19.472681 34.413628 0.159601 0.597564 -10.302839 2.747568 -24.891973 22.182129 -20.376022 49.933491 -16.701836 -16.74358 28.476665 3e-06 -12.690637 1.4e-05 15.69945 -17.603409 3.135182 -0.105923 -1.513857 -4.275893 -5.039052 -5.612891 -2.953566 -3e-06 -11.020587 9e-06 -6.11133 -15.895469 -3.840488 1e-06 -0.0 -0.0 -10.283382 -5.6803 -4.34185 11.028307 -11.302437 -2.372633 -1.384276 -14.238655 -6.320147 -0.625471 -26.924425 -3.82761 -4.823372 -49.931847 -2.469296 -13.708541 -7.363492 -3.72095 18.141172 -14.052777 -3.242681 -1.5e-05 -18.78739 1.9e-05 -0.429734 -8.456126 2.555535 1e-06 -2e-06 -2e-06 -15.923554 -20.094528 -5.473592 30.419262 -7.190823 1.73592 -1.1e-05 -8.162977 9e-06 -1.861939 -22.861706 -6.167975 1e-06 -1e-06 -2e-06 -178.394165 -2.170029 -13.203675 14.918921 -0.020677 0.162306 -78.894341 7.484328 -1.081031 -4.426349 1.534697 2.183094 -1.000002 -0.0 0.0 -0.020482 -6.266291 -22.414644 17.238073 0.032247 0.002115 -78.500252 9.364598 0.100498 -4.543412 0.615016 1.664113 -1.000007 -1e-06 1e-06 
0.0 0.0 0.0 0.0 -0.0 0.0 -0.051451 99.74176 2.942508 90.743454 6.311654 90.552238 -4.28839 -0.964578 0.060762 -12.390987 -0.45754 -0.32927 18.428411 0.573059 -2.75727 18.407104 -3.560457 2.199023 -2.585902 -0.476059 -0.610463 -31.91831 2.067633 -3.738006 5e-06 -0.0 0.0 0.068726 -0.005385 -0.036452 0.084173 -0.06854 -0.0429 0.088106 0.056184 -0.022661 -136.406281 -71.820076 149.510605 40.623821 -44.585369 -18.004454 40.499565 -0.571702 0.573318 -22.485016 9.441827 -10.688621 17.636707 -26.322906 52.411583 -19.466944 -14.395785 29.410748 9e-06 -8.774964 9e-06 15.96114 -18.181881 6.146903 -0.609778 -1.795672 -3.889359 -4.807161 -11.046952 -2.937881 -9e-06 -20.976355 -3.2e-05 -5.02007 -25.034098 -4.032002 5e-06 1e-06 1e-06 -10.634634 -5.687037 -3.565599 10.573405 -17.923157 -3.113976 -3e-06 -13.821417 -2.6e-05 -0.501754 -31.182171 -4.027183 -11.002896 -58.673744 7.073427 -13.982852 -7.15028 -2.87504 13.772902 -8.401576 -3.218307 0.347739 -34.212143 0.771595 -0.963037 -17.733723 2.621027 -1e-06 0.0 -2e-06 -17.346619 -20.095434 -4.201781 21.757843 -1.638366 3.866448 -3e-06 -6.338919 -1.1e-05 -1.697614 -22.592226 -6.194186 -3e-06 -3e-06 -3e-06 67.703865 -80.328842 123.184372 49.983528 -51.634525 -19.519215 34.204342 0.203573 0.594195 -10.164408 2.84166 -25.006378 22.182261 -20.375917 49.933548 -16.702015 -16.743713 28.476765 -2e-06 -12.690772 4e-06 15.738347 -17.609077 3.09988 -0.105916 -1.513867 -4.275906 -5.039095 -5.61292 -2.953575 3e-06 -11.020632 -2e-05 -6.111382 -15.895551 -3.840544 -3e-06 1e-06 -0.0 -10.283463 -5.680332 -4.341851 11.02841 -11.30248 -2.372677 -1.384282 -14.238719 -6.320202 -0.625385 -26.924543 -3.82772 -4.796413 -49.901829 -2.509582 -13.708651 -7.363531 -3.720943 18.141354 -14.052832 -3.242736 1.8e-05 -18.787447 -3.8e-05 -0.429707 -8.456139 2.555519 1e-06 -0.0 -1e-06 -15.923694 -20.094622 -5.473602 30.419546 -7.190875 1.735927 7e-06 -8.162992 -1.4e-05 -1.861902 -22.861755 -6.16808 1e-06 -1e-06 -1e-06 -178.39563 -2.197738 -13.186491 15.026782 -0.015612 0.17485 -78.971512 7.505672 -1.051109 -4.393343 1.544566 2.187963 -1.000003 -0.0 -0.0 -0.010284 -6.272024 -22.478476 17.306904 0.029847 0.001705 -78.544151 9.387725 0.138749 -4.48983 0.593613 1.659095 -1.000007 -1e-06 0.0 
0.0 0.0 0.0 0.0 -0.0 0.0 -0.064623 99.731323 2.963816 90.725815 6.311984 90.553825 -4.225987 -0.963318 0.055641 -12.392012 -0.47302 -0.324233 18.438644 0.541959 -2.731312 18.47986 -3.537157 2.202489 -2.580845 -0.471833 -0.631068 -31.724241 2.075526 -3.697629 7e-06 -0.0 -0.0 0.067111 -0.009598 -0.045417 0.085759 -0.072369 -0.054693 0.08947 0.051542 -0.029165 -136.303391 -71.816063 149.396011 40.644604 -44.606201 -17.95265 40.687046 -0.441142 0.576669 -22.480608 9.427433 -10.471477 17.636717 -26.322874 52.411583 -19.466993 -14.395689 29.410757 -1.1e-05 -8.774924 2e-06 15.973229 -18.182964 6.145368 -0.609782 -1.795681 -3.889361 -4.807124 -11.046963 -2.937903 3.8e-05 -20.976374 -6.5e-05 -5.019965 -25.034098 -4.032014 7e-06 1e-06 0.0 -10.634609 -5.687039 -3.565616 10.573394 -17.923201 -3.113992 2.8e-05 -13.821432 -4e-05 -0.501646 -31.182198 -4.027196 -11.068587 -58.728916 7.155801 -13.982809 -7.150281 -2.875064 13.772862 -8.401611 -3.218304 0.347832 -34.212181 0.771535 -0.962991 -17.733744 2.621025 -1e-06 -0.0 1e-06 -17.346539 -20.095459 -4.201826 21.757748 -1.638394 3.866452 9e-06 -6.338922 -1.9e-05 -1.697532 -22.592228 -6.194206 1e-06 -4e-06 -1e-06 67.690094 -80.38871 123.265297 50.062443 -51.60358 -19.568531 34.021046 0.227441 0.581816 -10.013458 2.974626 -25.148952 22.182272 -20.375971 49.933811 -16.70216 -16.743687 28.476976 -1.3e-05 -12.690789 9e-06 15.767495 -17.62557 3.065018 -0.105916 -1.513886 -4.275927 -5.039096 -5.612966 -2.953606 1.4e-05 -11.020733 -4.4e-05 -6.11137 -15.895734 -3.840605 -1e-06 -0.0 0.0 -10.283459 -5.680369 -4.341882 11.028427 -11.30257 -2.372707 -1.384261 -14.238857 -6.320279 -0.625334 -26.924847 -3.82782 -4.736173 -49.871479 -2.590941 -13.708644 -7.363577 -3.720978 18.141375 -14.052946 -3.24278 4.7e-05 -18.787603 -7.9e-05 -0.429701 -8.456219 2.555525 3e-06 -1e-06 -0.0 -15.923677 -20.094761 -5.473663 30.419559 -7.190924 1.735908 1.2e-05 -8.163056 -3.2e-05 -1.861833 -22.86198 -6.168187 2e-06 -4e-06 2e-06 -178.441528 -2.242869 -13.192726 15.153301 -0.013886 0.187139 -79.047523 7.532793 -1.043473 -4.350952 1.553717 2.192815 -0.999998 -0.0 -0.0 -0.02037 -6.267095 -22.573219 17.372244 0.025178 0.004325 -78.590195 9.407551 0.1531 -4.428791 0.581521 1.66108 -1.000004 0.0 0.0 
0.0 0.0 0.0 0.0 -0.0 0.0 -0.07112 99.724083 3.004495 90.698769 6.264318 90.5653 -4.171881 -0.959041 0.060847 -12.392023 -0.488177 -0.324712 18.438107 0.515598 -2.674766 18.547684 -3.51062 2.226479 -2.58099 -0.463476 -0.704883 -31.588337 2.101666 -3.64662 6e-06 -0.0 0.0 0.069954 -0.014846 -0.058788 0.096389 -0.078098 -0.069224 0.099104 0.046717 -0.041594 -136.284592 -71.810593 149.358475 40.684597 -44.578907 -17.882017 40.869896 -0.314046 0.553602 -22.458872 9.326825 -10.283213 17.63669 -26.322813 52.411404 -19.466799 -14.395688 29.410572 -0.0 -8.774899 -1e-06 16.007805 -18.18465 6.144102 -0.609777 -1.795663 -3.889343 -4.80712 -11.046873 -2.937871 1.5e-05 -20.976183 -2.1e-05 -5.019997 -25.033836 -4.03196 7e-06 1e-06 -1e-06 -10.634586 -5.686997 -3.565598 10.573348 -17.923046 -3.113937 1e-05 -13.82131 -1e-05 -0.501742 -31.181849 -4.027098 -11.150681 -58.799721 7.248604 -13.982783 -7.150233 -2.875048 13.772824 -8.401538 -3.218271 0.347766 -34.211842 0.771624 -0.963024 -17.733564 2.621045 -4e-06 1e-06 -3e-06 -17.346518 -20.095312 -4.201793 21.757708 -1.638383 3.866446 1e-06 -6.338868 -3e-06 -1.697586 -22.591988 -6.19411 -1e-06 -4e-06 -2e-06 67.736725 -80.466629 123.264824 50.041492 -51.586037 -19.452564 33.903137 0.266205 0.584524 -9.972401 3.104341 -25.401777 22.182278 -20.376007 49.933643 -16.701998 -16.74369 28.47681 -1e-06 -12.690768 -2e-06 15.779392 -17.644068 3.05531 -0.105919 -1.513867 -4.275908 -5.039097 -5.612926 -2.953586 6e-06 -11.020662 -1.2e-05 -6.111389 -15.895613 -3.84056 3e-06 1e-06 0.0 -10.283446 -5.680328 -4.341864 11.028406 -11.302498 -2.372664 -1.384286 -14.238754 -6.320214 -0.625414 -26.924654 -3.827703 -4.681152 -49.853893 -2.655744 -13.708627 -7.36353 -3.72096 18.141338 -14.052861 -3.242718 1.2e-05 -18.787508 -1.8e-05 -0.429712 -8.456182 2.555541 1e-06 -1e-06 0.0 -15.923666 -20.094622 -5.473621 30.419525 -7.190888 1.735945 2e-06 -8.163023 -4e-06 -1.861915 -22.861866 -6.168078 1e-06 -4e-06 -1e-06 -178.533691 -2.292518 -13.201333 15.289729 -0.019518 0.197395 -79.137238 7.54365 -1.073437 -4.33597 1.554536 2.196392 -1.000001 0.0 0.0 -0.056068 -6.254166 -22.688875 17.413786 0.021011 0.012494 -78.632072 9.465919 0.157329 -4.387773 0.572127 1.667004 -1.000003 -0.0 -0.0 
0.0 0.0 0.0 0.0 -0.0 0.0 -0.06274 99.719513 3.050275 90.662979 6.170412 90.593773 -4.136619 -0.954153 0.067522 -12.384505 -0.491436 -0.318454 18.420895 0.500264 -2.62253 18.621567 -3.495607 2.225264 -2.591405 -0.466377 -0.722933 -31.512373 2.146274 -3.639921 6e-06 -0.0 -0.0 0.071508 -0.021017 -0.074118 0.109332 -0.083748 -0.083401 0.10928 0.040124 -0.057947 -136.306351 -71.790611 149.369781 40.663868 -44.533966 -17.848785 41.089531 -0.24867 0.485604 -22.410099 9.268517 -10.135864 17.636717 -26.322893 52.41164 -19.466972 -14.395785 29.410784 6e-06 -8.77497 7e-06 16.080832 -18.206499 6.135654 -0.609778 -1.795674 -3.889363 -4.807163 -11.04696 -2.937891 -2e-06 -20.976368 -4.4e-05 -5.020056 -25.034122 -4.032022 6e-06 2e-06 -1e-06 -10.634643 -5.687042 -3.565607 10.57341 -17.923174 -3.113984 -0.0 -13.821435 -2.9e-05 -0.501739 -31.182236 -4.027197 -11.219236 -58.857723 7.315618 -13.982861 -7.150289 -2.875049 13.77291 -8.401582 -3.218311 0.34775 -34.212173 0.77158 -0.963029 -17.733746 2.621028 -3e-06 0.0 -1e-06 -17.346622 -20.095455 -4.2018 21.757849 -1.63837 3.866455 -3e-06 -6.338924 -1.2e-05 -1.697606 -22.592253 -6.194201 -4e-06 -1e-06 -2e-06 67.840736 -80.564667 123.122879 49.904224 -51.641563 -19.183409 33.866341 0.306602 0.603004 -10.102733 3.189742 -25.800161 22.182381 -20.376043 49.933876 -16.702166 -16.743835 28.477013 8e-06 -12.690901 4e-06 15.784407 -17.656658 3.062665 -0.105919 -1.513879 -4.275931 -5.039139 -5.61297 -2.953599 -6e-06 -11.020748 -2.3e-05 -6.11147 -15.895771 -3.840596 2e-06 -2e-06 0.0 -10.283522 -5.680375 -4.341875 11.028494 -11.302569 -2.3727 -1.384307 -14.238877 -6.320272 -0.625424 -26.924915 -3.827778 -4.675969 -49.852509 -2.655488 -13.70873 -7.363587 -3.720964 18.141489 -14.052941 -3.242768 8e-06 -18.787649 -4.4e-05 -0.429721 -8.456247 2.555547 0.0 -1e-06 0.0 -15.923802 -20.094767 -5.473633 30.419785 -7.190916 1.735941 -0.0 -8.163074 -1.8e-05 -1.861933 -22.862062 -6.168179 -2e-06 -2e-06 0.0 -178.686493 -2.343578 -13.199764 15.448459 -0.027239 0.207066 -79.236435 7.548837 -1.092467 -4.359977 1.547044 2.198196 -1.000002 0.0 -0.0 -0.127179 -6.23588 -22.775106 17.435436 0.024403 0.01764 -78.664352 9.510804 0.178715 -4.398263 0.574403 1.67473 -1.00001 0.0 0.0 
0.0 0.0 0.0 0.0 -0.0 0.0 -0.060713 99.717484 3.035472 90.62999 6.03531 90.644775 -4.108273 -0.966168 0.0827 -12.355033 -0.485612 -0.305682 18.388311 0.510331 -2.601758 18.690559 -3.468512 2.128478 -2.621455 -0.482372 -0.573603 -31.475069 2.174736 -3.684915 6e-06 0.0 0.0 0.066118 -0.029024 -0.092219 0.112336 -0.09131 -0.100229 0.110195 0.031708 -0.077345 -136.430969 -71.755295 149.495377 40.585537 -44.470558 -17.855356 41.373577 -0.184791 0.402928 -22.347635 9.213009 -9.942681 17.636723 -26.322878 52.411472 -19.466858 -14.395727 29.410624 2e-06 -8.774928 -1e-06 16.192371 -18.28953 6.129775 -0.609782 -1.795668 -3.889349 -4.807135 -11.046911 -2.937872 -1e-06 -20.976271 -9e-06 -5.02005 -25.03396 -4.03195 6e-06 1e-06 -0.0 -10.634613 -5.687017 -3.565598 10.573375 -17.923109 -3.113944 -2e-06 -13.821368 -8e-06 -0.501768 -31.182028 -4.027105 -11.234702 -58.933941 7.329228 -13.982819 -7.150254 -2.875044 13.77286 -8.401557 -3.218278 0.347732 -34.211998 0.771645 -0.963042 -17.733652 2.621053 -4e-06 -0.0 -3e-06 -17.346563 -20.095369 -4.201783 21.757765 -1.638378 3.866452 -1e-06 -6.338895 -1e-06 -1.697617 -22.592098 -6.194107 -4e-06 -5e-06 -4e-06 68.136879 -80.662491 122.764183 49.787399 -51.736916 -19.160486 33.908188 0.299435 0.631276 -10.27118 3.248729 -26.131367 22.182219 -20.375996 49.933636 -16.701996 -16.743675 28.476807 -3e-06 -12.690738 1.2e-05 15.778294 -17.681259 3.098684 -0.105919 -1.513868 -4.275909 -5.039082 -5.612926 -2.953581 1e-06 -11.020653 -1.2e-05 -6.111366 -15.895585 -3.840538 -1e-06 1e-06 -0.0 -10.283441 -5.680333 -4.341859 11.028389 -11.302497 -2.372672 -1.384278 -14.238746 -6.320208 -0.625408 -26.924612 -3.827707 -4.767012 -49.851692 -2.548813 -13.708616 -7.363533 -3.720955 18.141314 -14.052854 -3.242732 1.4e-05 -18.787487 -2.4e-05 -0.429721 -8.456168 2.555531 1e-06 1e-06 0.0 -15.923656 -20.094635 -5.473613 30.419477 -7.190872 1.735915 2e-06 -8.16301 -9e-06 -1.8619 -22.861807 -6.168065 -1e-06 -4e-06 0.0 -178.941406 -2.397665 -13.169003 15.632998 -0.033054 0.227202 -79.301277 7.528216 -1.065863 -4.399233 1.53022 2.193014 -1.000005 -0.0 0.0 -0.295029 -6.228988 -22.886518 17.494675 0.033922 0.035407 -78.664589 9.515925 0.241831 -4.512798 0.592158 1.679389 -1.000007 -0.0 -0.0 
